LABEL,ID,TRACK_ID,QUALITY,POSITION_X,POSITION_Y,POSITION_Z,POSITION_T,FRAME,RADIUS,VISIBILITY,MANUAL_SPOT_COLOR,MEAN_INTENSITY_CH1,MEDIAN_INTENSITY_CH1,MIN_INTENSITY_CH1,MAX_INTENSITY_CH1,TOTAL_INTENSITY_CH1,STD_INTENSITY_CH1,CONTRAST_CH1,SNR_CH1
ID339426,339426,1189,43.3156929,18.29014457,27.13854612,0,75.05,1501,0.15000000000000002,1,,129.52380952380952,128.0,106.0,179.0,2720.0,16.981222122153184,0.05508145849495731,0.7963978933039672
ID339489,339489,1189,49.28512955,18.28527932,27.11847256,0,75.1,1502,0.15000000000000002,1,,127.71428571428571,125.0,106.0,177.0,2682.0,16.39555688942238,0.054867256637168106,0.8103240637276297
ID339473,339473,1189,44.90094376,18.21262283,27.12325635,0,75.15,1503,0.15000000000000002,1,,132.95238095238096,133.0,109.0,167.0,2792.0,15.926318439853544,0.052988874222138466,0.840178628318036
ID339455,339455,1189,65.35549927,18.25550762,27.07890344,0,75.2,1504,0.15000000000000002,1,,137.33333333333334,127.0,111.0,187.0,2884.0,25.08053694268393,0.0758685008160411,0.7722740411543559
ID339524,339524,1189,73.47079468,18.26192099,27.10483146,0,75.25,1505,0.15000000000000002,1,,140.33333333333334,132.0,113.0,199.0,2947.0,24.789782841592892,0.08121990369181382,0.8504847931930739
ID339558,339558,1189,57.60709,18.24911142,27.10811516,0,75.3,1506,0.15000000000000002,1,,138.33333333333334,132.0,113.0,189.0,2905.0,21.017453064853825,0.068014705882353,0.8383055532314174
ID339507,339507,1189,53.77770233,18.2467237,27.12025564,0,75.35,1507,0.15000000000000002,1,,135.85714285714286,133.0,109.0,180.0,2853.0,20.540899966373708,0.055933379597501776,0.7006926262441688
ID339540,339540,1189,54.27125549,18.22745866,27.07874931,0,75.4,1508,0.15000000000000002,1,,130.42857142857142,127.0,109.0,173.0,2739.0,18.285435265728374,0.06270915175323723,0.8418097200949497
ID339578,339578,1189,41.80842209,18.23145234,27.09978893,0,75.45,1509,0.15000000000000002,1,,131.71428571428572,128.0,111.0,164.0,2766.0,14.788992045243845,0.06175327479487554,1.0360022187148292
ID339614,339614,1189,45.14476013,18.27492852,27.06612758,0,75.5,1510,0.15000000000000002,1,,131.71428571428572,132.0,112.0,162.0,2766.0,15.601739829720458,0.06620410523272624,1.0484178710622647
ID339634,339634,1189,32.48666,18.24983244,27.14168198,0,75.55,1511,0.15000000000000002,1,,128.66666666666666,131.0,107.0,165.0,2702.0,15.640758719874599,0.056242365013437566,0.8760688146777326
ID339690,339690,1189,41.84377289,18.34336237,27.33402395,0,75.6,1512,0.15000000000000002,1,,133.76190476190476,133.0,109.0,176.0,2809.0,17.282664036266983,0.0629079557279349,0.9161396240827056
ID339711,339711,1189,38.42208481,18.3216982,27.35457963,0,75.65,1513,0.15000000000000002,1,,128.04761904761904,125.0,108.0,166.0,2689.0,14.224894342230423,0.04875195007800309,0.8368963324683131
ID339729,339729,1189,41.36665344,18.24366764,27.32581841,0,75.7,1514,0.15000000000000002,1,,134.9047619047619,131.0,107.0,166.0,2833.0,15.381497852630483,0.06323888159129289,1.0433066533162527
ID339751,339751,1189,55.68660355,18.20596164,27.28919752,0,75.75,1515,0.15000000000000002,1,,130.1904761904762,122.0,107.0,174.0,2734.0,18.457028600560406,0.05963858340196699,0.7939935632064282
ID339650,339650,1189,49.71331787,18.1956187,27.38865082,0,75.8,1516,0.15000000000000002,1,,133.95238095238096,133.0,109.0,178.0,2813.0,16.399622527595536,0.06331506331506336,0.9727285445465588
ID339673,339673,1189,47.49906158,18.19585595,27.45294903,0,75.85,1517,0.15000000000000002,1,,130.52380952380952,127.0,105.0,166.0,2741.0,16.995937890034334,0.058607704933861145,0.8503432435379271
ID339770,339770,1189,48.4622879,18.19257849,27.52973306,0,75.9,1518,0.15000000000000002,1,,131.33333333333334,131.0,108.0,165.0,2758.0,16.39003762452464,0.06000480422772046,0.9072003347203348
ID339809,339809,1189,48.94944382,18.14538284,27.47668433,0,75.95,1519,0.15000000000000002,1,,130.8095238095238,127.0,104.0,170.0,2747.0,19.348434168219008,0.05847220884307863,0.7469535171026841
ID339865,339865,1189,50.7158699,18.28983554,27.43288125,0,76,1520,0.15000000000000002,1,,133.23809523809524,133.0,111.0,167.0,2798.0,18.0108432948176,0.06687002526095037,0.9273514115347866
ID339789,339789,1189,39.19895935,18.23122497,27.49418843,0,76.05,1521,0.15000000000000002,1,,136.1904761904762,133.0,115.0,162.0,2860.0,12.60404319105202,0.05774120475243869,1.1797045911111768
ID339829,339829,1189,51.35931015,18.32093999,27.43420758,0,76.1,1522,0.15000000000000002,1,,133.23809523809524,128.0,104.0,167.0,2798.0,18.01361918633999,0.06322139362561158,0.8796254617869236
ID339847,339847,1189,62.04827118,18.33164115,27.40735718,0,76.15,1523,0.15000000000000002,1,,135.76190476190476,131.0,111.0,184.0,2851.0,20.007260586858866,0.07696666351874584,0.9698859981614525
ID339886,339886,1189,63.37691116,18.29550298,27.47612969,0,76.2,1524,0.15000000000000002,1,,136.9047619047619,131.0,112.0,183.0,2875.0,20.61529714048469,0.07536936599962596,0.9308852576657549
ID340109,340109,1189,44.43136978,18.24278496,27.54386573,0,76.25,1525,0.15000000000000002,1,,132.76190476190476,129.0,110.0,179.0,2788.0,19.180471219197827,0.06189297276709195,0.8068722764589993
ID339919,339919,1189,32.66297531,18.33185147,27.37673998,0,76.3,1526,0.15000000000000002,1,,128.42857142857142,127.0,107.0,161.0,2697.0,13.738891616762352,0.04824369625419029,0.8604353903633416
ID340091,340091,1189,45.95638275,18.33444317,27.31055057,0,76.35,1527,0.15000000000000002,1,,131.1904761904762,130.0,107.0,172.0,2755.0,16.07364005948574,0.05248077933241014,0.8139620698805129
ID339938,339938,1189,43.0133667,18.34819498,27.25554024,0,76.4,1528,0.15000000000000002,1,,133.04761904761904,133.0,108.0,163.0,2794.0,17.197314297518055,0.05453859218720507,0.8002356951684535
ID339903,339903,1189,38.6730957,18.41532789,27.19499054,0,76.45,1529,0.15000000000000002,1,,132.28571428571428,130.0,113.0,158.0,2778.0,13.968331529366194,0.05421943930553575,0.9741423181813801
ID339953,339953,1189,50.06403351,18.2709921,27.15109347,0,76.5,1530,0.15000000000000002,1,,134.9047619047619,131.0,110.0,176.0,2833.0,19.854230687449874,0.07504031875533629,0.9485803620302514
ID339969,339969,1189,41.71440506,18.23559787,27.1505255,0,76.55,1531,0.15000000000000002,1,,133.66666666666666,133.0,108.0,176.0,2807.0,17.539479277713273,0.06862091938707525,0.9787443740407771
ID339986,339986,1189,38.82664108,18.2586266,27.15851374,0,76.6,1532,0.15000000000000002,1,,129.8095238095238,125.0,106.0,159.0,2726.0,15.302349648400561,0.05159610377085539,0.8324274069522809
ID339998,339998,1189,38.50012589,18.44669995,26.9502924,0,76.65,1533,0.15000000000000002,1,,133.04761904761904,132.0,112.0,162.0,2794.0,15.42230913474435,0.05573398828641598,0.9108635370284257
ID340012,340012,1189,49.02404022,18.50349266,26.92320559,0,76.7,1534,0.15000000000000002,1,,132.0952380952381,128.0,110.0,175.0,2774.0,16.167574839488953,0.05893019038984592,0.9093745412249903
ID340031,340031,1189,31.15387917,18.37578748,27.00003084,0,76.75,1535,0.15000000000000002,1,,125.38095238095238,125.0,104.0,158.0,2633.0,12.245310083767542,0.04148331273176763,0.8156669916701841
ID340053,340053,1189,46.26068878,18.29897373,27.02894345,0,76.8,1536,0.15000000000000002,1,,130.23809523809524,126.0,106.0,173.0,2735.0,15.397742568002501,0.052024233099336466,0.8365481059359848
ID340073,340073,1189,46.15063477,18.263306,27.08582584,0,76.85,1537,0.15000000000000002,1,,129.38095238095238,128.0,103.0,172.0,2717.0,15.78441063352126,0.0560684092896706,0.870358454114196
ID340141,340141,1189,34.58616257,18.25864359,27.106122,0,76.9,1538,0.15000000000000002,1,,122.23809523809524,116.0,108.0,154.0,2567.0,13.235953920684228,0.03769580596260737,0.6709718418612689
ID340127,340127,1189,49.72668457,18.26303643,27.05957759,0,76.95,1539,0.15000000000000002,1,,128.1904761904762,120.0,107.0,169.0,2692.0,18.731308143370683,0.056566746798803,0.732794013697779
ID340160,340160,1189,41.88236618,18.14306442,27.0089577,0,77,1540,0.15000000000000002,1,,130.0,127.0,107.0,179.0,2730.0,15.7797338380595,0.05599071656512912,0.8736341453658878
ID340180,340180,1189,53.73003387,18.23000898,27.06975889,0,77.05,1541,0.15000000000000002,1,,134.42857142857142,128.0,114.0,200.0,2823.0,21.692329124765344,0.06598697252902853,0.7672231528082699
ID340270,340270,1189,36.61281204,18.17534994,27.19267308,0,77.1,1542,0.15000000000000002,1,,129.0,120.0,111.0,157.0,2709.0,16.558985476169727,0.05459854014598542,0.8066401698561374
ID340234,340234,1189,42.25159836,18.26407146,27.19200779,0,77.15,1543,0.15000000000000002,1,,129.66666666666666,125.0,114.0,160.0,2723.0,13.897241932604231,0.055017435102673366,0.973129027284284
ID340199,340199,1189,38.54469681,18.32107993,27.22164623,0,77.2,1544,0.15000000000000002,1,,125.76190476190476,124.0,104.0,163.0,2641.0,15.109284436745382,0.04780797460821262,0.7595455975585895
ID340219,340219,1189,37.0200882,18.49879675,27.2579299,0,77.25,1545,0.15000000000000002,1,,128.57142857142858,129.0,106.0,160.0,2700.0,13.698800781715999,0.05032822757111602,0.899453081168549
ID340249,340249,1189,59.89405823,18.45020741,27.2206242,0,77.3,1546,0.15000000000000002,1,,133.23809523809524,131.0,106.0,188.0,2798.0,22.525329657753648,0.07054378497297814,0.7795456970583996
ID340291,340291,1189,59.98151398,18.50305053,27.22968938,0,77.35,1547,0.15000000000000002,1,,137.71428571428572,136.0,107.0,181.0,2892.0,19.713302252902373,0.07574278142000283,0.983744726990221
ID340306,340306,1189,36.3304863,18.46006438,27.23641639,0,77.4,1548,0.15000000000000002,1,,129.76190476190476,128.0,109.0,151.0,2725.0,12.786339436698691,0.060156591936974146,1.15171277511405
ID340337,340337,1189,29.15954208,18.51136919,27.17417557,0,77.45,1549,0.15000000000000002,1,,125.57142857142857,126.0,115.0,149.0,2637.0,9.703460354798327,0.04611722701576911,1.1409773592730543
ID340368,340368,1189,54.50341797,18.48497081,27.21538085,0,77.5,1550,0.15000000000000002,1,,130.38095238095238,131.0,107.0,184.0,2738.0,17.36224694697144,0.06082913599380084,0.8612007995306822
ID340321,340321,1189,61.19479752,18.47647644,27.24891749,0,77.55,1551,0.15000000000000002,1,,135.33333333333334,132.0,109.0,190.0,2842.0,22.20660562385286,0.07083647324792769,0.8062808971367424
ID340404,340404,1189,43.06406021,18.48861789,27.22136954,0,77.6,1552,0.15000000000000002,1,,128.47619047619048,131.0,105.0,156.0,2698.0,15.651258887447513,0.06424732508258967,0.9910962992469249
ID340352,340352,1189,48.67030334,18.4858881,27.21572618,0,77.65,1553,0.15000000000000002,1,,125.71428571428571,121.0,101.0,178.0,2640.0,16.7992346764454,0.04933671187956476,0.7036885190968651
ID340387,340387,1189,29.99631119,18.48807683,27.19243133,0,77.7,1554,0.15000000000000002,1,,120.61904761904762,119.0,92.0,143.0,2533.0,12.551797442901117,0.04056690972578827,0.7492761054777007
ID340436,340436,1189,46.96611786,18.41519489,27.26136865,0,77.75,1555,0.15000000000000002,1,,129.76190476190476,132.0,93.0,164.0,2725.0,18.19863940492465,0.05907500971628446,0.7954545476775112
ID340469,340469,1189,46.86205673,18.47455416,27.23372289,0,77.8,1556,0.15000000000000002,1,,131.38095238095238,127.0,102.0,167.0,2759.0,16.484769305259295,0.05972729018628769,0.8983761637961767
ID340420,340420,1189,35.75687027,18.50672842,27.20088047,0,77.85,1557,0.15000000000000002,1,,122.9047619047619,119.0,105.0,148.0,2581.0,12.368931893679266,0.04230186774356382,0.8065523007114681
ID340450,340450,1189,67.06436157,18.47490564,27.20130923,0,77.9,1558,0.15000000000000002,1,,140.38095238095238,137.0,116.0,199.0,2948.0,21.207253925193122,0.08422214049282825,1.0283992395458246
ID340543,340543,1189,113.0935287,18.47925187,27.21508902,0,77.95,1559,0.15000000000000002,1,,149.38095238095238,138.0,108.0,239.0,3137.0,36.293906086939984,0.11379371560447361,0.8410174824030092
ID340489,340489,1189,75.72309113,18.48705064,27.22564596,0,78,1560,0.15000000000000002,1,,144.47619047619048,142.0,114.0,194.0,3034.0,24.185985709949986,0.09063131880476301,0.9928024042462906
ID340764,340764,1189,31.65500259,18.49584631,27.19639636,0,78.05,1561,0.15000000000000002,1,,126.19047619047619,125.0,102.0,151.0,2650.0,12.444352323922075,0.057198424175933744,1.0972657756171869
ID340506,340506,1189,63.3038063,18.49469269,27.22576653,0,78.1,1562,0.15000000000000002,1,,135.1904761904762,135.0,110.0,176.0,2839.0,21.21937569208634,0.07563343594600998,0.8959690915409527
ID340525,340525,1189,51.97743225,18.49235912,27.22694989,0,78.15,1563,0.15000000000000002,1,,133.8095238095238,130.0,114.0,170.0,2810.0,16.28379270200603,0.06717303584144313,1.0344787853485076
ID340628,340628,1189,74.32796478,18.49226209,27.23950068,0,78.2,1564,0.15000000000000002,1,,145.76190476190476,141.0,112.0,197.0,3061.0,24.669626592035723,0.08656875360518256,0.9414893407299788
ID340586,340586,1189,60.97621155,18.44974773,27.21741196,0,78.25,1565,0.15000000000000002,1,,141.42857142857142,137.0,108.0,183.0,2970.0,23.37642279856229,0.08300287159852313,0.9273690682008328
ID340564,340564,1189,52.46908188,18.48330834,27.25129083,0,78.3,1566,0.15000000000000002,1,,136.0952380952381,134.0,107.0,195.0,2858.0,21.983868544696044,0.05797973254361207,0.6785278321847296
ID340607,340607,1189,38.90407562,18.42290163,27.21881676,0,78.35,1567,0.15000000000000002,1,,128.66666666666666,128.0,106.0,156.0,2702.0,15.3177457001131,0.04993199922284822,0.798948845194947
ID340652,340652,1189,32.88555908,18.44734065,27.24450623,0,78.4,1568,0.15000000000000002,1,,128.71428571428572,125.0,107.0,156.0,2703.0,13.259497943522815,0.05518957692870739,1.01544460971563
ID340690,340690,1189,42.24272156,18.53874302,27.06621679,0,78.45,1569,0.15000000000000002,1,,126.95238095238095,122.0,112.0,156.0,2666.0,14.827259323543885,0.05079568409124499,0.827786798354582
ID340747,340747,1189,51.88981628,18.60731067,27.14396852,0,78.5,1570,0.15000000000000002,1,,132.0952380952381,125.0,108.0,180.0,2774.0,19.654273738565774,0.07150789435565647,0.897054381936118
ID340670,340670,1189,47.01287842,18.62217921,27.15845044,0,78.55,1571,0.15000000000000002,1,,133.8095238095238,130.0,109.0,164.0,2810.0,15.737277552420075,0.06945765937202658,1.104444674312777
ID340730,340730,1189,28.5015049,18.55552415,27.16002991,0,78.6,1572,0.15000000000000002,1,,126.76190476190476,124.0,112.0,148.0,2662.0,10.606152751609613,0.04694951084017502,1.0719294625774862
ID340708,340708,1189,39.81896973,18.5933278,27.19362899,0,78.65,1573,0.15000000000000002,1,,128.33333333333334,125.0,115.0,158.0,2695.0,12.897028081435403,0.050784676869090585,0.9618310378511091
ID340783,340783,1189,37.84181213,18.61614916,27.18359264,0,78.7,1574,0.15000000000000002,1,,128.71428571428572,129.0,104.0,156.0,2703.0,12.442438897349898,0.05426356589147292,1.064903762784169
ID340800,340800,1189,31.65990829,18.5074556,27.04548169,0,78.75,1575,0.15000000000000002,1,,125.95238095238095,123.0,111.0,154.0,2645.0,12.212600830601934,0.03975234632204805,0.7886078088149295
ID340819,340819,1189,36.08763504,18.55415084,27.17127482,0,78.8,1576,0.15000000000000002,1,,129.38095238095238,129.0,111.0,158.0,2717.0,14.03736510345225,0.052539828579729816,0.9201631909887446
ID340859,340859,1189,34.10853958,18.35442071,27.20568527,0,78.85,1577,0.15000000000000002,1,,127.14285714285714,124.0,103.0,162.0,2670.0,14.742068085196577,0.04983780595694484,0.8188422751588184
ID340841,340841,1189,25.22836304,18.29563989,27.11982164,0,78.9,1578,0.15000000000000002,1,,120.52380952380952,116.0,110.0,145.0,2531.0,10.215767458292339,0.029070949379955278,0.6665699701294968
ID340898,340898,1189,52.34194946,18.27374101,27.17097752,0,78.95,1579,0.15000000000000002,1,,135.52380952380952,134.0,112.0,190.0,2846.0,18.624228970937423,0.06030829413682295,0.8277747600034302
ID340878,340878,1189,64.09947205,18.30173315,27.17476368,0,79,1580,0.15000000000000002,1,,136.1904761904762,130.0,113.0,189.0,2860.0,20.333762680869096,0.07065980346279839,0.884056274203657
ID340917,340917,1189,47.80704117,18.36045518,27.2040501,0,79.05,1581,0.15000000000000002,1,,134.71428571428572,133.0,107.0,176.0,2829.0,18.45031939328655,0.06298435958855858,0.8652579597128595
ID340932,340932,1189,36.02191925,18.27462235,27.19562194,0,79.1,1582,0.15000000000000002,1,,125.47619047619048,120.0,113.0,156.0,2635.0,12.882620259943423,0.05168629016164442,0.9573621735697663
ID340972,340972,1189,58.12266159,18.30511443,27.12093595,0,79.15,1583,0.15000000000000002,1,,134.38095238095238,133.0,102.0,185.0,2822.0,19.098366920959997,0.06310039555471839,0.8352746084731253
ID340951,340951,1189,36.53636169,18.40605001,27.1195466,0,79.2,1584,0.15000000000000002,1,,128.42857142857142,124.0,109.0,152.0,2697.0,12.905701951352466,0.0479382194375637,0.9104502834709144
ID340989,340989,1189,38.85026932,18.43313699,27.14991787,0,79.25,1585,0.15000000000000002,1,,132.0,130.0,110.0,160.0,2772.0,16.36459593146131,0.06451612903225806,0.9777204440006756
ID341006,341006,1189,42.39062881,18.44994163,26.9841979,0,79.3,1586,0.15000000000000002,1,,131.71428571428572,131.0,104.0,173.0,2766.0,15.962903423697263,0.05870532510406202,0.915068046797693
ID341042,341042,1189,30.87221527,18.43524798,26.94663818,0,79.35,1587,0.15000000000000002,1,,124.61904761904762,123.0,106.0,153.0,2617.0,13.99812912669472,0.036127882807087,0.6208312633652788
ID341022,341022,1189,51.4452095,18.31359709,26.95625872,0,79.4,1588,0.15000000000000002,1,,132.0952380952381,128.0,109.0,181.0,2774.0,19.369834180768716,0.06120887528691661,0.7866920850166255
ID341113,341113,1189,50.64484406,18.32599893,26.92866465,0,79.45,1589,0.15000000000000002,1,,129.9047619047619,127.0,103.0,178.0,2728.0,18.237063255647172,0.05731311467467659,0.7722369076595912
ID341236,341236,1189,50.25247192,18.38049272,26.87754803,0,79.5,1590,0.15000000000000002,1,,131.0,127.0,113.0,174.0,2751.0,16.780941570722426,0.056299496040316754,0.8321515008817554
ID341097,341097,1189,43.14904785,18.2836057,26.93757188,0,79.55,1591,0.15000000000000002,1,,133.28571428571428,129.0,113.0,168.0,2799.0,14.522888339248695,0.05812305075134674,1.008260671073551
ID341079,341079,1189,26.0468502,18.2378534,26.92611331,0,79.6,1592,0.15000000000000002,1,,125.47619047619048,125.0,103.0,148.0,2635.0,12.089743783964353,0.04402951810212475,0.8753976529569559
ID341061,341061,1189,41.17455292,18.35188648,26.86617185,0,79.65,1593,0.15000000000000002,1,,127.80952380952381,129.0,89.0,158.0,2684.0,17.685075763533067,0.04843750000000001,0.6677677815706763
ID341151,341151,1189,32.43074417,18.30152773,26.9017184,0,79.7,1594,0.15000000000000002,1,,126.9047619047619,125.0,107.0,146.0,2665.0,11.224547928111678,0.04812939383511133,1.038327955780986
ID341215,341215,1189,27.82005882,18.35076793,26.95421457,0,79.75,1595,0.15000000000000002,1,,125.19047619047619,126.0,101.0,148.0,2629.0,11.630215164041667,0.03656973878758007,0.7595158996408127
ID341131,341131,1189,38.39841843,18.47158152,27.00482765,0,79.8,1596,0.15000000000000002,1,,125.23809523809524,124.0,103.0,149.0,2630.0,14.491048139816396,0.047756585827399056,0.7878427120325143
ID341170,341170,1189,36.03321838,18.48703963,26.91164501,0,79.85,1597,0.15000000000000002,1,,129.04761904761904,126.0,115.0,154.0,2710.0,12.499904761541947,0.048203838901513266,0.9495310440736094
ID341191,341191,1189,42.50250244,18.58677804,26.89147882,0,79.9,1598,0.15000000000000002,1,,126.33333333333333,120.0,104.0,151.0,2653.0,14.72186582377836,0.05539532570860268,0.9008304328167758
ID341271,341271,1189,38.54037857,18.49868217,26.87197688,0,79.95,1599,0.15000000000000002,1,,124.71428571428571,121.0,110.0,158.0,2619.0,12.186643742814743,0.045665518790238044,0.8938356919869409
ID341312,341312,1189,33.51551819,18.48607881,26.73842308,0,80,1600,0.15000000000000002,1,,123.61904761904762,121.0,105.0,159.0,2596.0,14.722351002731154,0.029494869379864154,0.48112786687529013
ID341347,341347,1189,36.86252975,18.52595531,26.75842289,0,80.05,1601,0.15000000000000002,1,,129.0952380952381,128.0,108.0,162.0,2711.0,13.430952169912459,0.0499104419809266,0.9138450772913096
ID341253,341253,1189,56.45174026,18.47874556,26.71300623,0,80.1,1602,0.15000000000000002,1,,135.47619047619048,130.0,111.0,191.0,2845.0,18.16485355740323,0.06235997012696045,0.875578867426641
ID341289,341289,1189,49.62451935,18.49766411,26.61026857,0,80.15,1603,0.15000000000000002,1,,130.23809523809524,126.0,103.0,167.0,2735.0,16.410072400525117,0.06430586632940949,0.9590509324987273
ID341328,341328,1189,31.95829582,18.50190156,26.53607001,0,80.2,1604,0.15000000000000002,1,,127.57142857142857,129.0,103.0,149.0,2679.0,13.901695682798659,0.05571154130338404,0.9685354953457813
ID341389,341389,1189,32.78570557,18.45226877,26.57272146,0,80.25,1605,0.15000000000000002,1,,126.33333333333333,127.0,108.0,151.0,2653.0,12.61084189629437,0.04587788892721627,0.8788733872391271
ID341406,341406,1189,47.43106079,18.42377678,26.57832102,0,80.3,1606,0.15000000000000002,1,,131.38095238095238,128.0,108.0,160.0,2759.0,16.545320155488653,0.06294245124006742,0.9404184182173216
ID341366,341366,1189,33.6257515,18.48236342,26.5046694,0,80.35,1607,0.15000000000000002,1,,127.52380952380952,128.0,110.0,161.0,2678.0,12.596106730331588,0.04395283110807909,0.8524931923796545
ID341422,341422,1189,41.85928345,18.49287059,26.58120207,0,80.4,1608,0.15000000000000002,1,,129.23809523809524,130.0,107.0,163.0,2714.0,15.237797616141124,0.05428765659900942,0.8734545598259732
ID341465,341465,1189,83.12593842,18.57474571,26.59968951,0,80.45,1609,0.15000000000000002,1,,137.42857142857142,126.0,104.0,210.0,2886.0,27.001058180322172,0.08394366197183097,0.7883288922812247
ID341525,341525,1189,38.80174255,18.60805718,26.54340263,0,80.5,1610,0.15000000000000002,1,,126.57142857142857,122.0,109.0,161.0,2658.0,14.98189383413001,0.041128084606345476,0.6674723576814542
ID341438,341438,1189,48.07645035,18.53924801,26.58932563,0,80.55,1611,0.15000000000000002,1,,129.8095238095238,126.0,111.0,165.0,2726.0,15.958129738847994,0.05787048265825848,0.8899777846652721
ID341481,341481,1189,42.39419556,18.3955942,26.58989461,0,80.6,1612,0.15000000000000002,1,,130.47619047619048,130.0,104.0,161.0,2740.0,16.249981684971363,0.061809726797132335,0.9347995883912259
ID341452,341452,1189,62.63634491,18.38189334,26.50734835,0,80.65,1613,0.15000000000000002,1,,135.76190476190476,128.0,109.0,183.0,2851.0,19.07067057527019,0.07150239594099408,0.9501001838154248
ID341495,341495,1189,40.47869873,18.43073451,26.7310064,0,80.7,1614,0.15000000000000002,1,,129.42857142857142,128.0,104.0,163.0,2718.0,14.582768696552204,0.05073934473760505,0.8571760452427223
ID341509,341509,1189,37.11223602,18.39979598,26.82306947,0,80.75,1615,0.15000000000000002,1,,130.85714285714286,127.0,111.0,156.0,2748.0,14.093564894254806,0.058042159976898655,1.0187020079636133
ID341559,341559,1189,40.60074234,18.44282043,26.81818867,0,80.8,1616,0.15000000000000002,1,,130.04761904761904,128.0,110.0,162.0,2731.0,15.589984574964117,0.0479662317728319,0.7636160156232419
ID341576,341576,1189,32.01837158,18.44339272,26.90964639,0,80.85,1617,0.15000000000000002,1,,130.33333333333334,128.0,106.0,155.0,2737.0,11.917773841340225,0.052085335383432664,1.0828164786948746
ID341662,341662,1189,31.11911392,18.42267315,26.9788566,0,80.9,1618,0.15000000000000002,1,,127.71428571428571,126.0,111.0,162.0,2682.0,13.635038896691338,0.04991192014092776,0.8905627064843731
ID341542,341542,1189,55.85978699,18.39765855,27.01069167,0,80.95,1619,0.15000000000000002,1,,135.61904761904762,130.0,111.0,189.0,2848.0,18.255071050193667,0.06811682527776476,0.947551450227609
ID341592,341592,1189,33.63365173,18.51485048,27.03430648,0,81,1620,0.15000000000000002,1,,124.61904761904762,121.0,105.0,151.0,2617.0,11.960251629778492,0.03828605435429478,0.76841829711959
ID341648,341648,1189,41.2783432,18.57615111,27.07696204,0,81.05,1621,0.15000000000000002,1,,125.38095238095238,125.0,101.0,159.0,2633.0,14.392623772183411,0.05288413475957209,0.8751175806860785
ID341628,341628,1189,32.6244278,18.64319353,27.07563077,0,81.1,1622,0.15000000000000002,1,,129.52380952380952,128.0,109.0,160.0,2720.0,12.035859120225059,0.046405385910074495,0.9544890084988308
ID341609,341609,1189,33.68858337,18.76360753,27.20491368,0,81.15,1623,0.15000000000000002,1,,128.33333333333334,129.0,105.0,152.0,2695.0,14.100827398891646,0.04376452362509687,0.7632108710692169
ID341677,341677,1189,39.3106842,18.87943404,27.28801059,0,81.2,1624,0.15000000000000002,1,,129.0,127.0,107.0,164.0,2709.0,14.882876066137216,0.05168146746251275,0.8518898747950199
ID341722,341722,1189,59.4453392,18.93468442,27.29893012,0,81.25,1625,0.15000000000000002,1,,133.95238095238096,129.0,108.0,185.0,2813.0,20.0835161027052,0.06816024302259353,0.8512074284111742
ID341708,341708,1189,45.65732193,18.87820985,27.30746411,0,81.3,1626,0.15000000000000002,1,,127.66666666666667,124.0,102.0,165.0,2681.0,15.047701928644564,0.05905589571400356,0.9461973200699724
ID341734,341734,1189,37.58908081,18.88303399,27.26758586,0,81.35,1627,0.15000000000000002,1,,126.85714285714286,121.0,106.0,153.0,2664.0,13.469542361512191,0.05119857946137912,0.9174137120242559
ID341693,341693,1189,54.39887238,18.94817541,27.3191069,0,81.4,1628,0.15000000000000002,1,,135.1904761904762,131.0,107.0,173.0,2839.0,19.602599438898526,0.07076516901607663,0.9115652071933426
ID341749,341749,1189,39.94159698,19.05445252,27.32930466,0,81.45,1629,0.15000000000000002,1,,132.61904761904762,129.0,114.0,164.0,2785.0,14.81038888914194,0.04787884488759289,0.8182801754741603
ID341767,341767,1189,55.66798401,19.13000463,27.42413714,0,81.5,1630,0.15000000000000002,1,,133.61904761904762,126.0,115.0,176.0,2806.0,18.621160518281858,0.062224956229593564,0.8406974360911824
ID341784,341784,1189,35.80054855,19.15587836,27.47741766,0,81.55,1631,0.15000000000000002,1,,126.38095238095238,121.0,110.0,160.0,2654.0,14.715557041703148,0.04901185770750988,0.8025196583490665
ID341834,341834,1189,34.44664001,19.16645154,27.39058944,0,81.6,1632,0.15000000000000002,1,,121.80952380952381,121.0,102.0,147.0,2558.0,12.643650768741788,0.040842276588169475,0.7560730665827391
ID341868,341868,1189,36.18897247,19.18456436,27.46653407,0,81.65,1633,0.15000000000000002,1,,125.9047619047619,123.0,107.0,149.0,2644.0,12.809780489550795,0.05338645418326692,0.9962625645548658
ID341799,341799,1189,48.91570282,19.30350207,27.31338664,0,81.7,1634,0.15000000000000002,1,,125.28571428571429,121.0,99.0,166.0,2631.0,18.047556225547147,0.05171638435017244,0.6827200545848436
ID341818,341818,1189,57.50815964,19.40329239,27.30678341,0,81.75,1635,0.15000000000000002,1,,130.66666666666666,126.0,100.0,175.0,2744.0,18.709177783465883,0.06130342293560237,0.8068359962124262
ID341851,341851,1189,47.13468552,19.4706084,27.29157274,0,81.8,1636,0.15000000000000002,1,,135.57142857142858,136.0,110.0,168.0,2847.0,17.185957723011622,0.06734148741740482,0.9954139962905172
ID341901,341901,1189,50.91401291,19.56947221,27.32127078,0,81.85,1637,0.15000000000000002,1,,131.52380952380952,127.0,99.0,172.0,2762.0,18.05718429772219,0.06440579989402183,0.8814589475433583
ID341919,341919,1189,47.42458725,19.59504678,27.32719113,0,81.9,1638,0.15000000000000002,1,,129.28571428571428,126.0,104.0,182.0,2715.0,17.28335284932544,0.04413037207960768,0.6323177871704421
ID341936,341936,1189,41.00688171,19.48981984,27.36091699,0,81.95,1639,0.15000000000000002,1,,126.9047619047619,123.0,111.0,163.0,2665.0,14.969651839320653,0.05216404283669741,0.8405895787289319
ID341885,341885,1189,58.71725845,19.48312429,27.41692372,0,82,1640,0.15000000000000002,1,,137.57142857142858,132.0,116.0,187.0,2889.0,17.808906279082464,0.06747956214493561,0.9766381421910236
ID341968,341968,1189,51.00614548,19.4645969,27.32569467,0,82.05,1641,0.15000000000000002,1,,132.66666666666666,131.0,106.0,169.0,2786.0,18.45083557276833,0.05926524404733612,0.8045835125834756
ID341956,341956,1189,41.92800522,19.46663843,27.24949142,0,82.1,1642,0.15000000000000002,1,,130.04761904761904,123.0,110.0,170.0,2731.0,18.79222230199555,0.051749867616617685,0.6810061546717684
ID342009,342009,1189,55.4041481,19.47514113,27.27366046,0,82.15,1643,0.15000000000000002,1,,131.95238095238096,126.0,104.0,169.0,2771.0,19.665899904342517,0.060669856459330165,0.7675844059342971
ID341980,341980,1189,43.08791733,19.47220402,27.27484553,0,82.2,1644,0.15000000000000002,1,,132.28571428571428,131.0,111.0,164.0,2778.0,13.975488746884158,0.061470124659693356,1.0963071738614143
ID341993,341993,1189,37.98175049,19.5942888,27.26709058,0,82.25,1645,0.15000000000000002,1,,127.42857142857143,128.0,110.0,162.0,2676.0,14.54500405146533,0.04480234260614935,0.7513625565109716
ID342058,342058,1189,28.51597404,19.63054333,27.17969859,0,82.3,1646,0.15000000000000002,1,,120.76190476190476,119.0,102.0,155.0,2536.0,13.239730971227331,0.02974317328190028,0.5269133105008833
ID342025,342025,1189,45.30104065,19.60024503,27.10648092,0,82.35,1647,0.15000000000000002,1,,125.19047619047619,121.0,106.0,168.0,2629.0,14.94195116984073,0.04413443876284564,0.7082966081896344
ID342042,342042,1189,50.05009842,19.50221681,27.12513701,0,82.4,1648,0.15000000000000002,1,,132.38095238095238,129.0,110.0,174.0,2780.0,15.99836301149649,0.06122059455074674,0.9547107733981093
ID342077,342077,1189,36.40779495,19.51470201,27.16213937,0,82.45,1649,0.15000000000000002,1,,127.52380952380952,127.0,111.0,162.0,2678.0,13.844201124005123,0.050556563526700314,0.8865668314025988
ID342114,342114,1189,49.5255127,19.52477394,27.14728255,0,82.5,1650,0.15000000000000002,1,,132.52380952380952,129.0,110.0,171.0,2783.0,17.9321472434816,0.06495742848942883,0.9015466160943608
ID342226,342226,1189,50.91318893,19.50193332,27.00891406,0,82.55,1651,0.15000000000000002,1,,131.0,128.0,112.0,172.0,2751.0,16.028100324118263,0.05660377358490568,0.8756941872015905
ID342135,342135,1189,23.39409447,19.58797329,27.00313061,0,82.6,1652,0.15000000000000002,1,,116.38095238095238,117.0,99.0,133.0,2444.0,9.129491719018043,0.022861626994506917,0.5698434384406792
ID342346,342346,1189,44.92329788,19.53237782,26.90071824,0,82.65,1653,0.15000000000000002,1,,130.28571428571428,130.0,105.0,169.0,2736.0,17.123500977145,0.05023751259536489,0.7279052181514739
ID342187,342187,1189,50.83575058,19.64475013,26.90346119,0,82.7,1654,0.15000000000000002,1,,137.57142857142858,135.0,109.0,179.0,2889.0,18.00991790256532,0.07477678571428575,1.0629064078149106
ID342097,342097,1189,30.20668221,19.63392817,26.89557516,0,82.75,1655,0.15000000000000002,1,,124.0,124.0,103.0,148.0,2604.0,14.969969939849578,0.0387434554973822,0.617903712376656
ID342206,342206,1189,35.80023193,19.67953007,26.9957429,0,82.8,1656,0.15000000000000002,1,,129.76190476190476,133.0,107.0,162.0,2725.0,13.845232977110793,0.04928763958413554,0.88048183881266
ID342172,342172,1189,64.31552124,19.70456763,27.02555975,0,82.85,1657,0.15000000000000002,1,,135.0,127.0,111.0,189.0,2835.0,20.571825392998065,0.07021517553793882,0.8610945006520927
ID342154,342154,1189,40.86850739,19.65664132,27.03174275,0,82.9,1658,0.15000000000000002,1,,131.33333333333334,135.0,107.0,165.0,2758.0,16.233709783451637,0.04792210876276423,0.7399359063415992
ID342275,342275,1189,40.67831802,19.52328114,27.09304421,0,82.95,1659,0.15000000000000002,1,,124.0,120.0,101.0,155.0,2604.0,14.324803663575986,0.03858809452587494,0.6432399305908176
ID342243,342243,1189,44.40302277,19.55073851,27.03123278,0,83,1660,0.15000000000000002,1,,129.66666666666666,125.0,109.0,167.0,2723.0,17.644640357154728,0.060874646927047756,0.8433695490380616
ID342292,342292,1189,39.50487518,19.57924017,26.94067433,0,83.05,1661,0.15000000000000002,1,,129.85714285714286,126.0,106.0,165.0,2727.0,16.02275168092458,0.046029919447640975,0.7132714564987851
ID342261,342261,1189,22.26091766,19.53513756,26.94660374,0,83.1,1662,0.15000000000000002,1,,122.66666666666667,120.0,110.0,145.0,2576.0,9.467488227261406,0.029627779165625784,0.7456596343258268
ID342309,342309,1189,42.99007034,19.53446912,27.10064905,0,83.15,1663,0.15000000000000002,1,,128.38095238095238,128.0,107.0,158.0,2696.0,14.568720570030129,0.058552147239263795,0.974854372702927
ID342362,342362,1189,43.92445374,19.52462276,27.13102782,0,83.2,1664,0.15000000000000002,1,,134.28571428571428,133.0,112.0,167.0,2820.0,14.761920122879873,0.059602649006622474,1.0233860318569197
ID342392,342392,1189,36.14367676,19.39857055,27.16929214,0,83.25,1665,0.15000000000000002,1,,124.66666666666667,122.0,110.0,156.0,2618.0,12.42712087868036,0.03401629227351276,0.6600387195438607
ID342326,342326,1189,35.07064056,19.40190782,27.13170471,0,83.3,1666,0.15000000000000002,1,,124.71428571428571,118.0,106.0,155.0,2619.0,15.959770854065722,0.041144901610017846,0.6176243347899797
ID342377,342377,1189,32.94974899,19.40277026,27.19840912,0,83.35,1667,0.15000000000000002,1,,125.9047619047619,125.0,109.0,146.0,2644.0,11.999603168041691,0.05118775469635224,1.0218591890239879
ID342452,342452,1189,37.1578064,19.41296754,27.18498534,0,83.4,1668,0.15000000000000002,1,,128.33333333333334,127.0,111.0,156.0,2695.0,11.559988465968871,0.053403039038452185,1.1255984208124565
ID342408,342408,1189,60.21580124,19.40333197,27.17278727,0,83.45,1669,0.15000000000000002,1,,138.04761904761904,134.0,114.0,172.0,2899.0,19.94862449011508,0.0807082945013979,1.0336074865344593
ID342422,342422,1189,84.71466827,19.41084487,27.1995092,0,83.5,1670,0.15000000000000002,1,,142.9047619047619,135.0,109.0,201.0,3001.0,27.725267829012513,0.09470612375176687,0.8918287328613748
ID342482,342482,1189,96.43128204,19.39676363,27.18359548,0,83.55,1671,0.15000000000000002,1,,146.57142857142858,135.0,114.0,220.0,3078.0,29.833825481442084,0.10233682514101533,0.9121956462209037
ID342494,342494,1189,82.48714447,19.42494065,27.19033823,0,83.6,1672,0.15000000000000002,1,,145.57142857142858,135.0,113.0,200.0,3057.0,26.045290224091243,0.09569892473118286,0.9763212930163724
ID342524,342524,1189,67.88973236,19.39734392,27.17736923,0,83.65,1673,0.15000000000000002,1,,137.66666666666666,131.0,108.0,185.0,2891.0,21.991665087785723,0.08221421552571238,0.9511179159546166
ID342469,342469,1189,40.33036423,19.46107035,27.16702682,0,83.7,1674,0.15000000000000002,1,,127.71428571428571,124.0,107.0,156.0,2682.0,14.68721504282843,0.051764705882352935,0.8559436581251003
ID342439,342439,1189,49.71537781,19.38982953,27.19346918,0,83.75,1675,0.15000000000000002,1,,128.52380952380952,128.0,97.0,177.0,2699.0,17.39718094295466,0.059106293226075406,0.8245725639272311
ID342509,342509,1189,25.76338005,19.3891976,27.15063217,0,83.85,1677,0.15000000000000002,1,,121.14285714285714,118.0,107.0,142.0,2544.0,9.722580492264974,0.033516148689823236,0.8081334850756731
ID342567,342567,1189,26.22276306,19.41867112,27.17655527,0,83.9,1678,0.15000000000000002,1,,119.76190476190476,119.0,104.0,146.0,2515.0,11.357397421525596,0.035565391939883645,0.7243024234231186
ID342619,342619,1189,41.35792923,19.41768244,27.17166187,0,83.95,1679,0.15000000000000002,1,,126.61904761904762,123.0,109.0,158.0,2659.0,13.518417771604007,0.05041726334502004,0.8991260745243049
ID342550,342550,1189,39.21304703,19.45227137,27.16169431,0,84,1680,0.15000000000000002,1,,129.61904761904762,125.0,108.0,164.0,2722.0,15.399598015780123,0.05483433443131178,0.875100146275331
ID342579,342579,1189,37.03160095,19.41819194,27.18744625,0,84.05,1681,0.15000000000000002,1,,126.28571428571429,121.0,111.0,150.0,2652.0,11.688211399281144,0.05253757999702338,1.0786203659798823
ID342593,342593,1189,25.855299,19.41595244,27.19027343,0,84.1,1682,0.15000000000000002,1,,118.76190476190476,117.0,106.0,135.0,2494.0,9.782150897960847,0.0371679575817435,0.870146540438169
ID342647,342647,1189,49.51075745,19.41816655,27.19909161,0,84.2,1684,0.15000000000000002,1,,128.14285714285714,125.0,107.0,167.0,2691.0,16.13160163866476,0.05887560867640549,0.883359279455868
ID342606,342606,1189,76.17737579,19.43378026,27.16073394,0,84.25,1685,0.15000000000000002,1,,146.1904761904762,135.0,114.0,204.0,3070.0,26.943680237894466,0.09238091002090475,0.9176990766619468
ID342661,342661,1189,53.31919098,19.43277284,27.16867275,0,84.3,1686,0.15000000000000002,1,,134.52380952380952,129.0,110.0,174.0,2825.0,19.363933091237037,0.06967057932601285,0.9049716006165995
ID342685,342685,1189,65.0621109,19.40416895,27.1673367,0,84.35,1687,0.15000000000000002,1,,136.85714285714286,128.0,109.0,197.0,2874.0,22.446125978185442,0.08034959120383424,0.9069334671349173
ID342673,342673,1189,29.36623383,19.41566309,27.18807676,0,84.4,1688,0.15000000000000002,1,,121.14285714285714,120.0,104.0,153.0,2544.0,11.867121446609174,0.033831149039926865,0.6681124368906567
ID342709,342709,1189,66.42253113,19.39967737,27.18977784,0,84.45,1689,0.15000000000000002,1,,135.66666666666666,130.0,111.0,187.0,2849.0,20.180023125193227,0.0796778777830412,0.9922589979003201
ID342736,342736,1189,63.41581726,19.41548048,27.17853171,0,84.5,1690,0.15000000000000002,1,,139.85714285714286,137.0,112.0,182.0,2937.0,20.792512388563615,0.07375925418151909,0.9240963937024774
ID342695,342695,1189,54.42848587,19.41077006,27.15542302,0,84.55,1691,0.15000000000000002,1,,135.95238095238096,131.0,114.0,174.0,2855.0,19.956142388939277,0.07114383529522118,0.9049606611112048
ID342784,342784,1189,42.33160019,19.4017546,27.17006031,0,84.6,1692,0.15000000000000002,1,,127.76190476190476,123.0,111.0,165.0,2683.0,13.670789157560593,0.05086903304773562,0.9047793420328593
ID342770,342770,1189,34.07265091,19.40949813,27.19796819,0,84.65,1693,0.15000000000000002,1,,125.04761904761905,123.0,109.0,151.0,2626.0,10.8096077194142,0.04340915863713125,0.9625475942179492
ID342760,342760,1189,27.8578949,19.4042358,27.17274867,0,84.7,1694,0.15000000000000002,1,,126.0952380952381,128.0,109.0,146.0,2648.0,9.705177803135612,0.04139219349129882,1.0328311059454238
ID342721,342721,1189,34.27044296,19.43198626,27.20123602,0,84.75,1695,0.15000000000000002,1,,123.14285714285714,118.0,107.0,161.0,2586.0,13.41001757748928,0.04914042294233984,0.8602311085019531
ID342797,342797,1189,93.02363586,19.40153417,27.1788703,0,84.8,1696,0.15000000000000002,1,,146.33333333333334,144.0,114.0,237.0,3073.0,29.086652150657237,0.09578783151326055,0.8795557907737851
ID342872,342872,1189,24.58157158,19.39929496,27.22692367,0,84.9,1698,0.15000000000000002,1,,119.52380952380952,116.0,108.0,142.0,2510.0,10.171622523565487,0.03170117659148124,0.7221304249367033
ID342826,342826,1189,38.5413475,19.43717803,27.21984155,0,84.95,1699,0.15000000000000002,1,,130.95238095238096,125.0,109.0,162.0,2750.0,15.695464919766442,0.04976857374624232,0.7910990040842599
ID342851,342851,1189,39.62702179,19.41516221,27.19166047,0,85,1700,0.15000000000000002,1,,128.61904761904762,127.0,111.0,160.0,2701.0,11.960251629778492,0.05528423520218795,1.1267480729784667
ID342812,342812,1189,49.14997864,19.40647999,27.14501901,0,85.05,1701,0.15000000000000002,1,,127.47619047619048,122.0,108.0,174.0,2677.0,17.92099061887776,0.04944381829764301,0.6702701327934169
ID342914,342914,1189,47.19221878,19.40012764,27.18448069,0,85.1,1702,0.15000000000000002,1,,126.76190476190476,121.0,112.0,161.0,2662.0,15.921384242284846,0.052850150788549925,0.7993143235869896
ID342837,342837,1189,54.82157898,19.41751242,27.20540901,0,85.15,1703,0.15000000000000002,1,,132.1904761904762,129.0,108.0,166.0,2776.0,17.20354337809234,0.0703166417658683,1.0096203576971272
ID342900,342900,1189,59.29930115,19.40434134,27.18201063,0,85.2,1704,0.15000000000000002,1,,130.61904761904762,122.0,107.0,172.0,2743.0,19.285943561247375,0.06934359923980313,0.8783846191749674
ID342929,342929,1189,37.36181641,19.41622334,27.16813499,0,85.25,1705,0.15000000000000002,1,,121.38095238095238,118.0,102.0,153.0,2549.0,13.958782864118886,0.04179012976397263,0.6976321168464522
ID342861,342861,1189,46.49506378,19.41148664,27.16424044,0,85.3,1706,0.15000000000000002,1,,127.28571428571429,123.0,109.0,160.0,2673.0,16.196119464683065,0.05334712575735189,0.7960460634395208
ID342886,342886,1189,41.50585175,19.41304054,27.18375253,0,85.35,1707,0.15000000000000002,1,,128.42857142857142,122.0,113.0,162.0,2697.0,12.863014532260424,0.054854796127896704,1.0384146596152208
ID342969,342969,1189,47.74880981,19.39693371,27.15806734,0,85.4,1708,0.15000000000000002,1,,132.57142857142858,131.0,110.0,177.0,2784.0,16.151072498665307,0.061329521086490396,0.9486322702529331
ID342943,342943,1189,26.87989235,19.42022974,27.21828088,0,85.45,1709,0.15000000000000002,1,,120.04761904761905,116.0,104.0,144.0,2521.0,10.293085982717672,0.03499948681104383,0.7887865342502421
ID342957,342957,1189,37.30566406,19.40268184,27.16770051,0,85.5,1710,0.15000000000000002,1,,124.33333333333333,122.0,107.0,154.0,2611.0,12.885392246002187,0.04759516525402473,0.8767772708761915
ID343038,343038,1189,37.73890686,19.45219189,27.1578549,0,85.55,1711,0.15000000000000002,1,,126.9047619047619,122.0,103.0,165.0,2665.0,15.413970163149926,0.04689418119322361,0.7375807464729308
ID342998,342998,1189,38.04551697,19.48431783,27.20587109,0,85.6,1712,0.15000000000000002,1,,130.57142857142858,130.0,108.0,166.0,2742.0,13.592539970775986,0.05042378968539005,0.9222495804806259
ID343010,343010,1189,22.03686905,19.42177627,27.14427989,0,85.65,1713,0.15000000000000002,1,,124.47619047619048,125.0,103.0,144.0,2614.0,11.75848224737805,0.03401898734177215,0.6965589621315739
ID343024,343024,1189,51.29029846,19.4147398,27.19375255,0,85.7,1714,0.15000000000000002,1,,126.71428571428571,123.0,107.0,174.0,2661.0,16.547334701222603,0.0559523809523809,0.8115247362210691
ID342983,342983,1189,39.8539238,19.38430192,27.20420298,0,85.75,1715,0.15000000000000002,1,,129.04761904761904,125.0,114.0,152.0,2710.0,13.78577596828046,0.06363145758720497,1.1200295308731985
ID343052,343052,1189,30.34410286,19.4516236,27.16031479,0,85.8,1716,0.15000000000000002,1,,118.71428571428571,116.0,104.0,152.0,2493.0,12.884653108030722,0.03133726341917466,0.5599130728470448
ID343068,343068,1189,30.95458984,19.43437831,27.15070908,0,85.85,1717,0.15000000000000002,1,,123.0952380952381,120.0,97.0,149.0,2585.0,13.945984231687493,0.03898713826366561,0.6624197392325183
ID343132,343132,1189,31.04284286,19.4117909,27.18323797,0,85.9,1718,0.15000000000000002,1,,122.23809523809524,122.0,110.0,153.0,2567.0,11.117125356425381,0.0350284763872789,0.7442400133616832
ID343081,343081,1189,49.68712616,19.40045057,27.16218052,0,85.95,1719,0.15000000000000002,1,,129.0,127.0,112.0,176.0,2709.0,16.65232716469383,0.05567733450241124,0.8171316070460499
ID343093,343093,1189,41.42944336,19.41979923,27.18108535,0,86,1720,0.15000000000000002,1,,123.9047619047619,118.0,108.0,156.0,2602.0,14.289523301722706,0.05141933528639251,0.8481072015598006
ID343152,343152,1189,88.15908813,19.41099432,27.22465014,0,86.2,1724,0.15000000000000002,1,,149.04761904761904,140.0,110.0,204.0,3130.0,29.000821006440816,0.0966103179469212,0.9055572859841525
ID343183,343183,1189,35.26582336,19.45863665,27.12649688,0,86.25,1725,0.15000000000000002,1,,126.9047619047619,129.0,105.0,167.0,2665.0,16.083857627773142,0.038632045598480054,0.5869534790070914
ID343196,343196,1189,44.49425507,19.42798742,27.18014475,0,86.3,1726,0.15000000000000002,1,,129.0952380952381,125.0,110.0,164.0,2711.0,16.6820405283789,0.05527442584663296,0.8106807737820385
ID343167,343167,1189,58.50280762,19.42366096,27.19122047,0,86.35,1727,0.15000000000000002,1,,136.8095238095238,130.0,115.0,181.0,2873.0,18.79260239461009,0.07276546091015164,0.9875973225957708
ID343218,343218,1189,57.2957077,19.45768136,27.19647974,0,86.45,1729,0.15000000000000002,1,,134.47619047619048,132.0,106.0,182.0,2824.0,20.436778238311067,0.06903894383192165,0.8498916715985773
ID343209,343209,1189,50.58767319,19.44155617,27.21325107,0,86.5,1730,0.15000000000000002,1,,137.14285714285714,128.0,114.0,178.0,2880.0,18.96387543274242,0.06993591529674005,0.9454065173628241
ID343270,343270,1189,48.66184998,19.47754474,27.20171665,0,86.55,1731,0.15000000000000002,1,,130.52380952380952,126.0,108.0,178.0,2741.0,16.951752262285595,0.0569238926109799,0.8293846908560338
ID343256,343256,1189,78.45256805,19.4103019,27.19905645,0,86.6,1732,0.15000000000000002,1,,136.76190476190476,127.0,111.0,209.0,2872.0,24.915667283668647,0.07985148282182636,0.8117860238665184
ID343285,343285,1189,42.86971664,19.46622188,27.18450489,0,86.65,1733,0.15000000000000002,1,,132.33333333333334,131.0,108.0,175.0,2779.0,18.580455681530882,0.05230274056894025,0.7079891973713996
ID343244,343244,1189,53.0168457,19.4287052,27.18977183,0,86.7,1734,0.15000000000000002,1,,136.33333333333334,134.0,112.0,176.0,2863.0,18.593905811672094,0.07631578947368424,1.03976719733608
ID343299,343299,1189,50.891819,19.40719297,27.20947732,0,86.75,1735,0.15000000000000002,1,,129.66666666666666,122.0,105.0,167.0,2723.0,17.188174229199948,0.06010024818725972,0.8553777007568357
ID343326,343326,1189,56.17091751,19.43204961,27.19500093,0,86.8,1736,0.15000000000000002,1,,135.52380952380952,130.0,112.0,185.0,2846.0,18.797922884241885,0.06942226397369654,0.936020336054682
ID343431,343431,1189,29.29232407,19.38760407,27.1623023,0,86.85,1737,0.15000000000000002,1,,121.38095238095238,117.0,108.0,145.0,2549.0,11.186939664073416,0.035126903553299504,0.7364029382004877
ID343311,343311,1189,33.57435608,19.47533383,27.19459316,0,86.9,1738,0.15000000000000002,1,,129.0,124.0,112.0,167.0,2709.0,13.080519867344723,0.045138888888888874,0.8518665355705836
ID343348,343348,1189,37.94221115,19.41130441,27.14024584,0,86.95,1739,0.15000000000000002,1,,122.42857142857143,118.0,101.0,158.0,2571.0,15.670263011741152,0.035180431828476515,0.531033114453384
ID343339,343339,1189,39.58794403,19.39949908,27.20668131,0,87,1740,0.15000000000000002,1,,126.19047619047619,125.0,110.0,162.0,2650.0,12.960011757784203,0.05090963168591684,0.9433780389008548
ID343357,343357,1189,53.50266647,19.42845584,27.1916797,0,87.1,1742,0.15000000000000002,1,,132.57142857142858,128.0,110.0,185.0,2784.0,19.192632515034067,0.07236747074967503,0.9322773792933946
ID343380,343380,1189,27.81964874,19.36847363,27.23801762,0,87.15,1743,0.15000000000000002,1,,122.14285714285714,121.0,108.0,146.0,2565.0,10.277576145598312,0.03589277601090411,0.8235682805338104
ID343407,343407,1189,29.96519279,19.39374638,27.17895972,0,87.2,1744,0.15000000000000002,1,,125.33333333333333,125.0,109.0,149.0,2632.0,10.7300201925874,0.04672897196261682,1.0429128733799482
ID343394,343394,1189,25.83892632,19.38316306,27.18397983,0,87.25,1745,0.15000000000000002,1,,120.42857142857143,118.0,103.0,142.0,2529.0,11.093112406224993,0.03135035938216852,0.659997690758104
ID343444,343444,1189,38.22672653,19.39813725,27.19080482,0,87.3,1746,0.15000000000000002,1,,129.85714285714286,125.0,112.0,153.0,2727.0,13.004944114780788,0.05697674418604651,1.0765136609920745
ID343418,343418,1189,33.56679153,19.47550974,27.19807461,0,87.35,1747,0.15000000000000002,1,,125.19047619047619,121.0,106.0,151.0,2629.0,13.181877892087483,0.04397895363843941,0.8001605790894434
ID343476,343476,1189,47.45486832,19.46951556,27.19625636,0,87.4,1748,0.15000000000000002,1,,130.61904761904762,131.0,104.0,164.0,2743.0,17.47705979413068,0.05272247541376827,0.7486003645605828
ID343454,343454,1189,25.79472351,19.46771659,27.24144101,0,87.45,1749,0.15000000000000002,1,,127.66666666666667,129.0,101.0,147.0,2681.0,12.224292753911504,0.0417719059646396,0.8375204557187389
ID343465,343465,1189,32.50915909,19.42188822,27.18529795,0,87.5,1750,0.15000000000000002,1,,122.80952380952381,120.0,108.0,144.0,2579.0,10.893204522173663,0.04018149735316361,0.8710104743541488
ID343487,343487,1189,44.25700378,19.41307343,27.21940395,0,87.7,1754,0.15000000000000002,1,,127.71428571428571,124.0,109.0,155.0,2682.0,14.255324819669516,0.05595747822235343,0.9495198781467036
ID343510,343510,1189,49.83323669,19.39912475,27.21749749,0,87.75,1755,0.15000000000000002,1,,128.66666666666666,127.0,109.0,165.0,2702.0,15.925869939608742,0.057172201300924305,0.8738402812178532
ID343560,343560,1189,67.06498718,19.42090009,27.20761815,0,87.8,1756,0.15000000000000002,1,,141.47619047619048,136.0,103.0,184.0,2971.0,23.712062431638138,0.08154350200218424,0.8996827414248478
ID343680,343680,1189,45.79205704,19.40929013,27.17643659,0,87.85,1757,0.15000000000000002,1,,134.85714285714286,129.0,115.0,167.0,2832.0,14.735283215078407,0.06396167934629476,1.1003715013562734
ID343544,343544,1189,22.34832764,19.39761002,27.11739146,0,87.9,1758,0.15000000000000002,1,,122.76190476190476,121.0,112.0,138.0,2578.0,7.764694211008968,0.03466613154066118,1.0594352143999668
ID343618,343618,1189,27.7027626,19.42755094,27.17904021,0,87.95,1759,0.15000000000000002,1,,127.42857142857143,126.0,112.0,153.0,2676.0,9.856832293244258,0.04771692849801793,1.1775733330776301
ID343603,343603,1189,63.3002243,19.37861409,27.16532256,0,88,1760,0.15000000000000002,1,,138.28571428571428,131.0,112.0,187.0,2904.0,21.295874852052584,0.07735114079020586,0.9324408128379348
ID343589,343589,1189,68.75784302,19.34690508,27.18601599,0,88.05,1761,0.15000000000000002,1,,137.33333333333334,133.0,104.0,193.0,2884.0,25.60143225160134,0.08009924628996776,0.7956214097269333
ID343574,343574,1189,60.0255394,19.31092933,27.19250376,0,88.1,1762,0.15000000000000002,1,,130.23809523809524,126.0,103.0,179.0,2735.0,19.46254033240461,0.06523855890944498,0.8196453638593447
ID343661,343661,1189,43.83781052,19.29140129,27.12600763,0,88.15,1763,0.15000000000000002,1,,131.47619047619048,129.0,106.0,161.0,2761.0,15.740454401379417,0.04966021955044433,0.7903505116971697
ID343634,343634,1189,49.13450623,19.34478915,27.16688678,0,88.2,1764,0.15000000000000002,1,,132.71428571428572,132.0,111.0,172.0,2787.0,17.28335284932544,0.06475644699140405,0.9340118947746415
ID343694,343694,1189,47.72371674,19.34443959,27.19473325,0,88.25,1765,0.15000000000000002,1,,134.04761904761904,130.0,110.0,168.0,2815.0,17.077693610309886,0.06036349938788957,0.8936748199236376
ID343647,343647,1189,40.12846375,19.45748035,27.11985692,0,88.3,1766,0.15000000000000002,1,,126.33333333333333,124.0,108.0,161.0,2653.0,14.554495296413865,0.05366628605470884,0.8841974494449472
ID343706,343706,1189,35.19633102,19.45209355,27.08759678,0,88.35,1767,0.15000000000000002,1,,128.1904761904762,125.0,112.0,156.0,2692.0,12.540410868943042,0.05377501590252976,1.0432938338356104
ID343753,343753,1189,38.58193588,19.56709727,27.0364914,0,88.4,1768,0.15000000000000002,1,,128.28571428571428,127.0,109.0,160.0,2694.0,15.70077341134142,0.04646758922068462,0.7256239450362065
ID343718,343718,1189,42.977005,19.59217931,26.91149017,0,88.45,1769,0.15000000000000002,1,,129.71428571428572,130.0,109.0,167.0,2724.0,14.953738185292858,0.04880161709500438,0.8072515662539115
ID343780,343780,1189,43.39204025,19.49576614,26.82755138,0,88.5,1770,0.15000000000000002,1,,129.47619047619048,129.0,89.0,160.0,2719.0,16.66319011359784,0.05046602598155213,0.7465843038257276
ID343732,343732,1189,48.85021973,19.49168695,26.88813306,0,88.55,1771,0.15000000000000002,1,,133.23809523809524,129.0,110.0,177.0,2798.0,18.239804719088312,0.06246440098727931,0.8589273244943899
ID343743,343743,1189,37.3786087,19.47183487,26.80922073,0,88.6,1772,0.15000000000000002,1,,128.28571428571428,127.0,109.0,165.0,2694.0,12.888533109484792,0.051676182110964676,0.9781673950051875
ID343792,343792,1189,46.21038055,19.50308454,26.82059728,0,88.65,1773,0.15000000000000002,1,,130.23809523809524,126.0,111.0,160.0,2735.0,15.38799779667505,0.054305401628680215,0.8718916420410242
ID343768,343768,1189,41.907341,19.57446198,26.79759758,0,88.7,1774,0.15000000000000002,1,,129.23809523809524,126.0,107.0,155.0,2714.0,14.473785827850163,0.056133865161980746,0.9491708252073675
ID343804,343804,1189,37.52376175,19.53910634,26.7887897,0,88.75,1775,0.15000000000000002,1,,128.14285714285714,127.0,106.0,154.0,2691.0,14.799613894577499,0.053125917229233946,0.8735749135528725
ID343832,343832,1189,58.74628448,19.57947382,26.73486547,0,88.8,1776,0.15000000000000002,1,,134.61904761904762,131.0,112.0,185.0,2827.0,19.931071698421515,0.0669937724098887,0.8481612108244396
ID343875,343875,1189,42.8837738,19.81885794,26.67205365,0,88.9,1778,0.15000000000000002,1,,132.42857142857142,129.0,109.0,167.0,2781.0,15.09162492434605,0.059428571428571386,0.9844627686959717
ID343845,343845,1189,35.97166443,19.66408005,26.68541157,0,88.95,1779,0.15000000000000002,1,,127.33333333333333,127.0,100.0,155.0,2674.0,15.853495934125485,0.0381946129580199,0.590976757301855
ID343902,343902,1189,41.76316833,19.5590462,26.72338605,0,89,1780,0.15000000000000002,1,,134.9047619047619,134.0,110.0,164.0,2833.0,15.35221404848422,0.05876856955993644,0.9755068831696704
ID343859,343859,1189,44.99549484,19.64863695,26.69397087,0,89.05,1781,0.15000000000000002,1,,130.9047619047619,130.0,105.0,170.0,2749.0,17.37499571771102,0.05199712987323607,0.7447757916443946
ID343917,343917,1189,41.37996674,19.63088106,26.71193742,0,89.1,1782,0.15000000000000002,1,,130.47619047619048,126.0,112.0,167.0,2740.0,14.891672329255192,0.047801147227533494,0.7994241104388663
ID343959,343959,1189,38.4510231,19.66827711,26.55202282,0,89.15,1783,0.15000000000000002,1,,127.71428571428571,123.0,107.0,160.0,2682.0,15.411498490227538,0.04044224614489375,0.6442314116870039
ID343889,343889,1189,36.31413269,19.63867125,26.4505852,0,89.2,1784,0.15000000000000002,1,,129.14285714285714,129.0,105.0,160.0,2712.0,14.694508206420908,0.05345957756737068,0.8919756056494326
ID343933,343933,1189,22.92279053,19.70779738,26.33186666,0,89.25,1785,0.15000000000000002,1,,118.71428571428571,118.0,101.0,140.0,2493.0,10.41221809771029,0.01635835499159149,0.3670138807665702
ID343945,343945,1189,41.24489975,19.79266978,26.40561066,0,89.3,1786,0.15000000000000002,1,,127.33333333333333,124.0,101.0,158.0,2674.0,13.839556832981804,0.0524451441503493,0.9169712833746831
ID344050,344050,1189,58.38679504,19.69029492,26.45044707,0,89.35,1787,0.15000000000000002,1,,136.04761904761904,134.0,102.0,181.0,2857.0,21.715147226017578,0.06863661866467174,0.8047926313505125
ID343969,343969,1189,40.86692429,19.75343662,26.41441675,0,89.4,1788,0.15000000000000002,1,,128.95238095238096,124.0,107.0,165.0,2708.0,16.023346062780366,0.0469240806069686,0.7214175968136096
ID343995,343995,1189,56.18946075,19.79817355,26.31018257,0,89.45,1789,0.15000000000000002,1,,134.0,128.0,110.0,192.0,2814.0,18.18240908130713,0.06742532005689901,0.9310411702250865
ID344009,344009,1189,57.46577835,19.79078753,26.20413253,0,89.5,1790,0.15000000000000002,1,,139.28571428571428,133.0,120.0,181.0,2925.0,17.338231908539168,0.07172300082440229,1.0752455752812624
ID343984,343984,1189,42.6483345,19.8724058,26.20087705,0,89.55,1791,0.15000000000000002,1,,129.9047619047619,126.0,110.0,173.0,2728.0,15.591359023205007,0.04953351928440895,0.786455160429252
ID344064,344064,1189,43.94708633,19.81300733,26.0924078,0,89.6,1792,0.15000000000000002,1,,131.71428571428572,129.0,106.0,162.0,2766.0,16.49285559611451,0.06267108485808963,0.9419663074825134
ID344035,344035,1189,38.29603958,19.61866587,25.88826906,0,89.65,1793,0.15000000000000002,1,,125.0952380952381,122.0,93.0,156.0,2627.0,16.142815002052032,0.04468857185465034,0.6629810817394924
ID344022,344022,1189,54.31611633,19.61215076,25.8884227,0,89.7,1794,0.15000000000000002,1,,133.0952380952381,129.0,105.0,171.0,2795.0,18.920636252263723,0.060872040612990494,0.807256654594907
ID344087,344087,1189,49.87538528,19.70185654,25.9578961,0,89.75,1795,0.15000000000000002,1,,136.76190476190476,129.0,112.0,176.0,2872.0,17.61506389969892,0.07019423354604314,1.018473523152126
ID344077,344077,1189,40.48686218,19.63951971,25.93330062,0,89.8,1796,0.15000000000000002,1,,129.85714285714286,126.0,110.0,167.0,2727.0,15.88800086318513,0.05636257989540966,0.8721766178432133
ID344102,344102,1189,45.16388321,19.57945858,25.90371834,0,89.85,1797,0.15000000000000002,1,,131.0,126.0,106.0,165.0,2751.0,16.06237840420901,0.060115606936416204,0.9249653123132545
ID344131,344131,1189,45.40438843,19.53011114,25.84862876,0,89.9,1798,0.15000000000000002,1,,131.8095238095238,127.0,109.0,164.0,2768.0,18.89872759637285,0.05739661923407501,0.7571686367007142
ID344116,344116,1189,34.0906105,19.49209614,25.77746765,0,89.95,1799,0.15000000000000002,1,,131.95238095238096,131.0,110.0,160.0,2771.0,13.763997204577565,0.06006120887528696,1.0863400166492456
ID344160,344160,1189,34.53656769,19.39073426,25.62631304,0,90.05,1801,0.15000000000000002,1,,124.28571428571429,118.0,109.0,158.0,2610.0,13.081065924238962,0.03356103356103361,0.6170314115207066
ID344208,344208,1189,40.34000015,19.37929896,25.65139575,0,90.1,1802,0.15000000000000002,1,,130.33333333333334,126.0,106.0,160.0,2737.0,15.252322227560407,0.05284416021541572,0.8577928749559344
ID344176,344176,1189,31.00557518,19.37136853,25.56891631,0,90.15,1803,0.15000000000000002,1,,130.0952380952381,131.0,108.0,153.0,2732.0,12.67637472586213,0.04096018289197943,0.8076516716729467
ID344195,344195,1189,35.40909958,19.34850068,25.46670059,0,90.2,1804,0.15000000000000002,1,,134.23809523809524,135.0,111.0,164.0,2819.0,13.333809515306426,0.06032253514504681,1.1454948044875024
ID344256,344256,1189,51.20259094,19.40632018,25.41890476,0,90.25,1805,0.15000000000000002,1,,129.28571428571428,126.0,99.0,174.0,2715.0,18.908048173047522,0.04897131266299622,0.6384280630634201
ID344225,344225,1189,32.62060165,19.24461654,25.52317359,0,90.3,1806,0.15000000000000002,1,,128.38095238095238,127.0,104.0,155.0,2696.0,13.147152507201666,0.042133745651333585,0.7895970154195721
ID344240,344240,1189,37.36817169,19.23631331,25.55043366,0,90.35,1807,0.15000000000000002,1,,133.33333333333334,131.0,109.0,164.0,2800.0,15.340577998671804,0.05635463334119313,0.927356875172643
ID344439,344439,1189,36.2053299,19.27714539,25.38893741,0,90.4,1808,0.15000000000000002,1,,132.47619047619048,131.0,111.0,163.0,2782.0,13.833362019476853,0.03956280069129809,0.7289141511034258
ID344271,344271,1189,27.79121971,19.31170604,25.4697731,0,90.45,1809,0.15000000000000002,1,,128.38095238095238,130.0,105.0,154.0,2696.0,12.175697887497828,0.02974456910957271,0.6091368835853102
ID344286,344286,1189,37.68352127,19.4408022,25.43186837,0,90.5,1810,0.15000000000000002,1,,130.04761904761904,129.0,108.0,163.0,2731.0,15.860252805287152,0.0487207795324725,0.7618625933443662
ID344304,344304,1189,45.37333679,19.48603051,25.49199206,0,90.55,1811,0.15000000000000002,1,,128.8095238095238,129.0,103.0,164.0,2705.0,15.253258824326846,0.05370794176364604,0.8608620972201891
ID344338,344338,1189,25.10408783,19.45086867,25.47698616,0,90.6,1812,0.15000000000000002,1,,120.57142857142857,119.0,103.0,152.0,2532.0,12.436122500890011,0.02551640340218712,0.48246549513890685
ID344353,344353,1189,40.62445068,19.27482192,25.38313954,0,90.65,1813,0.15000000000000002,1,,132.23809523809524,127.0,109.0,158.0,2777.0,15.60738530922064,0.04777625807668726,0.7726805977167234
ID344321,344321,1189,29.29779434,19.46717847,25.37606056,0,90.7,1814,0.15000000000000002,1,,125.85714285714286,125.0,112.0,144.0,2643.0,10.42250312681994,0.051626380185019416,1.1856214104023213
ID344367,344367,1189,28.59123993,19.60654819,25.31803407,0,90.75,1815,0.15000000000000002,1,,124.04761904761905,120.0,108.0,149.0,2605.0,11.62099905548654,0.037383642789586335,0.7693380016458384
ID344413,344413,1189,30.19499969,19.5811709,25.06220075,0,90.8,1816,0.15000000000000002,1,,130.66666666666666,127.0,111.0,152.0,2744.0,12.638565319423455,0.051391350160448275,1.0107009143022123
ID344383,344383,1189,55.01868439,19.68616915,25.07314564,0,90.85,1817,0.15000000000000002,1,,137.14285714285714,134.0,111.0,198.0,2880.0,18.8607680498057,0.06327010937283677,0.8653639410828081
ID344396,344396,1189,32.81769943,19.66399816,25.1342839,0,90.9,1818,0.15000000000000002,1,,127.85714285714286,125.0,108.0,156.0,2685.0,14.609194756336551,0.03918722786647319,0.6600539799549655
ID344426,344426,1189,36.09526825,19.77759182,25.2550739,0,90.95,1819,0.15000000000000002,1,,126.57142857142857,124.0,105.0,160.0,2658.0,14.28835689843807,0.04883101509322281,0.8248474173403822
ID344456,344456,1189,33.38050079,19.76595594,25.20596885,0,91,1820,0.15000000000000002,1,,126.33333333333333,120.0,106.0,164.0,2653.0,15.666312052724258,0.0359234673955486,0.5592831760542601
ID344487,344487,1189,36.20501328,19.62013294,25.36258252,0,91.1,1822,0.15000000000000002,1,,124.80952380952381,124.0,105.0,159.0,2621.0,14.46588762440469,0.04214711729622269,0.6978650987310948
ID344471,344471,1189,33.39896774,19.58856894,25.30563497,0,91.15,1823,0.15000000000000002,1,,126.23809523809524,124.0,103.0,149.0,2651.0,13.486677729910959,0.04442036836403035,0.7962001801437081
ID344560,344560,1189,40.4790802,19.64570346,25.18188806,0,91.2,1824,0.15000000000000002,1,,132.85714285714286,130.0,110.0,160.0,2790.0,15.979004081248977,0.05427235369137028,0.8560340406085098
ID344516,344516,1189,25.88017082,19.56729003,25.18761969,0,91.25,1825,0.15000000000000002,1,,125.47619047619048,124.0,108.0,142.0,2635.0,9.416045070086735,0.03648343003245161,0.9381150225581891
ID344575,344575,1189,32.7299881,19.43438203,25.27325072,0,91.3,1826,0.15000000000000002,1,,129.52380952380952,129.0,101.0,158.0,2720.0,15.715021627789914,0.04822004913531477,0.758297821594698
ID344545,344545,1189,32.3735199,19.47893255,25.29180229,0,91.35,1827,0.15000000000000002,1,,127.42857142857143,129.0,103.0,161.0,2676.0,13.599894957577535,0.03600464576074334,0.6512655343861957
