date,consumption_factor_Vehicle_0,consumption_factor_Vehicle_1,consumption_factor_Vehicle_10,consumption_factor_Vehicle_11,consumption_factor_Vehicle_12,consumption_factor_Vehicle_13,consumption_factor_Vehicle_14,consumption_factor_Vehicle_15,consumption_factor_Vehicle_16,consumption_factor_Vehicle_17,consumption_factor_Vehicle_18,consumption_factor_Vehicle_19,consumption_factor_Vehicle_2,consumption_factor_Vehicle_3,consumption_factor_Vehicle_4,consumption_factor_Vehicle_5,consumption_factor_Vehicle_6,consumption_factor_Vehicle_7,consumption_factor_Vehicle_8,consumption_factor_Vehicle_9
2026-01-01 00:00:00,1.0,1.0,1.0,1.0,1.0,1.0,1.0,1.0,1.0,1.0,1.0,1.0,1.0,1.0,1.0,1.0,1.0,1.0,1.0,1.0
2026-01-01 01:00:00,1.0,1.0,1.0,1.0,1.0,1.0,1.0,1.0,1.0,1.0,1.0,1.0,1.0,1.0,1.0,1.0,1.0,1.0,1.0,1.0
2026-01-01 02:00:00,1.0,1.0,1.0,1.0,1.0,1.0,1.0,1.0,1.0,1.0,1.0,1.0,1.0,1.0,1.0,1.0,1.0,1.0,1.0,1.0
2026-01-01 03:00:00,1.0,1.0,1.0,1.0,1.0,1.0,1.0,1.0,1.0,1.0,1.0,1.0,1.0,1.0,1.0,1.0,1.0,1.0,1.0,1.0
2026-01-01 04:00:00,1.0,1.0,1.0,1.0,1.0,1.0,1.0,1.0,1.0,1.0,1.0,1.0,1.0,1.0,1.0,1.0,1.0,1.0,1.0,1.0
2026-01-01 05:00:00,1.0,1.0,1.0,1.0,1.0,1.0,1.0,1.0,1.0,1.0,1.0,1.0,1.0,1.0,1.0,1.0,1.0,1.0,1.0,1.0
2026-01-01 06:00:00,1.0,1.0,1.0,1.0,1.0,1.0,1.0,1.0,1.0,1.0,1.0,1.0,1.0,1.0,1.0,1.0,1.0,1.0,1.0,1.0
2026-01-01 07:00:00,1.0,1.0,1.1329772784640002,1.0,1.0,1.0,1.0,1.0,1.1329772784640002,1.0,1.0,1.0,1.0,1.1329772784640002,1.0,1.0,1.0,1.0,1.0,1.0
2026-01-01 08:00:00,1.0,1.1329772784640002,1.1329772784640002,1.1329772784640002,1.1329772784640002,1.1329772784640002,1.0,1.0,1.1329772784640002,1.1329772784640002,1.1329772784640002,1.1329772784640002,1.0,1.1329772784640002,1.0,1.0,1.1329772784640002,1.0,1.1329772784640002,1.0
2026-01-01 09:00:00,1.1329772784640002,1.1329772784640002,1.1329772784640002,1.1329772784640002,1.1329772784640002,1.1329772784640002,1.1329772784640002,1.1329772784640002,1.1329772784640002,1.1329772784640002,1.1329772784640002,1.1329772784640002,1.1329772784640002,1.1329772784640002,1.1329772784640002,1.1329772784640002,1.1329772784640002,1.0,1.1329772784640002,1.1329772784640002
2026-01-01 10:00:00,1.1329772784640002,1.1329772784640002,1.1329772784640002,1.1329772784640002,1.1329772784640002,1.1329772784640002,1.1329772784640002,1.1329772784640002,1.1329772784640002,1.1329772784640002,1.1329772784640002,1.1329772784640002,1.1329772784640002,1.1329772784640002,1.1329772784640002,1.1329772784640002,1.1329772784640002,1.1329772784640002,1.1329772784640002,1.1329772784640002
2026-01-01 11:00:00,1.1329772784640002,1.1329772784640002,1.1329772784640002,1.1329772784640002,1.1329772784640002,1.1329772784640002,1.1329772784640002,1.1329772784640002,1.1329772784640002,1.1329772784640002,1.1329772784640002,1.1329772784640002,1.1329772784640002,1.1329772784640002,1.1329772784640002,1.1329772784640002,1.1329772784640002,1.1329772784640002,1.1329772784640002,1.1329772784640002
2026-01-01 12:00:00,1.1329772784640002,1.1329772784640002,1.1329772784640002,1.1329772784640002,1.1329772784640002,1.1329772784640002,1.1329772784640002,1.1329772784640002,1.1329772784640002,1.1329772784640002,1.1329772784640002,1.1329772784640002,1.1329772784640002,1.1329772784640002,1.1329772784640002,1.1329772784640002,1.1329772784640002,1.1329772784640002,1.1329772784640002,1.1329772784640002
2026-01-01 13:00:00,1.1329772784640002,1.1329772784640002,1.1329772784640002,1.1329772784640002,1.1329772784640002,1.1329772784640002,1.1329772784640002,1.1329772784640002,1.1329772784640002,1.1329772784640002,1.1329772784640002,1.1329772784640002,1.1329772784640002,1.1329772784640002,1.1329772784640002,1.1329772784640002,1.1329772784640002,1.1329772784640002,1.1329772784640002,1.1329772784640002
2026-01-01 14:00:00,1.1329772784640002,1.1329772784640002,1.1329772784640002,1.1329772784640002,1.1329772784640002,1.1329772784640002,1.1329772784640002,1.1329772784640002,1.1329772784640002,1.1329772784640002,1.1329772784640002,1.1329772784640002,1.1329772784640002,1.1329772784640002,1.1329772784640002,1.1329772784640002,1.1329772784640002,1.1329772784640002,1.1329772784640002,1.1329772784640002
2026-01-01 15:00:00,1.1329772784640002,1.1329772784640002,1.1329772784640002,1.1329772784640002,1.1329772784640002,1.1329772784640002,1.1329772784640002,1.1329772784640002,1.1329772784640002,1.1329772784640002,1.1329772784640002,1.1329772784640002,1.1329772784640002,1.1329772784640002,1.1329772784640002,1.1329772784640002,1.1329772784640002,1.1329772784640002,1.1329772784640002,1.1329772784640002
2026-01-01 16:00:00,1.1329772784640002,1.1329772784640002,1.1329772784640002,1.1329772784640002,1.1329772784640002,1.1329772784640002,1.1329772784640002,1.1329772784640002,1.1329772784640002,1.1329772784640002,1.1329772784640002,1.1329772784640002,1.1329772784640002,1.1329772784640002,1.1329772784640002,1.1329772784640002,1.1329772784640002,1.1329772784640002,1.1329772784640002,1.1329772784640002
2026-01-01 17:00:00,1.1329772784640002,1.1329772784640002,1.1329772784640002,1.1329772784640002,1.1329772784640002,1.1329772784640002,1.1329772784640002,1.1329772784640002,1.1329772784640002,1.1329772784640002,1.1329772784640002,1.1329772784640002,1.1329772784640002,1.1329772784640002,1.1329772784640002,1.1329772784640002,1.1329772784640002,1.1329772784640002,1.1329772784640002,1.1329772784640002
2026-01-01 18:00:00,1.1329772784640002,1.1329772784640002,1.1329772784640002,1.1329772784640002,1.1329772784640002,1.1329772784640002,1.1329772784640002,1.1329772784640002,1.1329772784640002,1.1329772784640002,1.1329772784640002,1.1329772784640002,1.1329772784640002,1.1329772784640002,1.1329772784640002,1.1329772784640002,1.1329772784640002,1.1329772784640002,1.1329772784640002,1.1329772784640002
2026-01-01 19:00:00,1.1329772784640002,1.1329772784640002,1.1329772784640002,1.1329772784640002,1.1329772784640002,1.0,1.1329772784640002,1.1329772784640002,1.1329772784640002,1.1329772784640002,1.1329772784640002,1.1329772784640002,1.1329772784640002,1.1329772784640002,1.1329772784640002,1.1329772784640002,1.0,1.1329772784640002,1.1329772784640002,1.1329772784640002
2026-01-01 20:00:00,1.1329772784640002,1.0,1.1329772784640002,1.1329772784640002,1.1329772784640002,1.0,1.1329772784640002,1.0,1.1329772784640002,1.0,1.1329772784640002,1.1329772784640002,1.1329772784640002,1.0,1.1329772784640002,1.1329772784640002,1.0,1.1329772784640002,1.1329772784640002,1.1329772784640002
2026-01-01 21:00:00,1.0,1.0,1.1329772784640002,1.0,1.0,1.0,1.0,1.0,1.1329772784640002,1.0,1.1329772784640002,1.0,1.1329772784640002,1.0,1.1329772784640002,1.1329772784640002,1.0,1.0,1.0,1.0
2026-01-01 22:00:00,1.0,1.0,1.0,1.0,1.0,1.0,1.0,1.0,1.0,1.0,1.1329772784640002,1.0,1.1329772784640002,1.0,1.0,1.1329772784640002,1.0,1.0,1.0,1.0
2026-01-01 23:00:00,1.0,1.0,1.0,1.0,1.0,1.0,1.0,1.0,1.0,1.0,1.0,1.0,1.0,1.0,1.0,1.0,1.0,1.0,1.0,1.0
2026-01-02 00:00:00,1.0,1.0,1.0,1.0,1.0,1.0,1.0,1.0,1.0,1.0,1.0,1.0,1.0,1.0,1.0,1.0,1.0,1.0,1.0,1.0
2026-01-02 01:00:00,1.0,1.0,1.0,1.0,1.0,1.0,1.0,1.0,1.0,1.0,1.0,1.0,1.0,1.0,1.0,1.0,1.0,1.0,1.0,1.0
2026-01-02 02:00:00,1.0,1.0,1.0,1.0,1.0,1.0,1.0,1.0,1.0,1.0,1.0,1.0,1.0,1.0,1.0,1.0,1.0,1.0,1.0,1.0
2026-01-02 03:00:00,1.0,1.0,1.0,1.0,1.0,1.0,1.0,1.0,1.0,1.0,1.0,1.0,1.0,1.0,1.0,1.0,1.0,1.0,1.0,1.0
2026-01-02 04:00:00,1.0,1.0,1.0,1.0,1.0,1.0,1.0,1.0,1.0,1.0,1.0,1.0,1.0,1.0,1.0,1.0,1.0,1.0,1.0,1.0
2026-01-02 05:00:00,1.0,1.0,1.0,1.0,1.0,1.0,1.0,1.0,1.0,1.0,1.0,1.0,1.0,1.0,1.0,1.0,1.0,1.0,1.0,1.0
2026-01-02 06:00:00,1.0,1.0,1.0,1.0,1.0,1.0,1.0,1.0,1.0,1.0,1.0,1.0,1.0,1.0,1.0,1.0,1.0,1.0,1.0,1.0
2026-01-02 07:00:00,1.23259004,1.0,1.0,1.0,1.0,1.0,1.23259004,1.0,1.0,1.0,1.0,1.0,1.0,1.0,1.0,1.23259004,1.23259004,1.23259004,1.23259004,1.0
2026-01-02 08:00:00,1.23259004,1.0,1.23259004,1.0,1.0,1.0,1.23259004,1.23259004,1.23259004,1.23259004,1.23259004,1.0,1.23259004,1.23259004,1.0,1.23259004,1.23259004,1.23259004,1.23259004,1.23259004
2026-01-02 09:00:00,1.23259004,1.0,1.23259004,1.23259004,1.0,1.23259004,1.23259004,1.23259004,1.23259004,1.23259004,1.23259004,1.23259004,1.23259004,1.23259004,1.0,1.23259004,1.23259004,1.23259004,1.23259004,1.23259004
2026-01-02 10:00:00,1.23259004,1.23259004,1.23259004,1.23259004,1.23259004,1.23259004,1.23259004,1.23259004,1.23259004,1.23259004,1.23259004,1.23259004,1.23259004,1.23259004,1.23259004,1.23259004,1.23259004,1.23259004,1.23259004,1.23259004
2026-01-02 11:00:00,1.23259004,1.23259004,1.23259004,1.23259004,1.23259004,1.23259004,1.23259004,1.23259004,1.23259004,1.23259004,1.23259004,1.23259004,1.23259004,1.23259004,1.23259004,1.23259004,1.23259004,1.23259004,1.23259004,1.23259004
2026-01-02 12:00:00,1.23259004,1.23259004,1.23259004,1.23259004,1.23259004,1.23259004,1.23259004,1.23259004,1.23259004,1.23259004,1.23259004,1.23259004,1.23259004,1.23259004,1.23259004,1.23259004,1.23259004,1.23259004,1.23259004,1.23259004
2026-01-02 13:00:00,1.23259004,1.23259004,1.23259004,1.23259004,1.23259004,1.23259004,1.23259004,1.23259004,1.23259004,1.23259004,1.23259004,1.23259004,1.23259004,1.23259004,1.23259004,1.23259004,1.23259004,1.23259004,1.23259004,1.23259004
2026-01-02 14:00:00,1.23259004,1.23259004,1.23259004,1.23259004,1.23259004,1.23259004,1.23259004,1.23259004,1.23259004,1.23259004,1.23259004,1.23259004,1.23259004,1.23259004,1.23259004,1.23259004,1.23259004,1.23259004,1.23259004,1.23259004
2026-01-02 15:00:00,1.23259004,1.23259004,1.23259004,1.23259004,1.23259004,1.23259004,1.23259004,1.23259004,1.23259004,1.23259004,1.23259004,1.23259004,1.23259004,1.23259004,1.23259004,1.23259004,1.23259004,1.23259004,1.23259004,1.23259004
2026-01-02 16:00:00,1.23259004,1.23259004,1.23259004,1.23259004,1.23259004,1.23259004,1.23259004,1.23259004,1.23259004,1.23259004,1.23259004,1.23259004,1.23259004,1.23259004,1.23259004,1.23259004,1.23259004,1.23259004,1.23259004,1.23259004
2026-01-02 17:00:00,1.23259004,1.23259004,1.23259004,1.23259004,1.23259004,1.23259004,1.23259004,1.23259004,1.23259004,1.23259004,1.23259004,1.23259004,1.23259004,1.23259004,1.23259004,1.23259004,1.23259004,1.23259004,1.23259004,1.23259004
2026-01-02 18:00:00,1.23259004,1.23259004,1.23259004,1.23259004,1.23259004,1.23259004,1.23259004,1.23259004,1.23259004,1.23259004,1.23259004,1.23259004,1.23259004,1.23259004,1.23259004,1.23259004,1.23259004,1.23259004,1.23259004,1.23259004
2026-01-02 19:00:00,1.23259004,1.23259004,1.23259004,1.0,1.23259004,1.23259004,1.23259004,1.23259004,1.23259004,1.23259004,1.0,1.0,1.23259004,1.23259004,1.23259004,1.23259004,1.23259004,1.23259004,1.23259004,1.23259004
2026-01-02 20:00:00,1.0,1.0,1.0,1.0,1.0,1.23259004,1.23259004,1.0,1.23259004,1.23259004,1.0,1.0,1.23259004,1.23259004,1.23259004,1.23259004,1.0,1.23259004,1.23259004,1.23259004
2026-01-02 21:00:00,1.0,1.0,1.0,1.0,1.0,1.0,1.0,1.0,1.0,1.0,1.0,1.0,1.0,1.23259004,1.0,1.23259004,1.0,1.0,1.23259004,1.0
2026-01-02 22:00:00,1.0,1.0,1.0,1.0,1.0,1.0,1.0,1.0,1.0,1.0,1.0,1.0,1.0,1.23259004,1.0,1.0,1.0,1.0,1.0,1.0
2026-01-02 23:00:00,1.0,1.0,1.0,1.0,1.0,1.0,1.0,1.0,1.0,1.0,1.0,1.0,1.0,1.0,1.0,1.0,1.0,1.0,1.0,1.0
2026-01-03 00:00:00,1.0,1.0,1.0,1.0,1.0,1.0,1.0,1.0,1.0,1.0,1.0,1.0,1.0,1.0,1.0,1.0,1.0,1.0,1.0,1.0
2026-01-03 01:00:00,1.0,1.0,1.0,1.0,1.0,1.0,1.0,1.0,1.0,1.0,1.0,1.0,1.0,1.0,1.0,1.0,1.0,1.0,1.0,1.0
2026-01-03 02:00:00,1.0,1.0,1.0,1.0,1.0,1.0,1.0,1.0,1.0,1.0,1.0,1.0,1.0,1.0,1.0,1.0,1.0,1.0,1.0,1.0
2026-01-03 03:00:00,1.0,1.0,1.0,1.0,1.0,1.0,1.0,1.0,1.0,1.0,1.0,1.0,1.0,1.0,1.0,1.0,1.0,1.0,1.0,1.0
2026-01-03 04:00:00,1.0,1.0,1.0,1.0,1.0,1.0,1.0,1.0,1.0,1.0,1.0,1.0,1.0,1.0,1.0,1.0,1.0,1.0,1.0,1.0
2026-01-03 05:00:00,1.0,1.0,1.0,1.0,1.0,1.0,1.0,1.0,1.0,1.0,1.0,1.0,1.0,1.0,1.0,1.0,1.0,1.0,1.0,1.0
2026-01-03 06:00:00,1.0,1.0,1.0,1.0,1.0,1.0,1.0,1.0,1.0,1.0,1.0,1.0,1.0,1.0,1.0,1.0,1.0,1.0,1.0,1.0
2026-01-03 07:00:00,1.0,1.0,1.0,1.0,1.0,1.209049010004,1.0,1.0,1.0,1.0,1.0,1.0,1.0,1.0,1.0,1.0,1.0,1.0,1.0,1.0
2026-01-03 08:00:00,1.209049010004,1.0,1.209049010004,1.0,1.0,1.209049010004,1.0,1.0,1.0,1.0,1.0,1.0,1.0,1.0,1.0,1.0,1.0,1.0,1.0,1.0
2026-01-03 09:00:00,1.209049010004,1.209049010004,1.209049010004,1.209049010004,1.0,1.209049010004,1.209049010004,1.0,1.0,1.0,1.0,1.0,1.0,1.0,1.209049010004,1.209049010004,1.209049010004,1.209049010004,1.0,1.209049010004
2026-01-03 10:00:00,1.209049010004,1.209049010004,1.209049010004,1.209049010004,1.209049010004,1.209049010004,1.209049010004,1.209049010004,1.0,1.209049010004,1.0,1.209049010004,1.209049010004,1.209049010004,1.209049010004,1.209049010004,1.209049010004,1.209049010004,1.0,1.209049010004
2026-01-03 11:00:00,1.209049010004,1.209049010004,1.209049010004,1.209049010004,1.209049010004,1.209049010004,1.209049010004,1.209049010004,1.0,1.209049010004,1.209049010004,1.209049010004,1.209049010004,1.209049010004,1.209049010004,1.209049010004,1.209049010004,1.209049010004,1.209049010004,1.209049010004
2026-01-03 12:00:00,1.209049010004,1.209049010004,1.209049010004,1.209049010004,1.209049010004,1.209049010004,1.209049010004,1.209049010004,1.209049010004,1.209049010004,1.209049010004,1.209049010004,1.209049010004,1.209049010004,1.209049010004,1.209049010004,1.209049010004,1.209049010004,1.209049010004,1.209049010004
2026-01-03 13:00:00,1.209049010004,1.209049010004,1.209049010004,1.209049010004,1.209049010004,1.209049010004,1.209049010004,1.209049010004,1.209049010004,1.209049010004,1.209049010004,1.209049010004,1.209049010004,1.209049010004,1.209049010004,1.209049010004,1.209049010004,1.209049010004,1.209049010004,1.209049010004
2026-01-03 14:00:00,1.209049010004,1.209049010004,1.209049010004,1.209049010004,1.209049010004,1.209049010004,1.209049010004,1.209049010004,1.209049010004,1.209049010004,1.209049010004,1.209049010004,1.209049010004,1.209049010004,1.209049010004,1.209049010004,1.209049010004,1.209049010004,1.209049010004,1.209049010004
2026-01-03 15:00:00,1.209049010004,1.209049010004,1.209049010004,1.209049010004,1.209049010004,1.209049010004,1.209049010004,1.209049010004,1.209049010004,1.209049010004,1.209049010004,1.209049010004,1.209049010004,1.209049010004,1.209049010004,1.209049010004,1.209049010004,1.209049010004,1.209049010004,1.209049010004
2026-01-03 16:00:00,1.209049010004,1.209049010004,1.209049010004,1.209049010004,1.209049010004,1.209049010004,1.209049010004,1.209049010004,1.209049010004,1.209049010004,1.209049010004,1.209049010004,1.209049010004,1.209049010004,1.209049010004,1.209049010004,1.209049010004,1.209049010004,1.209049010004,1.209049010004
2026-01-03 17:00:00,1.209049010004,1.209049010004,1.209049010004,1.209049010004,1.209049010004,1.209049010004,1.209049010004,1.209049010004,1.209049010004,1.209049010004,1.209049010004,1.209049010004,1.209049010004,1.209049010004,1.209049010004,1.209049010004,1.209049010004,1.209049010004,1.209049010004,1.209049010004
2026-01-03 18:00:00,1.209049010004,1.209049010004,1.209049010004,1.209049010004,1.209049010004,1.209049010004,1.209049010004,1.209049010004,1.209049010004,1.209049010004,1.209049010004,1.209049010004,1.209049010004,1.209049010004,1.209049010004,1.209049010004,1.209049010004,1.209049010004,1.209049010004,1.209049010004
2026-01-03 19:00:00,1.209049010004,1.209049010004,1.209049010004,1.209049010004,1.209049010004,1.209049010004,1.209049010004,1.209049010004,1.209049010004,1.209049010004,1.209049010004,1.209049010004,1.209049010004,1.209049010004,1.209049010004,1.209049010004,1.209049010004,1.209049010004,1.209049010004,1.209049010004
2026-01-03 20:00:00,1.209049010004,1.209049010004,1.209049010004,1.0,1.209049010004,1.209049010004,1.209049010004,1.209049010004,1.209049010004,1.209049010004,1.209049010004,1.209049010004,1.209049010004,1.209049010004,1.209049010004,1.209049010004,1.209049010004,1.209049010004,1.209049010004,1.209049010004
2026-01-03 21:00:00,1.0,1.209049010004,1.209049010004,1.0,1.0,1.209049010004,1.209049010004,1.209049010004,1.209049010004,1.0,1.209049010004,1.209049010004,1.0,1.209049010004,1.209049010004,1.209049010004,1.209049010004,1.0,1.209049010004,1.0
2026-01-03 22:00:00,1.0,1.209049010004,1.0,1.0,1.0,1.209049010004,1.0,1.0,1.0,1.0,1.0,1.209049010004,1.0,1.0,1.209049010004,1.0,1.0,1.0,1.209049010004,1.0
2026-01-03 23:00:00,1.0,1.0,1.0,1.0,1.0,1.0,1.0,1.0,1.0,1.0,1.0,1.0,1.0,1.0,1.0,1.0,1.0,1.0,1.0,1.0
2026-01-04 00:00:00,1.0,1.0,1.0,1.0,1.0,1.0,1.0,1.0,1.0,1.0,1.0,1.0,1.0,1.0,1.0,1.0,1.0,1.0,1.0,1.0
2026-01-04 01:00:00,1.0,1.0,1.0,1.0,1.0,1.0,1.0,1.0,1.0,1.0,1.0,1.0,1.0,1.0,1.0,1.0,1.0,1.0,1.0,1.0
2026-01-04 02:00:00,1.0,1.0,1.0,1.0,1.0,1.0,1.0,1.0,1.0,1.0,1.0,1.0,1.0,1.0,1.0,1.0,1.0,1.0,1.0,1.0
2026-01-04 03:00:00,1.0,1.0,1.0,1.0,1.0,1.0,1.0,1.0,1.0,1.0,1.0,1.0,1.0,1.0,1.0,1.0,1.0,1.0,1.0,1.0
2026-01-04 04:00:00,1.0,1.0,1.0,1.0,1.0,1.0,1.0,1.0,1.0,1.0,1.0,1.0,1.0,1.0,1.0,1.0,1.0,1.0,1.0,1.0
2026-01-04 05:00:00,1.0,1.0,1.0,1.0,1.0,1.0,1.0,1.0,1.0,1.0,1.0,1.0,1.0,1.0,1.0,1.0,1.0,1.0,1.0,1.0
2026-01-04 06:00:00,1.0,1.0,1.0,1.0,1.0,1.0,1.0,1.0,1.0,1.0,1.0,1.0,1.0,1.0,1.0,1.0,1.0,1.0,1.0,1.0
2026-01-04 07:00:00,1.0,1.0,1.0,1.0,1.0,1.0,1.0,1.0,1.0,1.3050301525,1.0,1.0,1.0,1.3050301525,1.0,1.0,1.0,1.3050301525,1.0,1.0
2026-01-04 08:00:00,1.0,1.0,1.0,1.0,1.0,1.0,1.3050301525,1.3050301525,1.3050301525,1.3050301525,1.0,1.0,1.0,1.3050301525,1.0,1.0,1.0,1.3050301525,1.0,1.0
2026-01-04 09:00:00,1.0,1.0,1.3050301525,1.3050301525,1.3050301525,1.3050301525,1.3050301525,1.3050301525,1.3050301525,1.3050301525,1.0,1.0,1.0,1.3050301525,1.3050301525,1.3050301525,1.3050301525,1.3050301525,1.3050301525,1.3050301525
2026-01-04 10:00:00,1.3050301525,1.3050301525,1.3050301525,1.3050301525,1.3050301525,1.3050301525,1.3050301525,1.3050301525,1.3050301525,1.3050301525,1.0,1.3050301525,1.3050301525,1.3050301525,1.3050301525,1.3050301525,1.3050301525,1.3050301525,1.3050301525,1.3050301525
2026-01-04 11:00:00,1.3050301525,1.3050301525,1.3050301525,1.3050301525,1.3050301525,1.3050301525,1.3050301525,1.3050301525,1.3050301525,1.3050301525,1.3050301525,1.3050301525,1.3050301525,1.3050301525,1.3050301525,1.3050301525,1.3050301525,1.3050301525,1.3050301525,1.3050301525
2026-01-04 12:00:00,1.3050301525,1.3050301525,1.3050301525,1.3050301525,1.3050301525,1.3050301525,1.3050301525,1.3050301525,1.3050301525,1.3050301525,1.3050301525,1.3050301525,1.3050301525,1.3050301525,1.3050301525,1.3050301525,1.3050301525,1.3050301525,1.3050301525,1.3050301525
2026-01-04 13:00:00,1.3050301525,1.3050301525,1.3050301525,1.3050301525,1.3050301525,1.3050301525,1.3050301525,1.3050301525,1.3050301525,1.3050301525,1.3050301525,1.3050301525,1.3050301525,1.3050301525,1.3050301525,1.3050301525,1.3050301525,1.3050301525,1.3050301525,1.3050301525
2026-01-04 14:00:00,1.3050301525,1.3050301525,1.3050301525,1.3050301525,1.3050301525,1.3050301525,1.3050301525,1.3050301525,1.3050301525,1.3050301525,1.3050301525,1.3050301525,1.3050301525,1.3050301525,1.3050301525,1.3050301525,1.3050301525,1.3050301525,1.3050301525,1.3050301525
2026-01-04 15:00:00,1.3050301525,1.3050301525,1.3050301525,1.3050301525,1.3050301525,1.3050301525,1.3050301525,1.3050301525,1.3050301525,1.3050301525,1.3050301525,1.3050301525,1.3050301525,1.3050301525,1.3050301525,1.3050301525,1.3050301525,1.3050301525,1.3050301525,1.3050301525
2026-01-04 16:00:00,1.3050301525,1.3050301525,1.3050301525,1.3050301525,1.3050301525,1.3050301525,1.3050301525,1.3050301525,1.3050301525,1.3050301525,1.3050301525,1.3050301525,1.3050301525,1.3050301525,1.3050301525,1.3050301525,1.3050301525,1.3050301525,1.3050301525,1.3050301525
2026-01-04 17:00:00,1.3050301525,1.3050301525,1.3050301525,1.3050301525,1.3050301525,1.3050301525,1.3050301525,1.3050301525,1.3050301525,1.3050301525,1.3050301525,1.3050301525,1.3050301525,1.3050301525,1.3050301525,1.3050301525,1.3050301525,1.3050301525,1.3050301525,1.3050301525
2026-01-04 18:00:00,1.3050301525,1.3050301525,1.3050301525,1.3050301525,1.3050301525,1.3050301525,1.3050301525,1.3050301525,1.3050301525,1.3050301525,1.3050301525,1.3050301525,1.3050301525,1.3050301525,1.3050301525,1.3050301525,1.3050301525,1.3050301525,1.3050301525,1.3050301525
2026-01-04 19:00:00,1.3050301525,1.3050301525,1.3050301525,1.3050301525,1.3050301525,1.3050301525,1.3050301525,1.3050301525,1.3050301525,1.3050301525,1.3050301525,1.3050301525,1.3050301525,1.3050301525,1.3050301525,1.3050301525,1.3050301525,1.3050301525,1.3050301525,1.3050301525
2026-01-04 20:00:00,1.3050301525,1.0,1.3050301525,1.3050301525,1.3050301525,1.3050301525,1.3050301525,1.3050301525,1.3050301525,1.3050301525,1.3050301525,1.3050301525,1.3050301525,1.3050301525,1.3050301525,1.3050301525,1.3050301525,1.0,1.0,1.3050301525
2026-01-04 21:00:00,1.0,1.0,1.3050301525,1.3050301525,1.3050301525,1.3050301525,1.0,1.0,1.3050301525,1.0,1.3050301525,1.3050301525,1.3050301525,1.3050301525,1.3050301525,1.0,1.3050301525,1.0,1.0,1.0
2026-01-04 22:00:00,1.0,1.0,1.3050301525,1.3050301525,1.3050301525,1.3050301525,1.0,1.0,1.3050301525,1.0,1.0,1.0,1.3050301525,1.3050301525,1.0,1.0,1.0,1.0,1.0,1.0
2026-01-04 23:00:00,1.0,1.0,1.0,1.0,1.0,1.0,1.0,1.0,1.0,1.0,1.0,1.0,1.0,1.0,1.0,1.0,1.0,1.0,1.0,1.0
2026-01-05 00:00:00,1.0,1.0,1.0,1.0,1.0,1.0,1.0,1.0,1.0,1.0,1.0,1.0,1.0,1.0,1.0,1.0,1.0,1.0,1.0,1.0
2026-01-05 01:00:00,1.0,1.0,1.0,1.0,1.0,1.0,1.0,1.0,1.0,1.0,1.0,1.0,1.0,1.0,1.0,1.0,1.0,1.0,1.0,1.0
2026-01-05 02:00:00,1.0,1.0,1.0,1.0,1.0,1.0,1.0,1.0,1.0,1.0,1.0,1.0,1.0,1.0,1.0,1.0,1.0,1.0,1.0,1.0
2026-01-05 03:00:00,1.0,1.0,1.0,1.0,1.0,1.0,1.0,1.0,1.0,1.0,1.0,1.0,1.0,1.0,1.0,1.0,1.0,1.0,1.0,1.0
2026-01-05 04:00:00,1.0,1.0,1.0,1.0,1.0,1.0,1.0,1.0,1.0,1.0,1.0,1.0,1.0,1.0,1.0,1.0,1.0,1.0,1.0,1.0
2026-01-05 05:00:00,1.0,1.0,1.0,1.0,1.0,1.0,1.0,1.0,1.0,1.0,1.0,1.0,1.0,1.0,1.0,1.0,1.0,1.0,1.0,1.0
2026-01-05 06:00:00,1.0,1.0,1.0,1.0,1.0,1.0,1.0,1.0,1.0,1.0,1.0,1.0,1.0,1.0,1.0,1.0,1.226197579604,1.0,1.0,1.0
2026-01-05 07:00:00,1.0,1.0,1.0,1.0,1.226197579604,1.0,1.0,1.0,1.0,1.0,1.0,1.0,1.0,1.0,1.0,1.0,1.226197579604,1.0,1.0,1.0
2026-01-05 08:00:00,1.0,1.0,1.0,1.0,1.226197579604,1.0,1.226197579604,1.226197579604,1.226197579604,1.226197579604,1.0,1.0,1.226197579604,1.0,1.0,1.0,1.226197579604,1.0,1.226197579604,1.226197579604
2026-01-05 09:00:00,1.0,1.0,1.226197579604,1.226197579604,1.226197579604,1.226197579604,1.226197579604,1.226197579604,1.226197579604,1.226197579604,1.0,1.226197579604,1.226197579604,1.0,1.226197579604,1.226197579604,1.226197579604,1.226197579604,1.226197579604,1.226197579604
2026-01-05 10:00:00,1.226197579604,1.226197579604,1.226197579604,1.226197579604,1.226197579604,1.226197579604,1.226197579604,1.226197579604,1.226197579604,1.226197579604,1.226197579604,1.226197579604,1.226197579604,1.226197579604,1.226197579604,1.226197579604,1.226197579604,1.226197579604,1.226197579604,1.226197579604
2026-01-05 11:00:00,1.226197579604,1.226197579604,1.226197579604,1.226197579604,1.226197579604,1.226197579604,1.226197579604,1.226197579604,1.226197579604,1.226197579604,1.226197579604,1.226197579604,1.226197579604,1.226197579604,1.226197579604,1.226197579604,1.226197579604,1.226197579604,1.226197579604,1.226197579604
2026-01-05 12:00:00,1.226197579604,1.226197579604,1.226197579604,1.226197579604,1.226197579604,1.226197579604,1.226197579604,1.226197579604,1.226197579604,1.226197579604,1.226197579604,1.226197579604,1.226197579604,1.226197579604,1.226197579604,1.226197579604,1.226197579604,1.226197579604,1.226197579604,1.226197579604
2026-01-05 13:00:00,1.226197579604,1.226197579604,1.226197579604,1.226197579604,1.226197579604,1.226197579604,1.226197579604,1.226197579604,1.226197579604,1.226197579604,1.226197579604,1.226197579604,1.226197579604,1.226197579604,1.226197579604,1.226197579604,1.226197579604,1.226197579604,1.226197579604,1.226197579604
2026-01-05 14:00:00,1.226197579604,1.226197579604,1.226197579604,1.226197579604,1.226197579604,1.226197579604,1.226197579604,1.226197579604,1.226197579604,1.226197579604,1.226197579604,1.226197579604,1.226197579604,1.226197579604,1.226197579604,1.226197579604,1.226197579604,1.226197579604,1.226197579604,1.226197579604
2026-01-05 15:00:00,1.226197579604,1.226197579604,1.226197579604,1.226197579604,1.226197579604,1.226197579604,1.226197579604,1.226197579604,1.226197579604,1.226197579604,1.226197579604,1.226197579604,1.226197579604,1.226197579604,1.226197579604,1.226197579604,1.226197579604,1.226197579604,1.226197579604,1.226197579604
2026-01-05 16:00:00,1.226197579604,1.226197579604,1.226197579604,1.226197579604,1.226197579604,1.226197579604,1.226197579604,1.226197579604,1.226197579604,1.226197579604,1.226197579604,1.226197579604,1.226197579604,1.226197579604,1.226197579604,1.226197579604,1.226197579604,1.226197579604,1.226197579604,1.226197579604
2026-01-05 17:00:00,1.226197579604,1.226197579604,1.226197579604,1.226197579604,1.226197579604,1.226197579604,1.226197579604,1.226197579604,1.226197579604,1.226197579604,1.226197579604,1.226197579604,1.226197579604,1.226197579604,1.226197579604,1.226197579604,1.226197579604,1.226197579604,1.226197579604,1.226197579604
2026-01-05 18:00:00,1.226197579604,1.226197579604,1.226197579604,1.226197579604,1.226197579604,1.226197579604,1.226197579604,1.226197579604,1.226197579604,1.226197579604,1.226197579604,1.226197579604,1.226197579604,1.226197579604,1.226197579604,1.226197579604,1.226197579604,1.226197579604,1.226197579604,1.226197579604
2026-01-05 19:00:00,1.226197579604,1.0,1.226197579604,1.226197579604,1.226197579604,1.226197579604,1.226197579604,1.226197579604,1.226197579604,1.226197579604,1.226197579604,1.226197579604,1.226197579604,1.226197579604,1.226197579604,1.226197579604,1.226197579604,1.226197579604,1.226197579604,1.226197579604
2026-01-05 20:00:00,1.226197579604,1.0,1.226197579604,1.0,1.226197579604,1.226197579604,1.0,1.226197579604,1.226197579604,1.0,1.226197579604,1.226197579604,1.226197579604,1.226197579604,1.226197579604,1.226197579604,1.226197579604,1.0,1.226197579604,1.226197579604
2026-01-05 21:00:00,1.226197579604,1.0,1.226197579604,1.0,1.0,1.226197579604,1.0,1.0,1.0,1.0,1.226197579604,1.0,1.0,1.0,1.0,1.0,1.226197579604,1.0,1.226197579604,1.226197579604
2026-01-05 22:00:00,1.0,1.0,1.0,1.0,1.0,1.0,1.0,1.0,1.0,1.0,1.0,1.0,1.0,1.0,1.0,1.0,1.226197579604,1.0,1.0,1.0
2026-01-05 23:00:00,1.0,1.0,1.0,1.0,1.0,1.0,1.0,1.0,1.0,1.0,1.0,1.0,1.0,1.0,1.0,1.0,1.0,1.0,1.0,1.0
2026-01-06 00:00:00,1.0,1.0,1.0,1.0,1.0,1.0,1.0,1.0,1.0,1.0,1.0,1.0,1.0,1.0,1.0,1.0,1.0,1.0,1.0,1.0
2026-01-06 01:00:00,1.0,1.0,1.0,1.0,1.0,1.0,1.0,1.0,1.0,1.0,1.0,1.0,1.0,1.0,1.0,1.0,1.0,1.0,1.0,1.0
2026-01-06 02:00:00,1.0,1.0,1.0,1.0,1.0,1.0,1.0,1.0,1.0,1.0,1.0,1.0,1.0,1.0,1.0,1.0,1.0,1.0,1.0,1.0
2026-01-06 03:00:00,1.0,1.0,1.0,1.0,1.0,1.0,1.0,1.0,1.0,1.0,1.0,1.0,1.0,1.0,1.0,1.0,1.0,1.0,1.0,1.0
2026-01-06 04:00:00,1.0,1.0,1.0,1.0,1.0,1.0,1.0,1.0,1.0,1.0,1.0,1.0,1.0,1.0,1.0,1.0,1.0,1.0,1.0,1.0
2026-01-06 05:00:00,1.0,1.0,1.0,1.0,1.0,1.0,1.0,1.0,1.0,1.0,1.0,1.0,1.0,1.0,1.0,1.0,1.0,1.0,1.0,1.0
2026-01-06 06:00:00,1.0,1.0,1.0,1.0,1.0,1.0,1.0,1.0,1.0,1.0,1.0,1.0,1.0,1.0,1.0,1.3306301459840002,1.0,1.0,1.0,1.0
2026-01-06 07:00:00,1.0,1.0,1.3306301459840002,1.0,1.0,1.0,1.0,1.0,1.3306301459840002,1.0,1.3306301459840002,1.0,1.0,1.0,1.0,1.3306301459840002,1.0,1.3306301459840002,1.0,1.0
2026-01-06 08:00:00,1.0,1.0,1.3306301459840002,1.3306301459840002,1.0,1.0,1.3306301459840002,1.0,1.3306301459840002,1.0,1.3306301459840002,1.3306301459840002,1.0,1.0,1.0,1.3306301459840002,1.0,1.3306301459840002,1.0,1.0
2026-01-06 09:00:00,1.3306301459840002,1.0,1.3306301459840002,1.3306301459840002,1.0,1.0,1.3306301459840002,1.3306301459840002,1.3306301459840002,1.3306301459840002,1.3306301459840002,1.3306301459840002,1.3306301459840002,1.3306301459840002,1.3306301459840002,1.3306301459840002,1.3306301459840002,1.3306301459840002,1.0,1.3306301459840002
2026-01-06 10:00:00,1.3306301459840002,1.3306301459840002,1.3306301459840002,1.3306301459840002,1.3306301459840002,1.3306301459840002,1.3306301459840002,1.3306301459840002,1.3306301459840002,1.3306301459840002,1.3306301459840002,1.3306301459840002,1.3306301459840002,1.3306301459840002,1.3306301459840002,1.3306301459840002,1.3306301459840002,1.3306301459840002,1.3306301459840002,1.3306301459840002
2026-01-06 11:00:00,1.3306301459840002,1.3306301459840002,1.3306301459840002,1.3306301459840002,1.3306301459840002,1.3306301459840002,1.3306301459840002,1.3306301459840002,1.3306301459840002,1.3306301459840002,1.3306301459840002,1.3306301459840002,1.3306301459840002,1.3306301459840002,1.3306301459840002,1.3306301459840002,1.3306301459840002,1.3306301459840002,1.3306301459840002,1.3306301459840002
2026-01-06 12:00:00,1.3306301459840002,1.3306301459840002,1.3306301459840002,1.3306301459840002,1.3306301459840002,1.3306301459840002,1.3306301459840002,1.3306301459840002,1.3306301459840002,1.3306301459840002,1.3306301459840002,1.3306301459840002,1.3306301459840002,1.3306301459840002,1.3306301459840002,1.3306301459840002,1.3306301459840002,1.3306301459840002,1.3306301459840002,1.3306301459840002
2026-01-06 13:00:00,1.3306301459840002,1.3306301459840002,1.3306301459840002,1.3306301459840002,1.3306301459840002,1.3306301459840002,1.3306301459840002,1.3306301459840002,1.3306301459840002,1.3306301459840002,1.3306301459840002,1.3306301459840002,1.3306301459840002,1.3306301459840002,1.3306301459840002,1.3306301459840002,1.3306301459840002,1.3306301459840002,1.3306301459840002,1.3306301459840002
2026-01-06 14:00:00,1.3306301459840002,1.3306301459840002,1.3306301459840002,1.3306301459840002,1.3306301459840002,1.3306301459840002,1.3306301459840002,1.3306301459840002,1.3306301459840002,1.3306301459840002,1.3306301459840002,1.3306301459840002,1.3306301459840002,1.3306301459840002,1.3306301459840002,1.3306301459840002,1.3306301459840002,1.3306301459840002,1.3306301459840002,1.3306301459840002
2026-01-06 15:00:00,1.3306301459840002,1.3306301459840002,1.3306301459840002,1.3306301459840002,1.3306301459840002,1.3306301459840002,1.3306301459840002,1.3306301459840002,1.3306301459840002,1.3306301459840002,1.3306301459840002,1.3306301459840002,1.3306301459840002,1.3306301459840002,1.3306301459840002,1.3306301459840002,1.3306301459840002,1.3306301459840002,1.3306301459840002,1.3306301459840002
2026-01-06 16:00:00,1.3306301459840002,1.3306301459840002,1.3306301459840002,1.3306301459840002,1.3306301459840002,1.3306301459840002,1.3306301459840002,1.3306301459840002,1.3306301459840002,1.3306301459840002,1.3306301459840002,1.3306301459840002,1.3306301459840002,1.3306301459840002,1.3306301459840002,1.3306301459840002,1.3306301459840002,1.3306301459840002,1.3306301459840002,1.3306301459840002
2026-01-06 17:00:00,1.3306301459840002,1.3306301459840002,1.3306301459840002,1.3306301459840002,1.3306301459840002,1.3306301459840002,1.3306301459840002,1.3306301459840002,1.3306301459840002,1.3306301459840002,1.3306301459840002,1.3306301459840002,1.3306301459840002,1.3306301459840002,1.3306301459840002,1.3306301459840002,1.3306301459840002,1.3306301459840002,1.3306301459840002,1.3306301459840002
2026-01-06 18:00:00,1.3306301459840002,1.3306301459840002,1.3306301459840002,1.3306301459840002,1.3306301459840002,1.3306301459840002,1.3306301459840002,1.3306301459840002,1.3306301459840002,1.3306301459840002,1.3306301459840002,1.3306301459840002,1.3306301459840002,1.3306301459840002,1.3306301459840002,1.3306301459840002,1.3306301459840002,1.3306301459840002,1.3306301459840002,1.3306301459840002
2026-01-06 19:00:00,1.3306301459840002,1.3306301459840002,1.3306301459840002,1.3306301459840002,1.3306301459840002,1.3306301459840002,1.3306301459840002,1.3306301459840002,1.3306301459840002,1.3306301459840002,1.3306301459840002,1.3306301459840002,1.3306301459840002,1.3306301459840002,1.0,1.3306301459840002,1.3306301459840002,1.3306301459840002,1.3306301459840002,1.3306301459840002
2026-01-06 20:00:00,1.3306301459840002,1.3306301459840002,1.3306301459840002,1.0,1.3306301459840002,1.3306301459840002,1.3306301459840002,1.3306301459840002,1.3306301459840002,1.0,1.0,1.3306301459840002,1.0,1.3306301459840002,1.0,1.3306301459840002,1.3306301459840002,1.3306301459840002,1.3306301459840002,1.0
2026-01-06 21:00:00,1.0,1.0,1.0,1.0,1.3306301459840002,1.0,1.3306301459840002,1.3306301459840002,1.3306301459840002,1.0,1.0,1.0,1.0,1.0,1.0,1.3306301459840002,1.0,1.3306301459840002,1.3306301459840002,1.0
2026-01-06 22:00:00,1.0,1.0,1.0,1.0,1.0,1.0,1.0,1.3306301459840002,1.3306301459840002,1.0,1.0,1.0,1.0,1.0,1.0,1.0,1.0,1.0,1.0,1.0
2026-01-06 23:00:00,1.0,1.0,1.0,1.0,1.0,1.0,1.0,1.0,1.0,1.0,1.0,1.0,1.0,1.0,1.0,1.0,1.0,1.0,1.0,1.0
2026-01-07 00:00:00,1.0,1.0,1.0,1.0,1.0,1.0,1.0,1.0,1.0,1.0,1.0,1.0,1.0,1.0,1.0,1.0,1.0,1.0,1.0,1.0
2026-01-07 01:00:00,1.0,1.0,1.0,1.0,1.0,1.0,1.0,1.0,1.0,1.0,1.0,1.0,1.0,1.0,1.0,1.0,1.0,1.0,1.0,1.0
2026-01-07 02:00:00,1.0,1.0,1.0,1.0,1.0,1.0,1.0,1.0,1.0,1.0,1.0,1.0,1.0,1.0,1.0,1.0,1.0,1.0,1.0,1.0
2026-01-07 03:00:00,1.0,1.0,1.0,1.0,1.0,1.0,1.0,1.0,1.0,1.0,1.0,1.0,1.0,1.0,1.0,1.0,1.0,1.0,1.0,1.0
2026-01-07 04:00:00,1.0,1.0,1.0,1.0,1.0,1.0,1.0,1.0,1.0,1.0,1.0,1.0,1.0,1.0,1.0,1.0,1.0,1.0,1.0,1.0
2026-01-07 05:00:00,1.0,1.0,1.0,1.0,1.0,1.0,1.0,1.0,1.0,1.0,1.0,1.0,1.0,1.0,1.0,1.0,1.0,1.0,1.0,1.0
2026-01-07 06:00:00,1.0,1.0,1.0,1.0,1.0,1.0,1.0,1.0,1.0,1.0,1.0,1.0,1.0,1.0,1.0,1.0,1.0,1.0,1.0,1.0
2026-01-07 07:00:00,1.0,1.0,1.0,1.0,1.0,1.0,1.282756305344,1.0,1.0,1.0,1.0,1.0,1.0,1.0,1.0,1.282756305344,1.0,1.282756305344,1.0,1.0
2026-01-07 08:00:00,1.0,1.0,1.282756305344,1.0,1.0,1.282756305344,1.282756305344,1.282756305344,1.0,1.282756305344,1.0,1.0,1.0,1.0,1.0,1.282756305344,1.282756305344,1.282756305344,1.0,1.0
2026-01-07 09:00:00,1.282756305344,1.282756305344,1.282756305344,1.0,1.0,1.282756305344,1.282756305344,1.282756305344,1.282756305344,1.282756305344,1.282756305344,1.282756305344,1.282756305344,1.282756305344,1.282756305344,1.282756305344,1.282756305344,1.282756305344,1.282756305344,1.0
2026-01-07 10:00:00,1.282756305344,1.282756305344,1.282756305344,1.282756305344,1.282756305344,1.282756305344,1.282756305344,1.282756305344,1.282756305344,1.282756305344,1.282756305344,1.282756305344,1.282756305344,1.282756305344,1.282756305344,1.282756305344,1.282756305344,1.282756305344,1.282756305344,1.282756305344
2026-01-07 11:00:00,1.282756305344,1.282756305344,1.282756305344,1.282756305344,1.282756305344,1.282756305344,1.282756305344,1.282756305344,1.282756305344,1.282756305344,1.282756305344,1.282756305344,1.282756305344,1.282756305344,1.282756305344,1.282756305344,1.282756305344,1.282756305344,1.282756305344,1.282756305344
2026-01-07 12:00:00,1.282756305344,1.282756305344,1.282756305344,1.282756305344,1.282756305344,1.282756305344,1.282756305344,1.282756305344,1.282756305344,1.282756305344,1.282756305344,1.282756305344,1.282756305344,1.282756305344,1.282756305344,1.282756305344,1.282756305344,1.282756305344,1.282756305344,1.282756305344
2026-01-07 13:00:00,1.282756305344,1.282756305344,1.282756305344,1.282756305344,1.282756305344,1.282756305344,1.282756305344,1.282756305344,1.282756305344,1.282756305344,1.282756305344,1.282756305344,1.282756305344,1.282756305344,1.282756305344,1.282756305344,1.282756305344,1.282756305344,1.282756305344,1.282756305344
2026-01-07 14:00:00,1.282756305344,1.282756305344,1.282756305344,1.282756305344,1.282756305344,1.282756305344,1.282756305344,1.282756305344,1.282756305344,1.282756305344,1.282756305344,1.282756305344,1.282756305344,1.282756305344,1.282756305344,1.282756305344,1.282756305344,1.282756305344,1.282756305344,1.282756305344
2026-01-07 15:00:00,1.282756305344,1.282756305344,1.282756305344,1.282756305344,1.282756305344,1.282756305344,1.282756305344,1.282756305344,1.282756305344,1.282756305344,1.282756305344,1.282756305344,1.282756305344,1.282756305344,1.282756305344,1.282756305344,1.282756305344,1.282756305344,1.282756305344,1.282756305344
2026-01-07 16:00:00,1.282756305344,1.282756305344,1.282756305344,1.282756305344,1.282756305344,1.282756305344,1.282756305344,1.282756305344,1.282756305344,1.282756305344,1.282756305344,1.282756305344,1.282756305344,1.282756305344,1.282756305344,1.282756305344,1.282756305344,1.282756305344,1.282756305344,1.282756305344
2026-01-07 17:00:00,1.282756305344,1.282756305344,1.282756305344,1.282756305344,1.282756305344,1.282756305344,1.282756305344,1.282756305344,1.282756305344,1.282756305344,1.282756305344,1.282756305344,1.282756305344,1.282756305344,1.282756305344,1.282756305344,1.282756305344,1.282756305344,1.282756305344,1.282756305344
2026-01-07 18:00:00,1.282756305344,1.282756305344,1.282756305344,1.282756305344,1.282756305344,1.282756305344,1.282756305344,1.282756305344,1.282756305344,1.282756305344,1.282756305344,1.282756305344,1.282756305344,1.282756305344,1.282756305344,1.282756305344,1.282756305344,1.282756305344,1.282756305344,1.282756305344
2026-01-07 19:00:00,1.282756305344,1.0,1.282756305344,1.282756305344,1.282756305344,1.282756305344,1.282756305344,1.282756305344,1.282756305344,1.282756305344,1.282756305344,1.282756305344,1.282756305344,1.282756305344,1.282756305344,1.282756305344,1.282756305344,1.282756305344,1.282756305344,1.0
2026-01-07 20:00:00,1.282756305344,1.0,1.0,1.282756305344,1.282756305344,1.0,1.282756305344,1.0,1.0,1.282756305344,1.282756305344,1.282756305344,1.282756305344,1.282756305344,1.282756305344,1.282756305344,1.282756305344,1.0,1.282756305344,1.0
2026-01-07 21:00:00,1.0,1.0,1.0,1.282756305344,1.282756305344,1.0,1.0,1.0,1.0,1.282756305344,1.282756305344,1.282756305344,1.0,1.0,1.282756305344,1.282756305344,1.282756305344,1.0,1.282756305344,1.0
2026-01-07 22:00:00,1.0,1.0,1.0,1.0,1.0,1.0,1.0,1.0,1.0,1.0,1.0,1.0,1.0,1.0,1.0,1.0,1.0,1.0,1.0,1.0
2026-01-07 23:00:00,1.0,1.0,1.0,1.0,1.0,1.0,1.0,1.0,1.0,1.0,1.0,1.0,1.0,1.0,1.0,1.0,1.0,1.0,1.0,1.0
2026-01-08 00:00:00,1.0,1.0,1.0,1.0,1.0,1.0,1.0,1.0,1.0,1.0,1.0,1.0,1.0,1.0,1.0,1.0,1.0,1.0,1.0,1.0
2026-01-08 01:00:00,1.0,1.0,1.0,1.0,1.0,1.0,1.0,1.0,1.0,1.0,1.0,1.0,1.0,1.0,1.0,1.0,1.0,1.0,1.0,1.0
2026-01-08 02:00:00,1.0,1.0,1.0,1.0,1.0,1.0,1.0,1.0,1.0,1.0,1.0,1.0,1.0,1.0,1.0,1.0,1.0,1.0,1.0,1.0
2026-01-08 03:00:00,1.0,1.0,1.0,1.0,1.0,1.0,1.0,1.0,1.0,1.0,1.0,1.0,1.0,1.0,1.0,1.0,1.0,1.0,1.0,1.0
2026-01-08 04:00:00,1.0,1.0,1.0,1.0,1.0,1.0,1.0,1.0,1.0,1.0,1.0,1.0,1.0,1.0,1.0,1.0,1.0,1.0,1.0,1.0
2026-01-08 05:00:00,1.0,1.0,1.0,1.0,1.0,1.0,1.0,1.0,1.0,1.0,1.0,1.0,1.0,1.0,1.0,1.0,1.0,1.0,1.0,1.0
2026-01-08 06:00:00,1.0,1.0,1.0,1.0,1.0,1.0,1.0,1.0,1.0,1.0,1.0,1.0,1.0,1.0,1.0,1.0,1.0,1.0,1.0,1.0
2026-01-08 07:00:00,1.0,1.0,1.0,1.0,1.176585222144,1.0,1.176585222144,1.0,1.176585222144,1.0,1.0,1.0,1.0,1.0,1.176585222144,1.0,1.0,1.0,1.0,1.176585222144
2026-01-08 08:00:00,1.0,1.176585222144,1.176585222144,1.176585222144,1.176585222144,1.0,1.176585222144,1.176585222144,1.176585222144,1.176585222144,1.176585222144,1.176585222144,1.176585222144,1.0,1.176585222144,1.176585222144,1.176585222144,1.176585222144,1.0,1.176585222144
2026-01-08 09:00:00,1.0,1.176585222144,1.176585222144,1.176585222144,1.176585222144,1.176585222144,1.176585222144,1.176585222144,1.176585222144,1.176585222144,1.176585222144,1.176585222144,1.176585222144,1.176585222144,1.176585222144,1.176585222144,1.176585222144,1.176585222144,1.176585222144,1.176585222144
2026-01-08 10:00:00,1.0,1.176585222144,1.176585222144,1.176585222144,1.176585222144,1.176585222144,1.176585222144,1.176585222144,1.176585222144,1.176585222144,1.176585222144,1.176585222144,1.176585222144,1.176585222144,1.176585222144,1.176585222144,1.176585222144,1.176585222144,1.176585222144,1.176585222144
2026-01-08 11:00:00,1.176585222144,1.176585222144,1.176585222144,1.176585222144,1.176585222144,1.176585222144,1.176585222144,1.176585222144,1.176585222144,1.176585222144,1.176585222144,1.176585222144,1.176585222144,1.176585222144,1.176585222144,1.176585222144,1.176585222144,1.176585222144,1.176585222144,1.176585222144
2026-01-08 12:00:00,1.176585222144,1.176585222144,1.176585222144,1.176585222144,1.176585222144,1.176585222144,1.176585222144,1.176585222144,1.176585222144,1.176585222144,1.176585222144,1.176585222144,1.176585222144,1.176585222144,1.176585222144,1.176585222144,1.176585222144,1.176585222144,1.176585222144,1.176585222144
2026-01-08 13:00:00,1.176585222144,1.176585222144,1.176585222144,1.176585222144,1.176585222144,1.176585222144,1.176585222144,1.176585222144,1.176585222144,1.176585222144,1.176585222144,1.176585222144,1.176585222144,1.176585222144,1.176585222144,1.176585222144,1.176585222144,1.176585222144,1.176585222144,1.176585222144
2026-01-08 14:00:00,1.176585222144,1.176585222144,1.176585222144,1.176585222144,1.176585222144,1.176585222144,1.176585222144,1.176585222144,1.176585222144,1.176585222144,1.176585222144,1.176585222144,1.176585222144,1.176585222144,1.176585222144,1.176585222144,1.176585222144,1.176585222144,1.176585222144,1.176585222144
2026-01-08 15:00:00,1.176585222144,1.176585222144,1.176585222144,1.176585222144,1.176585222144,1.176585222144,1.176585222144,1.176585222144,1.176585222144,1.176585222144,1.176585222144,1.176585222144,1.176585222144,1.176585222144,1.176585222144,1.176585222144,1.176585222144,1.176585222144,1.176585222144,1.176585222144
2026-01-08 16:00:00,1.176585222144,1.176585222144,1.176585222144,1.176585222144,1.176585222144,1.176585222144,1.176585222144,1.176585222144,1.176585222144,1.176585222144,1.176585222144,1.176585222144,1.176585222144,1.176585222144,1.176585222144,1.176585222144,1.176585222144,1.176585222144,1.176585222144,1.176585222144
2026-01-08 17:00:00,1.176585222144,1.176585222144,1.176585222144,1.176585222144,1.176585222144,1.176585222144,1.176585222144,1.176585222144,1.176585222144,1.176585222144,1.176585222144,1.176585222144,1.176585222144,1.176585222144,1.176585222144,1.176585222144,1.176585222144,1.176585222144,1.176585222144,1.176585222144
2026-01-08 18:00:00,1.176585222144,1.176585222144,1.176585222144,1.176585222144,1.176585222144,1.176585222144,1.176585222144,1.176585222144,1.176585222144,1.176585222144,1.176585222144,1.176585222144,1.176585222144,1.176585222144,1.176585222144,1.176585222144,1.176585222144,1.176585222144,1.176585222144,1.176585222144
2026-01-08 19:00:00,1.176585222144,1.176585222144,1.176585222144,1.176585222144,1.176585222144,1.176585222144,1.176585222144,1.176585222144,1.0,1.176585222144,1.0,1.176585222144,1.176585222144,1.176585222144,1.176585222144,1.176585222144,1.176585222144,1.176585222144,1.176585222144,1.176585222144
2026-01-08 20:00:00,1.176585222144,1.176585222144,1.176585222144,1.176585222144,1.176585222144,1.176585222144,1.0,1.0,1.0,1.176585222144,1.0,1.176585222144,1.176585222144,1.176585222144,1.176585222144,1.176585222144,1.0,1.176585222144,1.0,1.176585222144
2026-01-08 21:00:00,1.0,1.176585222144,1.0,1.176585222144,1.0,1.0,1.0,1.0,1.0,1.176585222144,1.0,1.176585222144,1.176585222144,1.176585222144,1.176585222144,1.176585222144,1.0,1.176585222144,1.0,1.0
2026-01-08 22:00:00,1.0,1.0,1.0,1.0,1.0,1.0,1.0,1.0,1.0,1.0,1.0,1.0,1.176585222144,1.0,1.0,1.0,1.0,1.0,1.0,1.0
2026-01-08 23:00:00,1.0,1.0,1.0,1.0,1.0,1.0,1.0,1.0,1.0,1.0,1.0,1.0,1.0,1.0,1.0,1.0,1.0,1.0,1.0,1.0
2026-01-09 00:00:00,1.0,1.0,1.0,1.0,1.0,1.0,1.0,1.0,1.0,1.0,1.0,1.0,1.0,1.0,1.0,1.0,1.0,1.0,1.0,1.0
2026-01-09 01:00:00,1.0,1.0,1.0,1.0,1.0,1.0,1.0,1.0,1.0,1.0,1.0,1.0,1.0,1.0,1.0,1.0,1.0,1.0,1.0,1.0
2026-01-09 02:00:00,1.0,1.0,1.0,1.0,1.0,1.0,1.0,1.0,1.0,1.0,1.0,1.0,1.0,1.0,1.0,1.0,1.0,1.0,1.0,1.0
2026-01-09 03:00:00,1.0,1.0,1.0,1.0,1.0,1.0,1.0,1.0,1.0,1.0,1.0,1.0,1.0,1.0,1.0,1.0,1.0,1.0,1.0,1.0
2026-01-09 04:00:00,1.0,1.0,1.0,1.0,1.0,1.0,1.0,1.0,1.0,1.0,1.0,1.0,1.0,1.0,1.0,1.0,1.0,1.0,1.0,1.0
2026-01-09 05:00:00,1.0,1.0,1.0,1.0,1.0,1.0,1.0,1.0,1.0,1.0,1.0,1.0,1.0,1.0,1.0,1.0,1.0,1.0,1.0,1.0
2026-01-09 06:00:00,1.0,1.0,1.0,1.0,1.0,1.0,1.0,1.0,1.0,1.0,1.0,1.0,1.0,1.0,1.0,1.0,1.0,1.0,1.0,1.0
2026-01-09 07:00:00,1.0,1.137342385344,1.0,1.0,1.0,1.0,1.137342385344,1.0,1.0,1.0,1.0,1.0,1.0,1.0,1.137342385344,1.0,1.0,1.137342385344,1.0,1.0
2026-01-09 08:00:00,1.137342385344,1.137342385344,1.137342385344,1.0,1.0,1.0,1.137342385344,1.137342385344,1.137342385344,1.0,1.137342385344,1.0,1.0,1.0,1.137342385344,1.137342385344,1.0,1.137342385344,1.0,1.0
2026-01-09 09:00:00,1.137342385344,1.137342385344,1.137342385344,1.0,1.0,1.137342385344,1.137342385344,1.137342385344,1.137342385344,1.137342385344,1.137342385344,1.137342385344,1.137342385344,1.0,1.137342385344,1.137342385344,1.137342385344,1.137342385344,1.0,1.137342385344
2026-01-09 10:00:00,1.137342385344,1.137342385344,1.137342385344,1.137342385344,1.137342385344,1.137342385344,1.137342385344,1.137342385344,1.137342385344,1.137342385344,1.137342385344,1.137342385344,1.137342385344,1.137342385344,1.137342385344,1.137342385344,1.137342385344,1.137342385344,1.137342385344,1.137342385344
2026-01-09 11:00:00,1.137342385344,1.137342385344,1.137342385344,1.137342385344,1.137342385344,1.137342385344,1.137342385344,1.137342385344,1.137342385344,1.137342385344,1.137342385344,1.137342385344,1.137342385344,1.137342385344,1.137342385344,1.137342385344,1.137342385344,1.137342385344,1.137342385344,1.137342385344
2026-01-09 12:00:00,1.137342385344,1.137342385344,1.137342385344,1.137342385344,1.137342385344,1.137342385344,1.137342385344,1.137342385344,1.137342385344,1.137342385344,1.137342385344,1.137342385344,1.137342385344,1.137342385344,1.137342385344,1.137342385344,1.137342385344,1.137342385344,1.137342385344,1.137342385344
2026-01-09 13:00:00,1.137342385344,1.137342385344,1.137342385344,1.137342385344,1.137342385344,1.137342385344,1.137342385344,1.137342385344,1.137342385344,1.137342385344,1.137342385344,1.137342385344,1.137342385344,1.137342385344,1.137342385344,1.137342385344,1.137342385344,1.137342385344,1.137342385344,1.137342385344
2026-01-09 14:00:00,1.137342385344,1.137342385344,1.137342385344,1.137342385344,1.137342385344,1.137342385344,1.137342385344,1.137342385344,1.137342385344,1.137342385344,1.137342385344,1.137342385344,1.137342385344,1.137342385344,1.137342385344,1.137342385344,1.137342385344,1.137342385344,1.137342385344,1.137342385344
2026-01-09 15:00:00,1.137342385344,1.137342385344,1.137342385344,1.137342385344,1.137342385344,1.137342385344,1.137342385344,1.137342385344,1.137342385344,1.137342385344,1.137342385344,1.137342385344,1.137342385344,1.137342385344,1.137342385344,1.137342385344,1.137342385344,1.137342385344,1.137342385344,1.137342385344
2026-01-09 16:00:00,1.137342385344,1.137342385344,1.137342385344,1.137342385344,1.137342385344,1.137342385344,1.137342385344,1.137342385344,1.137342385344,1.137342385344,1.137342385344,1.137342385344,1.137342385344,1.137342385344,1.137342385344,1.137342385344,1.137342385344,1.137342385344,1.137342385344,1.137342385344
2026-01-09 17:00:00,1.137342385344,1.137342385344,1.137342385344,1.137342385344,1.137342385344,1.137342385344,1.137342385344,1.137342385344,1.137342385344,1.137342385344,1.137342385344,1.137342385344,1.137342385344,1.137342385344,1.137342385344,1.137342385344,1.137342385344,1.137342385344,1.137342385344,1.137342385344
2026-01-09 18:00:00,1.137342385344,1.137342385344,1.137342385344,1.137342385344,1.137342385344,1.137342385344,1.137342385344,1.137342385344,1.137342385344,1.137342385344,1.137342385344,1.137342385344,1.137342385344,1.137342385344,1.137342385344,1.137342385344,1.137342385344,1.137342385344,1.137342385344,1.137342385344
2026-01-09 19:00:00,1.137342385344,1.137342385344,1.137342385344,1.137342385344,1.137342385344,1.137342385344,1.137342385344,1.137342385344,1.137342385344,1.137342385344,1.137342385344,1.137342385344,1.137342385344,1.0,1.137342385344,1.137342385344,1.137342385344,1.137342385344,1.137342385344,1.137342385344
2026-01-09 20:00:00,1.0,1.0,1.0,1.137342385344,1.137342385344,1.0,1.0,1.137342385344,1.137342385344,1.137342385344,1.0,1.137342385344,1.137342385344,1.0,1.137342385344,1.137342385344,1.0,1.137342385344,1.137342385344,1.0
2026-01-09 21:00:00,1.0,1.0,1.0,1.137342385344,1.137342385344,1.0,1.0,1.137342385344,1.0,1.137342385344,1.0,1.137342385344,1.137342385344,1.0,1.0,1.0,1.0,1.0,1.0,1.0
2026-01-09 22:00:00,1.0,1.0,1.0,1.0,1.0,1.0,1.0,1.0,1.0,1.0,1.0,1.0,1.0,1.0,1.0,1.0,1.0,1.0,1.0,1.0
2026-01-09 23:00:00,1.0,1.0,1.0,1.0,1.0,1.0,1.0,1.0,1.0,1.0,1.0,1.0,1.0,1.0,1.0,1.0,1.0,1.0,1.0,1.0
2026-01-10 00:00:00,1.0,1.0,1.0,1.0,1.0,1.0,1.0,1.0,1.0,1.0,1.0,1.0,1.0,1.0,1.0,1.0,1.0,1.0,1.0,1.0
2026-01-10 01:00:00,1.0,1.0,1.0,1.0,1.0,1.0,1.0,1.0,1.0,1.0,1.0,1.0,1.0,1.0,1.0,1.0,1.0,1.0,1.0,1.0
2026-01-10 02:00:00,1.0,1.0,1.0,1.0,1.0,1.0,1.0,1.0,1.0,1.0,1.0,1.0,1.0,1.0,1.0,1.0,1.0,1.0,1.0,1.0
2026-01-10 03:00:00,1.0,1.0,1.0,1.0,1.0,1.0,1.0,1.0,1.0,1.0,1.0,1.0,1.0,1.0,1.0,1.0,1.0,1.0,1.0,1.0
2026-01-10 04:00:00,1.0,1.0,1.0,1.0,1.0,1.0,1.0,1.0,1.0,1.0,1.0,1.0,1.0,1.0,1.0,1.0,1.0,1.0,1.0,1.0
2026-01-10 05:00:00,1.0,1.0,1.0,1.0,1.0,1.0,1.0,1.0,1.0,1.0,1.0,1.0,1.0,1.0,1.0,1.0,1.0,1.0,1.0,1.0
2026-01-10 06:00:00,1.0,1.0,1.0,1.0,1.0,1.0,1.0,1.0,1.0,1.0,1.0,1.0,1.0,1.0,1.0,1.0,1.0,1.0,1.0,1.0
2026-01-10 07:00:00,1.0,1.0,1.0,1.0,1.0,1.0,1.0,1.0,1.0,1.0,1.0,1.0,1.0,1.0,1.0,1.0,1.0,1.18961004,1.0,1.18961004
2026-01-10 08:00:00,1.0,1.18961004,1.0,1.0,1.18961004,1.0,1.0,1.0,1.0,1.18961004,1.0,1.0,1.0,1.0,1.0,1.0,1.18961004,1.18961004,1.0,1.18961004
2026-01-10 09:00:00,1.0,1.18961004,1.18961004,1.18961004,1.18961004,1.0,1.18961004,1.0,1.18961004,1.18961004,1.18961004,1.18961004,1.0,1.18961004,1.0,1.0,1.18961004,1.18961004,1.18961004,1.18961004
2026-01-10 10:00:00,1.18961004,1.18961004,1.18961004,1.18961004,1.18961004,1.18961004,1.18961004,1.18961004,1.18961004,1.18961004,1.18961004,1.18961004,1.18961004,1.18961004,1.18961004,1.18961004,1.18961004,1.18961004,1.18961004,1.18961004
2026-01-10 11:00:00,1.18961004,1.18961004,1.18961004,1.18961004,1.18961004,1.18961004,1.18961004,1.18961004,1.18961004,1.18961004,1.18961004,1.18961004,1.18961004,1.18961004,1.18961004,1.18961004,1.18961004,1.18961004,1.18961004,1.18961004
2026-01-10 12:00:00,1.18961004,1.18961004,1.18961004,1.18961004,1.18961004,1.18961004,1.18961004,1.18961004,1.18961004,1.18961004,1.18961004,1.18961004,1.18961004,1.18961004,1.18961004,1.18961004,1.18961004,1.18961004,1.18961004,1.18961004
2026-01-10 13:00:00,1.18961004,1.18961004,1.18961004,1.18961004,1.18961004,1.18961004,1.18961004,1.18961004,1.18961004,1.18961004,1.18961004,1.18961004,1.18961004,1.18961004,1.18961004,1.18961004,1.18961004,1.18961004,1.18961004,1.18961004
2026-01-10 14:00:00,1.18961004,1.18961004,1.18961004,1.18961004,1.18961004,1.18961004,1.18961004,1.18961004,1.18961004,1.18961004,1.18961004,1.18961004,1.18961004,1.18961004,1.18961004,1.18961004,1.18961004,1.18961004,1.18961004,1.18961004
2026-01-10 15:00:00,1.18961004,1.18961004,1.18961004,1.18961004,1.18961004,1.18961004,1.18961004,1.18961004,1.18961004,1.18961004,1.18961004,1.18961004,1.18961004,1.18961004,1.18961004,1.18961004,1.18961004,1.18961004,1.18961004,1.18961004
2026-01-10 16:00:00,1.18961004,1.18961004,1.18961004,1.18961004,1.18961004,1.18961004,1.18961004,1.18961004,1.18961004,1.18961004,1.18961004,1.18961004,1.18961004,1.18961004,1.18961004,1.18961004,1.18961004,1.18961004,1.18961004,1.18961004
2026-01-10 17:00:00,1.18961004,1.18961004,1.18961004,1.18961004,1.18961004,1.18961004,1.18961004,1.18961004,1.18961004,1.18961004,1.18961004,1.18961004,1.18961004,1.18961004,1.18961004,1.18961004,1.18961004,1.18961004,1.18961004,1.18961004
2026-01-10 18:00:00,1.18961004,1.18961004,1.18961004,1.18961004,1.18961004,1.18961004,1.18961004,1.18961004,1.18961004,1.18961004,1.18961004,1.18961004,1.18961004,1.18961004,1.18961004,1.18961004,1.18961004,1.18961004,1.18961004,1.18961004
2026-01-10 19:00:00,1.18961004,1.18961004,1.18961004,1.0,1.18961004,1.18961004,1.18961004,1.18961004,1.18961004,1.18961004,1.18961004,1.18961004,1.18961004,1.18961004,1.18961004,1.18961004,1.18961004,1.18961004,1.18961004,1.18961004
2026-01-10 20:00:00,1.18961004,1.18961004,1.18961004,1.0,1.0,1.18961004,1.18961004,1.0,1.18961004,1.18961004,1.18961004,1.18961004,1.18961004,1.18961004,1.18961004,1.18961004,1.18961004,1.18961004,1.18961004,1.18961004
2026-01-10 21:00:00,1.18961004,1.0,1.0,1.0,1.0,1.18961004,1.0,1.0,1.0,1.18961004,1.18961004,1.18961004,1.18961004,1.18961004,1.0,1.18961004,1.0,1.18961004,1.0,1.18961004
2026-01-10 22:00:00,1.18961004,1.0,1.0,1.0,1.0,1.0,1.0,1.0,1.0,1.0,1.0,1.18961004,1.0,1.0,1.0,1.18961004,1.0,1.0,1.0,1.18961004
2026-01-10 23:00:00,1.0,1.0,1.0,1.0,1.0,1.0,1.0,1.0,1.0,1.0,1.0,1.0,1.0,1.0,1.0,1.0,1.0,1.0,1.0,1.0
2026-01-11 00:00:00,1.0,1.0,1.0,1.0,1.0,1.0,1.0,1.0,1.0,1.0,1.0,1.0,1.0,1.0,1.0,1.0,1.0,1.0,1.0,1.0
2026-01-11 01:00:00,1.0,1.0,1.0,1.0,1.0,1.0,1.0,1.0,1.0,1.0,1.0,1.0,1.0,1.0,1.0,1.0,1.0,1.0,1.0,1.0
2026-01-11 02:00:00,1.0,1.0,1.0,1.0,1.0,1.0,1.0,1.0,1.0,1.0,1.0,1.0,1.0,1.0,1.0,1.0,1.0,1.0,1.0,1.0
2026-01-11 03:00:00,1.0,1.0,1.0,1.0,1.0,1.0,1.0,1.0,1.0,1.0,1.0,1.0,1.0,1.0,1.0,1.0,1.0,1.0,1.0,1.0
2026-01-11 04:00:00,1.0,1.0,1.0,1.0,1.0,1.0,1.0,1.0,1.0,1.0,1.0,1.0,1.0,1.0,1.0,1.0,1.0,1.0,1.0,1.0
2026-01-11 05:00:00,1.0,1.0,1.0,1.0,1.0,1.0,1.0,1.0,1.0,1.0,1.0,1.0,1.0,1.0,1.0,1.0,1.0,1.0,1.0,1.0
2026-01-11 06:00:00,1.0,1.0,1.0,1.0,1.0,1.0,1.0,1.0,1.0,1.0,1.0,1.0,1.0,1.0,1.0,1.0,1.0,1.0,1.0,1.0
2026-01-11 07:00:00,1.0,1.0,1.0,1.0,1.0,1.0,1.0,1.0,1.0,1.0,1.0,1.0,1.0,1.0,1.0,1.0,1.0,1.0,1.0,1.0
2026-01-11 08:00:00,1.122069513044,1.0,1.0,1.122069513044,1.122069513044,1.0,1.0,1.0,1.0,1.0,1.0,1.0,1.0,1.0,1.122069513044,1.0,1.0,1.0,1.0,1.0
2026-01-11 09:00:00,1.122069513044,1.122069513044,1.0,1.122069513044,1.122069513044,1.0,1.0,1.122069513044,1.0,1.0,1.122069513044,1.0,1.122069513044,1.0,1.122069513044,1.122069513044,1.122069513044,1.0,1.0,1.122069513044
2026-01-11 10:00:00,1.122069513044,1.122069513044,1.122069513044,1.122069513044,1.122069513044,1.0,1.122069513044,1.122069513044,1.0,1.122069513044,1.122069513044,1.0,1.122069513044,1.122069513044,1.122069513044,1.122069513044,1.122069513044,1.0,1.122069513044,1.122069513044
2026-01-11 11:00:00,1.122069513044,1.122069513044,1.122069513044,1.122069513044,1.122069513044,1.122069513044,1.122069513044,1.122069513044,1.122069513044,1.122069513044,1.122069513044,1.122069513044,1.122069513044,1.122069513044,1.122069513044,1.122069513044,1.122069513044,1.122069513044,1.122069513044,1.122069513044
2026-01-11 12:00:00,1.122069513044,1.122069513044,1.122069513044,1.122069513044,1.122069513044,1.122069513044,1.122069513044,1.122069513044,1.122069513044,1.122069513044,1.122069513044,1.122069513044,1.122069513044,1.122069513044,1.122069513044,1.122069513044,1.122069513044,1.122069513044,1.122069513044,1.122069513044
2026-01-11 13:00:00,1.122069513044,1.122069513044,1.122069513044,1.122069513044,1.122069513044,1.122069513044,1.122069513044,1.122069513044,1.122069513044,1.122069513044,1.122069513044,1.122069513044,1.122069513044,1.122069513044,1.122069513044,1.122069513044,1.122069513044,1.122069513044,1.122069513044,1.122069513044
2026-01-11 14:00:00,1.122069513044,1.122069513044,1.122069513044,1.122069513044,1.122069513044,1.122069513044,1.122069513044,1.122069513044,1.122069513044,1.122069513044,1.122069513044,1.122069513044,1.122069513044,1.122069513044,1.122069513044,1.122069513044,1.122069513044,1.122069513044,1.122069513044,1.122069513044
2026-01-11 15:00:00,1.122069513044,1.122069513044,1.122069513044,1.122069513044,1.122069513044,1.122069513044,1.122069513044,1.122069513044,1.122069513044,1.122069513044,1.122069513044,1.122069513044,1.122069513044,1.122069513044,1.122069513044,1.122069513044,1.122069513044,1.122069513044,1.122069513044,1.122069513044
2026-01-11 16:00:00,1.122069513044,1.122069513044,1.122069513044,1.122069513044,1.122069513044,1.122069513044,1.122069513044,1.122069513044,1.122069513044,1.122069513044,1.122069513044,1.122069513044,1.122069513044,1.122069513044,1.122069513044,1.122069513044,1.122069513044,1.122069513044,1.122069513044,1.122069513044
2026-01-11 17:00:00,1.122069513044,1.122069513044,1.122069513044,1.122069513044,1.122069513044,1.122069513044,1.122069513044,1.122069513044,1.122069513044,1.122069513044,1.122069513044,1.122069513044,1.122069513044,1.122069513044,1.122069513044,1.122069513044,1.122069513044,1.122069513044,1.122069513044,1.122069513044
2026-01-11 18:00:00,1.122069513044,1.122069513044,1.122069513044,1.122069513044,1.122069513044,1.122069513044,1.122069513044,1.122069513044,1.122069513044,1.122069513044,1.122069513044,1.122069513044,1.122069513044,1.122069513044,1.122069513044,1.122069513044,1.122069513044,1.122069513044,1.122069513044,1.122069513044
2026-01-11 19:00:00,1.122069513044,1.122069513044,1.122069513044,1.122069513044,1.122069513044,1.122069513044,1.122069513044,1.122069513044,1.122069513044,1.0,1.122069513044,1.122069513044,1.122069513044,1.122069513044,1.122069513044,1.122069513044,1.122069513044,1.122069513044,1.122069513044,1.122069513044
2026-01-11 20:00:00,1.122069513044,1.0,1.0,1.122069513044,1.122069513044,1.122069513044,1.122069513044,1.0,1.122069513044,1.0,1.122069513044,1.0,1.122069513044,1.122069513044,1.122069513044,1.122069513044,1.122069513044,1.122069513044,1.122069513044,1.122069513044
2026-01-11 21:00:00,1.122069513044,1.0,1.0,1.122069513044,1.122069513044,1.0,1.122069513044,1.0,1.122069513044,1.0,1.122069513044,1.0,1.0,1.0,1.122069513044,1.122069513044,1.0,1.122069513044,1.122069513044,1.122069513044
2026-01-11 22:00:00,1.0,1.0,1.0,1.0,1.122069513044,1.0,1.122069513044,1.0,1.122069513044,1.0,1.122069513044,1.0,1.0,1.0,1.0,1.0,1.0,1.0,1.122069513044,1.122069513044
2026-01-11 23:00:00,1.0,1.0,1.0,1.0,1.0,1.0,1.0,1.0,1.0,1.0,1.0,1.0,1.0,1.0,1.0,1.0,1.0,1.0,1.0,1.0
2026-01-12 00:00:00,1.0,1.0,1.0,1.0,1.0,1.0,1.0,1.0,1.0,1.0,1.0,1.0,1.0,1.0,1.0,1.0,1.0,1.0,1.0,1.0
2026-01-12 01:00:00,1.0,1.0,1.0,1.0,1.0,1.0,1.0,1.0,1.0,1.0,1.0,1.0,1.0,1.0,1.0,1.0,1.0,1.0,1.0,1.0
2026-01-12 02:00:00,1.0,1.0,1.0,1.0,1.0,1.0,1.0,1.0,1.0,1.0,1.0,1.0,1.0,1.0,1.0,1.0,1.0,1.0,1.0,1.0
2026-01-12 03:00:00,1.0,1.0,1.0,1.0,1.0,1.0,1.0,1.0,1.0,1.0,1.0,1.0,1.0,1.0,1.0,1.0,1.0,1.0,1.0,1.0
2026-01-12 04:00:00,1.0,1.0,1.0,1.0,1.0,1.0,1.0,1.0,1.0,1.0,1.0,1.0,1.0,1.0,1.0,1.0,1.0,1.0,1.0,1.0
2026-01-12 05:00:00,1.0,1.0,1.0,1.0,1.0,1.0,1.0,1.0,1.0,1.0,1.0,1.0,1.0,1.0,1.0,1.0,1.0,1.0,1.0,1.0
2026-01-12 06:00:00,1.0,1.0,1.0,1.0,1.0,1.0,1.0,1.0,1.0,1.0,1.0,1.0,1.0,1.0,1.0,1.0,1.0,1.0,1.0,1.0
2026-01-12 07:00:00,1.0,1.0,1.0,1.119889326784,1.0,1.0,1.0,1.0,1.0,1.0,1.0,1.0,1.119889326784,1.0,1.0,1.0,1.0,1.0,1.0,1.0
2026-01-12 08:00:00,1.119889326784,1.0,1.0,1.119889326784,1.0,1.0,1.0,1.119889326784,1.119889326784,1.119889326784,1.0,1.0,1.119889326784,1.0,1.119889326784,1.119889326784,1.0,1.0,1.0,1.0
2026-01-12 09:00:00,1.119889326784,1.119889326784,1.119889326784,1.119889326784,1.0,1.119889326784,1.119889326784,1.119889326784,1.119889326784,1.119889326784,1.119889326784,1.119889326784,1.119889326784,1.119889326784,1.119889326784,1.119889326784,1.0,1.119889326784,1.119889326784,1.119889326784
2026-01-12 10:00:00,1.119889326784,1.119889326784,1.119889326784,1.119889326784,1.119889326784,1.119889326784,1.119889326784,1.119889326784,1.119889326784,1.119889326784,1.119889326784,1.119889326784,1.119889326784,1.119889326784,1.119889326784,1.119889326784,1.119889326784,1.119889326784,1.119889326784,1.119889326784
2026-01-12 11:00:00,1.119889326784,1.119889326784,1.119889326784,1.119889326784,1.119889326784,1.119889326784,1.119889326784,1.119889326784,1.119889326784,1.119889326784,1.119889326784,1.119889326784,1.119889326784,1.119889326784,1.119889326784,1.119889326784,1.119889326784,1.119889326784,1.119889326784,1.119889326784
2026-01-12 12:00:00,1.119889326784,1.119889326784,1.119889326784,1.119889326784,1.119889326784,1.119889326784,1.119889326784,1.119889326784,1.119889326784,1.119889326784,1.119889326784,1.119889326784,1.119889326784,1.119889326784,1.119889326784,1.119889326784,1.119889326784,1.119889326784,1.119889326784,1.119889326784
2026-01-12 13:00:00,1.119889326784,1.119889326784,1.119889326784,1.119889326784,1.119889326784,1.119889326784,1.119889326784,1.119889326784,1.119889326784,1.119889326784,1.119889326784,1.119889326784,1.119889326784,1.119889326784,1.119889326784,1.119889326784,1.119889326784,1.119889326784,1.119889326784,1.119889326784
2026-01-12 14:00:00,1.119889326784,1.119889326784,1.119889326784,1.119889326784,1.119889326784,1.119889326784,1.119889326784,1.119889326784,1.119889326784,1.119889326784,1.119889326784,1.119889326784,1.119889326784,1.119889326784,1.119889326784,1.119889326784,1.119889326784,1.119889326784,1.119889326784,1.119889326784
2026-01-12 15:00:00,1.119889326784,1.119889326784,1.119889326784,1.119889326784,1.119889326784,1.119889326784,1.119889326784,1.119889326784,1.119889326784,1.119889326784,1.119889326784,1.119889326784,1.119889326784,1.119889326784,1.119889326784,1.119889326784,1.119889326784,1.119889326784,1.119889326784,1.119889326784
2026-01-12 16:00:00,1.119889326784,1.119889326784,1.119889326784,1.119889326784,1.119889326784,1.119889326784,1.119889326784,1.119889326784,1.119889326784,1.119889326784,1.119889326784,1.119889326784,1.119889326784,1.119889326784,1.119889326784,1.119889326784,1.119889326784,1.119889326784,1.119889326784,1.119889326784
2026-01-12 17:00:00,1.119889326784,1.119889326784,1.119889326784,1.119889326784,1.119889326784,1.119889326784,1.119889326784,1.119889326784,1.119889326784,1.119889326784,1.119889326784,1.119889326784,1.119889326784,1.119889326784,1.119889326784,1.119889326784,1.119889326784,1.119889326784,1.119889326784,1.119889326784
2026-01-12 18:00:00,1.119889326784,1.119889326784,1.119889326784,1.119889326784,1.119889326784,1.119889326784,1.119889326784,1.119889326784,1.119889326784,1.119889326784,1.119889326784,1.119889326784,1.119889326784,1.119889326784,1.119889326784,1.119889326784,1.119889326784,1.119889326784,1.119889326784,1.119889326784
2026-01-12 19:00:00,1.119889326784,1.0,1.0,1.119889326784,1.119889326784,1.119889326784,1.119889326784,1.119889326784,1.119889326784,1.119889326784,1.0,1.119889326784,1.119889326784,1.119889326784,1.119889326784,1.119889326784,1.0,1.119889326784,1.119889326784,1.119889326784
2026-01-12 20:00:00,1.119889326784,1.0,1.0,1.0,1.0,1.119889326784,1.119889326784,1.0,1.119889326784,1.119889326784,1.0,1.119889326784,1.119889326784,1.0,1.119889326784,1.119889326784,1.0,1.119889326784,1.0,1.119889326784
2026-01-12 21:00:00,1.119889326784,1.0,1.0,1.0,1.0,1.0,1.0,1.0,1.119889326784,1.119889326784,1.0,1.0,1.119889326784,1.0,1.0,1.0,1.0,1.119889326784,1.0,1.0
2026-01-12 22:00:00,1.119889326784,1.0,1.0,1.0,1.0,1.0,1.0,1.0,1.0,1.0,1.0,1.0,1.0,1.0,1.0,1.0,1.0,1.119889326784,1.0,1.0
2026-01-12 23:00:00,1.0,1.0,1.0,1.0,1.0,1.0,1.0,1.0,1.0,1.0,1.0,1.0,1.0,1.0,1.0,1.0,1.0,1.0,1.0,1.0
2026-01-13 00:00:00,1.0,1.0,1.0,1.0,1.0,1.0,1.0,1.0,1.0,1.0,1.0,1.0,1.0,1.0,1.0,1.0,1.0,1.0,1.0,1.0
2026-01-13 01:00:00,1.0,1.0,1.0,1.0,1.0,1.0,1.0,1.0,1.0,1.0,1.0,1.0,1.0,1.0,1.0,1.0,1.0,1.0,1.0,1.0
2026-01-13 02:00:00,1.0,1.0,1.0,1.0,1.0,1.0,1.0,1.0,1.0,1.0,1.0,1.0,1.0,1.0,1.0,1.0,1.0,1.0,1.0,1.0
2026-01-13 03:00:00,1.0,1.0,1.0,1.0,1.0,1.0,1.0,1.0,1.0,1.0,1.0,1.0,1.0,1.0,1.0,1.0,1.0,1.0,1.0,1.0
2026-01-13 04:00:00,1.0,1.0,1.0,1.0,1.0,1.0,1.0,1.0,1.0,1.0,1.0,1.0,1.0,1.0,1.0,1.0,1.0,1.0,1.0,1.0
2026-01-13 05:00:00,1.0,1.0,1.0,1.0,1.0,1.0,1.0,1.0,1.0,1.0,1.0,1.0,1.0,1.0,1.0,1.0,1.0,1.0,1.0,1.0
2026-01-13 06:00:00,1.0,1.0,1.0,1.0,1.0,1.0,1.0,1.0,1.0,1.0,1.0,1.0,1.0,1.0,1.0,1.0,1.0,1.0,1.0,1.0
2026-01-13 07:00:00,1.0,1.12425024,1.0,1.0,1.0,1.12425024,1.0,1.0,1.12425024,1.0,1.12425024,1.0,1.0,1.0,1.0,1.0,1.0,1.0,1.12425024,1.0
2026-01-13 08:00:00,1.0,1.12425024,1.0,1.12425024,1.0,1.12425024,1.0,1.12425024,1.12425024,1.0,1.12425024,1.0,1.12425024,1.0,1.0,1.0,1.12425024,1.0,1.12425024,1.0
2026-01-13 09:00:00,1.12425024,1.12425024,1.12425024,1.12425024,1.0,1.12425024,1.12425024,1.12425024,1.12425024,1.0,1.12425024,1.12425024,1.12425024,1.12425024,1.12425024,1.12425024,1.12425024,1.12425024,1.12425024,1.12425024
2026-01-13 10:00:00,1.12425024,1.12425024,1.12425024,1.12425024,1.12425024,1.12425024,1.12425024,1.12425024,1.12425024,1.0,1.12425024,1.12425024,1.12425024,1.12425024,1.12425024,1.12425024,1.12425024,1.12425024,1.12425024,1.12425024
2026-01-13 11:00:00,1.12425024,1.12425024,1.12425024,1.12425024,1.12425024,1.12425024,1.12425024,1.12425024,1.12425024,1.12425024,1.12425024,1.12425024,1.12425024,1.12425024,1.12425024,1.12425024,1.12425024,1.12425024,1.12425024,1.12425024
2026-01-13 12:00:00,1.12425024,1.12425024,1.12425024,1.12425024,1.12425024,1.12425024,1.12425024,1.12425024,1.12425024,1.12425024,1.12425024,1.12425024,1.12425024,1.12425024,1.12425024,1.12425024,1.12425024,1.12425024,1.12425024,1.12425024
2026-01-13 13:00:00,1.12425024,1.12425024,1.12425024,1.12425024,1.12425024,1.12425024,1.12425024,1.12425024,1.12425024,1.12425024,1.12425024,1.12425024,1.12425024,1.12425024,1.12425024,1.12425024,1.12425024,1.12425024,1.12425024,1.12425024
2026-01-13 14:00:00,1.12425024,1.12425024,1.12425024,1.12425024,1.12425024,1.12425024,1.12425024,1.12425024,1.12425024,1.12425024,1.12425024,1.12425024,1.12425024,1.12425024,1.12425024,1.12425024,1.12425024,1.12425024,1.12425024,1.12425024
2026-01-13 15:00:00,1.12425024,1.12425024,1.12425024,1.12425024,1.12425024,1.12425024,1.12425024,1.12425024,1.12425024,1.12425024,1.12425024,1.12425024,1.12425024,1.12425024,1.12425024,1.12425024,1.12425024,1.12425024,1.12425024,1.12425024
2026-01-13 16:00:00,1.12425024,1.12425024,1.12425024,1.12425024,1.12425024,1.12425024,1.12425024,1.12425024,1.12425024,1.12425024,1.12425024,1.12425024,1.12425024,1.12425024,1.12425024,1.12425024,1.12425024,1.12425024,1.12425024,1.12425024
2026-01-13 17:00:00,1.12425024,1.12425024,1.12425024,1.12425024,1.12425024,1.12425024,1.12425024,1.12425024,1.12425024,1.12425024,1.12425024,1.12425024,1.12425024,1.12425024,1.12425024,1.12425024,1.12425024,1.12425024,1.12425024,1.12425024
2026-01-13 18:00:00,1.12425024,1.12425024,1.12425024,1.12425024,1.12425024,1.12425024,1.12425024,1.12425024,1.12425024,1.12425024,1.12425024,1.12425024,1.12425024,1.12425024,1.12425024,1.12425024,1.12425024,1.12425024,1.12425024,1.12425024
2026-01-13 19:00:00,1.12425024,1.12425024,1.12425024,1.12425024,1.12425024,1.12425024,1.12425024,1.12425024,1.12425024,1.12425024,1.0,1.12425024,1.12425024,1.12425024,1.12425024,1.12425024,1.12425024,1.12425024,1.12425024,1.12425024
2026-01-13 20:00:00,1.0,1.12425024,1.12425024,1.12425024,1.0,1.12425024,1.12425024,1.0,1.12425024,1.12425024,1.0,1.12425024,1.12425024,1.0,1.12425024,1.12425024,1.0,1.12425024,1.0,1.0
2026-01-13 21:00:00,1.0,1.0,1.0,1.12425024,1.0,1.0,1.12425024,1.0,1.0,1.0,1.0,1.12425024,1.0,1.0,1.0,1.0,1.0,1.0,1.0,1.0
2026-01-13 22:00:00,1.0,1.0,1.0,1.0,1.0,1.0,1.0,1.0,1.0,1.0,1.0,1.0,1.0,1.0,1.0,1.0,1.0,1.0,1.0,1.0
2026-01-13 23:00:00,1.0,1.0,1.0,1.0,1.0,1.0,1.0,1.0,1.0,1.0,1.0,1.0,1.0,1.0,1.0,1.0,1.0,1.0,1.0,1.0
2026-01-14 00:00:00,1.0,1.0,1.0,1.0,1.0,1.0,1.0,1.0,1.0,1.0,1.0,1.0,1.0,1.0,1.0,1.0,1.0,1.0,1.0,1.0
2026-01-14 01:00:00,1.0,1.0,1.0,1.0,1.0,1.0,1.0,1.0,1.0,1.0,1.0,1.0,1.0,1.0,1.0,1.0,1.0,1.0,1.0,1.0
2026-01-14 02:00:00,1.0,1.0,1.0,1.0,1.0,1.0,1.0,1.0,1.0,1.0,1.0,1.0,1.0,1.0,1.0,1.0,1.0,1.0,1.0,1.0
2026-01-14 03:00:00,1.0,1.0,1.0,1.0,1.0,1.0,1.0,1.0,1.0,1.0,1.0,1.0,1.0,1.0,1.0,1.0,1.0,1.0,1.0,1.0
2026-01-14 04:00:00,1.0,1.0,1.0,1.0,1.0,1.0,1.0,1.0,1.0,1.0,1.0,1.0,1.0,1.0,1.0,1.0,1.0,1.0,1.0,1.0
2026-01-14 05:00:00,1.0,1.0,1.0,1.0,1.0,1.0,1.0,1.0,1.0,1.0,1.0,1.0,1.0,1.0,1.0,1.0,1.0,1.0,1.0,1.0
2026-01-14 06:00:00,1.0,1.0,1.102475,1.0,1.0,1.0,1.0,1.0,1.0,1.0,1.0,1.0,1.0,1.0,1.0,1.0,1.0,1.0,1.0,1.0
2026-01-14 07:00:00,1.0,1.0,1.102475,1.0,1.0,1.0,1.0,1.0,1.0,1.0,1.0,1.0,1.0,1.0,1.0,1.0,1.0,1.0,1.0,1.0
2026-01-14 08:00:00,1.0,1.0,1.102475,1.102475,1.0,1.0,1.102475,1.102475,1.0,1.102475,1.102475,1.102475,1.0,1.0,1.102475,1.0,1.0,1.0,1.102475,1.102475
2026-01-14 09:00:00,1.102475,1.0,1.102475,1.102475,1.102475,1.102475,1.102475,1.102475,1.0,1.102475,1.102475,1.102475,1.0,1.102475,1.102475,1.0,1.0,1.0,1.102475,1.102475
2026-01-14 10:00:00,1.102475,1.0,1.102475,1.102475,1.102475,1.102475,1.102475,1.102475,1.102475,1.102475,1.102475,1.102475,1.102475,1.102475,1.102475,1.102475,1.102475,1.102475,1.102475,1.102475
2026-01-14 11:00:00,1.102475,1.102475,1.102475,1.102475,1.102475,1.102475,1.102475,1.102475,1.102475,1.102475,1.102475,1.102475,1.102475,1.102475,1.102475,1.102475,1.102475,1.102475,1.102475,1.102475
2026-01-14 12:00:00,1.102475,1.102475,1.102475,1.102475,1.102475,1.102475,1.102475,1.102475,1.102475,1.102475,1.102475,1.102475,1.102475,1.102475,1.102475,1.102475,1.102475,1.102475,1.102475,1.102475
2026-01-14 13:00:00,1.102475,1.102475,1.102475,1.102475,1.102475,1.102475,1.102475,1.102475,1.102475,1.102475,1.102475,1.102475,1.102475,1.102475,1.102475,1.102475,1.102475,1.102475,1.102475,1.102475
2026-01-14 14:00:00,1.102475,1.102475,1.102475,1.102475,1.102475,1.102475,1.102475,1.102475,1.102475,1.102475,1.102475,1.102475,1.102475,1.102475,1.102475,1.102475,1.102475,1.102475,1.102475,1.102475
2026-01-14 15:00:00,1.102475,1.102475,1.102475,1.102475,1.102475,1.102475,1.102475,1.102475,1.102475,1.102475,1.102475,1.102475,1.102475,1.102475,1.102475,1.102475,1.102475,1.102475,1.102475,1.102475
2026-01-14 16:00:00,1.102475,1.102475,1.102475,1.102475,1.102475,1.102475,1.102475,1.102475,1.102475,1.102475,1.102475,1.102475,1.102475,1.102475,1.102475,1.102475,1.102475,1.102475,1.102475,1.102475
2026-01-14 17:00:00,1.102475,1.102475,1.102475,1.102475,1.102475,1.102475,1.102475,1.102475,1.102475,1.102475,1.102475,1.102475,1.102475,1.102475,1.102475,1.102475,1.102475,1.102475,1.102475,1.102475
2026-01-14 18:00:00,1.102475,1.102475,1.102475,1.102475,1.102475,1.102475,1.102475,1.102475,1.102475,1.102475,1.102475,1.102475,1.102475,1.102475,1.102475,1.102475,1.102475,1.102475,1.102475,1.102475
2026-01-14 19:00:00,1.102475,1.102475,1.102475,1.102475,1.0,1.102475,1.102475,1.0,1.102475,1.102475,1.102475,1.102475,1.102475,1.102475,1.102475,1.102475,1.102475,1.102475,1.102475,1.102475
2026-01-14 20:00:00,1.102475,1.0,1.102475,1.102475,1.0,1.102475,1.102475,1.0,1.102475,1.0,1.0,1.102475,1.102475,1.102475,1.102475,1.102475,1.0,1.102475,1.102475,1.102475
2026-01-14 21:00:00,1.0,1.0,1.0,1.0,1.0,1.102475,1.102475,1.0,1.0,1.0,1.0,1.0,1.102475,1.102475,1.102475,1.0,1.0,1.102475,1.0,1.0
2026-01-14 22:00:00,1.0,1.0,1.0,1.0,1.0,1.102475,1.0,1.0,1.0,1.0,1.0,1.0,1.0,1.0,1.0,1.0,1.0,1.0,1.0,1.0
2026-01-14 23:00:00,1.0,1.0,1.0,1.0,1.0,1.0,1.0,1.0,1.0,1.0,1.0,1.0,1.0,1.0,1.0,1.0,1.0,1.0,1.0,1.0
