date,Consumption_kWh_Vehicle_0,Consumption_kWh_Vehicle_1,Consumption_kWh_Vehicle_10,Consumption_kWh_Vehicle_11,Consumption_kWh_Vehicle_12,Consumption_kWh_Vehicle_13,Consumption_kWh_Vehicle_14,Consumption_kWh_Vehicle_15,Consumption_kWh_Vehicle_16,Consumption_kWh_Vehicle_17,Consumption_kWh_Vehicle_18,Consumption_kWh_Vehicle_19,Consumption_kWh_Vehicle_2,Consumption_kWh_Vehicle_3,Consumption_kWh_Vehicle_4,Consumption_kWh_Vehicle_5,Consumption_kWh_Vehicle_6,Consumption_kWh_Vehicle_7,Consumption_kWh_Vehicle_8,Consumption_kWh_Vehicle_9
2026-01-01 00:00:00,0.0,0.0,0.0,0.0,0.0,0.0,0.0,0.0,0.0,0.0,0.0,0.0,0.0,0.0,0.0,0.0,0.0,0.0,0.0,0.0
2026-01-01 01:00:00,0.0,0.0,0.0,0.0,0.0,0.0,0.0,0.0,0.0,0.0,0.0,0.0,0.0,0.0,0.0,0.0,0.0,0.0,0.0,0.0
2026-01-01 02:00:00,0.0,0.0,0.0,0.0,0.0,0.0,0.0,0.0,0.0,0.0,0.0,0.0,0.0,0.0,0.0,0.0,0.0,0.0,0.0,0.0
2026-01-01 03:00:00,0.0,0.0,0.0,0.0,0.0,0.0,0.0,0.0,0.0,0.0,0.0,0.0,0.0,0.0,0.0,0.0,0.0,0.0,0.0,0.0
2026-01-01 04:00:00,0.0,0.0,0.0,0.0,0.0,0.0,0.0,0.0,0.0,0.0,0.0,0.0,0.0,0.0,0.0,0.0,0.0,0.0,0.0,0.0
2026-01-01 05:00:00,0.0,0.0,0.0,0.0,0.0,0.0,0.0,0.0,0.0,0.0,0.0,0.0,0.0,0.0,0.0,0.0,0.0,0.0,0.0,0.0
2026-01-01 06:00:00,0.0,0.0,0.0,0.0,0.0,0.0,0.0,0.0,0.0,0.0,0.0,0.0,0.0,0.0,0.0,0.0,0.0,0.0,0.0,0.0
2026-01-01 07:00:00,0.0,0.0,3.84691064461131,0.0,0.0,0.0,0.0,0.0,2.031376809708352,0.0,0.0,0.0,0.0,2.412427247051881,0.0,0.0,0.0,0.0,0.0,0.0
2026-01-01 08:00:00,0.0,2.039957044270785,3.1305653112085627,2.243669905382406,3.6081880458777174,5.164326908179385,0.0,0.0,1.8438162037587362,4.532109866131405,5.083571620712433,3.548552564646866,0.0,2.2851920295309127,0.0,0.0,1.2463049112798308,0.0,5.219093850429982,0.0
2026-01-01 09:00:00,2.277803424061295,2.8983572018593904,2.3302499073317287,4.8304248914906145,2.815234632822928,1.7297202934264162,2.496946492368325,4.611571216940285,1.4015124041268812,3.485060799757796,3.8315913313124637,3.2897424567704245,1.757390471344876,3.376567364246386,1.2165503671061286,1.2639520045986425,1.2281232833394953,0.0,3.509585166206164,2.3599427536966817
2026-01-01 10:00:00,2.2778353203299058,2.9957636343739797,3.2339370642409953,3.0662458485653707,3.1929195102715737,1.2646121005133548,2.527375684732117,4.9145470363294965,2.451905429126848,1.2145484614511082,2.2488969596333837,4.316138851412155,3.093689533200993,3.3331998808710135,4.321653611606707,3.080373611969644,3.298346991216676,1.7974887143924403,1.3532882323034034,2.342501702443349
2026-01-01 11:00:00,5.800791043817251,1.1816538008885138,1.6724122260011767,2.8427055259863536,4.077505932242023,2.6296022371453067,3.7104996493397375,3.525775909702828,2.568362753287938,3.8841488128937165,3.7139689344244142,2.9880091226628878,1.854448595728486,2.342235414350131,2.5639086249709497,1.2639520045986425,4.328685585754049,2.6167715456658347,1.3532882323034034,1.1714678417231967
2026-01-01 12:00:00,4.223677626999802,2.083634107587098,3.365525898082693,4.8304248914906145,2.5345845226853743,1.505060892425785,2.9863568114065426,6.066557027684312,2.2033083821801513,5.465468076529987,4.093552439298616,1.516814253112411,3.220354370870055,0.9371981370589988,3.015304308574442,1.3597508730401144,1.7829213731342637,1.0376183542037396,1.3532882323034034,4.052205869394321
2026-01-01 13:00:00,1.8206243867365215,2.7458372440842895,3.320864866610154,1.0734277536645809,4.077505932242023,1.1476282018176411,1.7469538160275657,2.069025826279478,2.840364079499161,2.299574107681273,3.8144331368312643,2.958245659315857,3.7262752353686386,0.9371981370589988,1.2165503671061286,3.126161309942794,1.2281232833394953,3.8279046018558733,1.9587274784155468,1.5355460265182306
2026-01-01 14:00:00,3.786793594686363,1.1816538008885138,2.588832494409013,2.539292842181685,3.399758833713086,1.8496616616659056,2.6479700386353002,6.066557027684312,1.5009932501503855,4.369614609275862,2.541356240935027,0.9591419669804787,5.01482407076846,2.7976339568353192,3.3037609925728053,4.082422126846404,3.3348533221867696,2.867789281089037,3.741844119857847,2.903636342147241
2026-01-01 15:00:00,1.8323912626174916,1.2894375534022429,2.5367281464934526,2.3509670322511353,3.565353187970626,3.742570165073385,0.8245554776310529,3.5817850020472815,1.5118265402996263,1.2145484614511082,1.8573887035631904,2.526050144611116,1.8415484886093934,3.1163614865522877,2.491377929530294,3.7174379644650344,2.59974120616046,1.4007241099928824,2.8574447202682207,1.1714678417231967
2026-01-01 16:00:00,1.8278994167511047,2.9410432281624677,3.7871445891709397,4.538009859068135,2.126279998005348,5.164326908179385,2.5855952605069765,2.9274336179527736,0.9446494573643679,3.5565093653729227,3.1323531572455803,2.3402032329679145,1.114405349059658,2.690135949712756,3.232417886355743,3.6045413792937047,2.464542799498823,4.669282593916829,1.5739019707218984,3.2277299453937016
2026-01-01 17:00:00,3.202795594140376,1.1816538008885138,2.3451560649032763,2.953936755312798,2.5998166117584587,3.346003936435539,1.6427657325840157,4.8004987215912305,3.638144133986109,2.9881610454349805,2.6527895025658785,1.6843741435814543,1.114405349059658,1.097989449477474,3.7151336343709604,1.2639520045986425,3.948820290791998,1.944995885347518,3.160109779468251,1.295872862656613
2026-01-01 18:00:00,1.4232885365796593,1.4444221855569959,2.5284098944721225,4.8304248914906145,1.558190152444202,3.7693922405948355,1.8778006245252385,3.2735484421574927,0.8084764742191354,2.745458768812614,3.784074844374001,1.295378115132257,2.4068582599844954,2.393405912341865,1.5832358531135111,2.03881340212631,5.526554775027729,2.955468386016191,1.8053689848981038,4.517751946882776
2026-01-01 19:00:00,1.4232885365796593,1.7106710963594876,2.491447972602257,4.065249995778644,2.044192630822317,0.0,3.7104996493397375,6.066557027684312,3.103384750061292,1.2145484614511082,1.2907267649557759,3.033784834005143,3.412701437540296,4.0509525657153445,1.2165503671061286,1.5759114238539376,0.0,2.253791189752317,2.3593067977862767,2.1639251762084037
2026-01-01 20:00:00,1.6403080465624822,0.0,2.5067965076040575,2.1544944333532747,2.0936844211841845,0.0,2.375223734626469,0.0,1.0619615942945118,0.0,2.586759679318939,1.9178371096224103,2.4800174428133848,0.0,4.679614995586376,3.988365851819491,0.0,1.0376183542037396,3.3556198738968654,2.509552666804589
2026-01-01 21:00:00,0.0,0.0,1.1566949708278491,0.0,0.0,0.0,0.0,0.0,1.7240817492917273,0.0,1.73138188945263,0.0,1.114405349059658,0.0,2.516673653822073,1.2639520045986425,0.0,0.0,0.0,0.0
2026-01-01 22:00:00,0.0,0.0,0.0,0.0,0.0,0.0,0.0,0.0,0.0,0.0,2.088322061981335,0.0,4.42241381441097,0.0,0.0,3.3767607311022325,0.0,0.0,0.0,0.0
2026-01-01 23:00:00,0.0,0.0,0.0,0.0,0.0,0.0,0.0,0.0,0.0,0.0,0.0,0.0,0.0,0.0,0.0,0.0,0.0,0.0,0.0,0.0
2026-01-02 00:00:00,0.0,0.0,0.0,0.0,0.0,0.0,0.0,0.0,0.0,0.0,0.0,0.0,0.0,0.0,0.0,0.0,0.0,0.0,0.0,0.0
2026-01-02 01:00:00,0.0,0.0,0.0,0.0,0.0,0.0,0.0,0.0,0.0,0.0,0.0,0.0,0.0,0.0,0.0,0.0,0.0,0.0,0.0,0.0
2026-01-02 02:00:00,0.0,0.0,0.0,0.0,0.0,0.0,0.0,0.0,0.0,0.0,0.0,0.0,0.0,0.0,0.0,0.0,0.0,0.0,0.0,0.0
2026-01-02 03:00:00,0.0,0.0,0.0,0.0,0.0,0.0,0.0,0.0,0.0,0.0,0.0,0.0,0.0,0.0,0.0,0.0,0.0,0.0,0.0,0.0
2026-01-02 04:00:00,0.0,0.0,0.0,0.0,0.0,0.0,0.0,0.0,0.0,0.0,0.0,0.0,0.0,0.0,0.0,0.0,0.0,0.0,0.0,0.0
2026-01-02 05:00:00,0.0,0.0,0.0,0.0,0.0,0.0,0.0,0.0,0.0,0.0,0.0,0.0,0.0,0.0,0.0,0.0,0.0,0.0,0.0,0.0
2026-01-02 06:00:00,0.0,0.0,0.0,0.0,0.0,0.0,0.0,0.0,0.0,0.0,0.0,0.0,0.0,0.0,0.0,0.0,0.0,0.0,0.0,0.0
2026-01-02 07:00:00,3.327626693622536,0.0,0.0,0.0,0.0,0.0,3.4656535379079023,0.0,0.0,0.0,0.0,0.0,0.0,0.0,0.0,2.152098162185396,4.786196743779576,1.345830086016273,2.7776732853448163,0.0
2026-01-02 08:00:00,1.3680317614105277,0.0,6.266768805339347,0.0,0.0,0.0,1.7386918623105971,4.26411496127993,3.7604522029981564,2.241869732479736,1.0551370085027232,0.0,4.3759148612833565,3.6880682372179416,0.0,0.7959311910809073,1.0635992763954614,1.2354464337107238,5.526163198824598,1.1938625232169502
2026-01-02 09:00:00,1.707838727932525,0.0,5.499078086631855,1.35534444911245,0.0,3.828390816654119,2.706468086712055,5.875661412259125,4.03525584751411,3.8812140907700243,3.466677093728628,6.785917848772342,1.1943593980639988,2.81908400113847,0.0,1.2233330694061961,1.0635992763954614,1.3696092983676655,5.188413925759926,1.583612211186892
2026-01-02 10:00:00,0.8487521610647436,1.4871072759663884,1.3926152900754103,5.692165408497373,1.1102068855127218,1.2925322410034248,4.0279654871589585,6.157170086249399,3.3813191650494265,0.9458260272337508,1.0551370085027232,3.757028413577666,1.1943593980639988,4.000861532781343,1.5033890546879578,0.7959311910809073,1.0635992763954614,3.3245173946170317,2.699674516770854,4.775272473472923
2026-01-02 11:00:00,0.9989113402884683,3.025113914017196,3.030524466115372,3.131779751957974,2.3188021366702807,1.8591322422910272,1.0013727535326293,1.368260019166533,2.4993892634311345,3.6952626017048344,2.8381062961834167,4.113227206806522,3.655217764538242,1.4101867382890383,4.433364516744146,0.7959311910809073,1.0635992763954614,4.823033757317022,2.7457187446134914,1.1938625232169502
2026-01-02 12:00:00,1.7581131494918627,0.8069947329649091,1.463673136829031,5.190526690923104,3.903483194007196,2.2628226353826237,2.895415481673727,1.8071251300406073,2.538585871493652,3.526125784814156,3.283187140959551,5.261988020385815,1.1943593980639988,5.2226112757050105,1.3517490937354675,0.7959311910809073,1.0635992763954614,2.664462547444267,2.7429220386242874,4.2867090011848425
2026-01-02 13:00:00,0.8487521610647436,1.4313479872115222,5.906782178199664,3.0615726847315647,1.6508078733083311,3.485738778011464,0.8951034415908796,3.433583932844895,3.2004576452305002,3.9999857144450846,2.7133045846478367,3.881367058923978,5.374617291287994,2.9904091884679267,3.2644943702575415,1.8985832285514288,2.0765838536874206,2.715522136925034,1.322765216323238,2.9918687016461556
2026-01-02 14:00:00,2.0648678485401386,2.7192777678425317,6.266768805339347,5.310545520901443,4.629609920918124,5.8163950845154115,1.8234442005393896,6.157170086249399,3.157134914410173,0.9458260272337508,3.5087940564856086,6.094763788225825,1.3648564335337285,1.3843901205964055,4.464897499096768,0.9804132582918128,1.8386537474243367,4.295835024393124,3.5305461534986584,5.372381354476276
2026-01-02 15:00:00,0.9337361772346214,0.9442514711074543,6.266768805339347,1.35534444911245,3.2229176528636407,3.1052479720557993,1.7459973361253907,4.183374672214119,2.731523422916477,2.0190724287943453,1.5671806289851922,2.0204140369350285,2.2756166068944785,1.3843901205964055,2.6071936769759056,2.1098977382873723,1.4405316276469573,1.8099950789519572,5.208273052004964,1.1938625232169502
2026-01-02 16:00:00,1.291663318053451,1.7428088984602073,3.083568012575276,4.709031157048653,1.1102068855127218,2.7483653661712757,4.0279654871589585,6.157170086249399,4.205523826755483,1.337834808975538,1.3678139067042194,2.5484700717896476,2.6168952530869376,3.895236357720948,2.4938108035752906,2.042635918398949,1.0635992763954614,4.23299015161051,1.4321675939249208,2.490363871303681
2026-01-02 17:00:00,0.9324989393659854,2.0975649308120774,3.213868042503097,3.00005408049101,3.5465854773273118,2.7000708720743773,1.6924938542090688,4.797176555771247,4.628655167248183,2.2900505920563625,1.5734037883689838,2.149072513056797,2.0633758251977223,3.7045025341638693,4.262816246536863,2.3971652664460175,3.812142240385333,1.2354464337107238,2.5284809207894137,1.1938625232169502
2026-01-02 18:00:00,3.7755549271175384,3.6314762983420907,3.1665571994250206,2.0000340441605746,2.6283674622807487,5.023313718387407,4.0279654871589585,4.354094095574091,1.123596329414449,3.2780550515526197,1.1649724719051593,5.198754239265723,1.8624579586535788,4.8849394102350745,1.3517490937354675,0.7959311910809073,1.0635992763954614,1.2354464337107238,2.2931877741470132,3.0219406220726768
2026-01-02 19:00:00,1.613966984066995,2.3481014945935934,3.399332319576792,0.0,2.560433894379356,1.9933694850496864,2.277472514101312,4.491684589107788,3.7765210505543894,1.8480529408004105,0.0,0.0,4.2177041428405655,1.3843901205964055,1.5347863523866714,1.2693733987136793,1.0635992763954614,1.2354464337107238,2.35987618492663,1.1938625232169502
2026-01-02 20:00:00,0.0,0.0,0.0,0.0,0.0,5.8163950845154115,2.4068581870474093,0.0,2.5190475141931707,2.754265501415979,0.0,0.0,2.8146513569047906,1.3843901205964055,1.3517490937354675,2.24146665719269,0.0,2.91306215893222,3.859397967414088,2.5555029730923047
2026-01-02 21:00:00,0.0,0.0,0.0,0.0,0.0,0.0,0.0,0.0,0.0,0.0,0.0,0.0,0.0,3.858876141366373,0.0,1.9415623314039043,0.0,0.0,3.0208208235073983,0.0
2026-01-02 22:00:00,0.0,0.0,0.0,0.0,0.0,0.0,0.0,0.0,0.0,0.0,0.0,0.0,0.0,3.1018208738809636,0.0,0.0,0.0,0.0,0.0,0.0
2026-01-02 23:00:00,0.0,0.0,0.0,0.0,0.0,0.0,0.0,0.0,0.0,0.0,0.0,0.0,0.0,0.0,0.0,0.0,0.0,0.0,0.0,0.0
2026-01-03 00:00:00,0.0,0.0,0.0,0.0,0.0,0.0,0.0,0.0,0.0,0.0,0.0,0.0,0.0,0.0,0.0,0.0,0.0,0.0,0.0,0.0
2026-01-03 01:00:00,0.0,0.0,0.0,0.0,0.0,0.0,0.0,0.0,0.0,0.0,0.0,0.0,0.0,0.0,0.0,0.0,0.0,0.0,0.0,0.0
2026-01-03 02:00:00,0.0,0.0,0.0,0.0,0.0,0.0,0.0,0.0,0.0,0.0,0.0,0.0,0.0,0.0,0.0,0.0,0.0,0.0,0.0,0.0
2026-01-03 03:00:00,0.0,0.0,0.0,0.0,0.0,0.0,0.0,0.0,0.0,0.0,0.0,0.0,0.0,0.0,0.0,0.0,0.0,0.0,0.0,0.0
2026-01-03 04:00:00,0.0,0.0,0.0,0.0,0.0,0.0,0.0,0.0,0.0,0.0,0.0,0.0,0.0,0.0,0.0,0.0,0.0,0.0,0.0,0.0
2026-01-03 05:00:00,0.0,0.0,0.0,0.0,0.0,0.0,0.0,0.0,0.0,0.0,0.0,0.0,0.0,0.0,0.0,0.0,0.0,0.0,0.0,0.0
2026-01-03 06:00:00,0.0,0.0,0.0,0.0,0.0,0.0,0.0,0.0,0.0,0.0,0.0,0.0,0.0,0.0,0.0,0.0,0.0,0.0,0.0,0.0
2026-01-03 07:00:00,0.0,0.0,0.0,0.0,0.0,4.380736637977775,0.0,0.0,0.0,0.0,0.0,0.0,0.0,0.0,0.0,0.0,0.0,0.0,0.0,0.0
2026-01-03 08:00:00,0.7143048780301126,0.0,1.4860246314337062,0.0,0.0,2.0971037514011437,0.0,0.0,0.0,0.0,0.0,0.0,0.0,0.0,0.0,0.0,0.0,0.0,0.0,0.0
2026-01-03 09:00:00,0.7143048780301126,1.1459141000025486,1.7097393560179996,1.2300457023488975,0.0,2.412729785095733,0.9439438018722003,0.0,0.0,0.0,0.0,0.0,0.0,0.0,2.4123199386365792,2.5586088042359916,0.8270069768358908,0.8221137161648931,0.0,2.424606052089736
2026-01-03 10:00:00,1.5634102203870361,4.126476851406602,1.6015424478174543,0.4334302566695745,2.2860031975989945,3.5662467250826673,1.3306040343177115,0.7720301004999578,0.0,0.8044237925538884,0.0,0.765713912307789,1.0061037619154043,1.1394832575987737,1.2771126619676518,0.8192985818493008,1.6961005801572215,1.7112551252671782,0.0,2.7563585870361536
2026-01-03 11:00:00,2.091489598499574,1.1459141000025486,0.7691748778827472,0.6944448871626705,2.095917471522588,1.983736688010429,3.9926161918118446,2.3357316488811635,0.0,1.3207098822880083,3.803835979742986,2.9035512120924887,1.7901712016134521,0.5684894442929841,0.6923930879028872,1.7035366542144619,2.7039321679939907,1.0426123397335016,0.7058666282668133,0.9102980772576609
2026-01-03 12:00:00,1.5385539227171239,1.8632895376815262,1.5058771935717736,0.4334302566695745,1.1078932942462585,4.548190575799743,2.6481559324238795,3.398727338042644,1.9380034569442761,1.574418941225224,1.46231708370387,2.653917463291417,3.4068389875897327,1.0692249285254487,0.6923930879028872,0.8192985818493008,2.7280719146859584,2.757497743157507,0.7037094769644479,1.9969290680732386
2026-01-03 13:00:00,1.258705265302403,2.4075297223829097,2.033263290208057,1.4876348782213675,1.9456452631844827,4.293279624788947,4.2477471084249006,3.4741354522498096,1.2221122525419426,0.9219232906177325,2.4088329772908033,2.2055739322114545,3.0577140891461365,0.5684894442929841,1.7368508627705568,1.0639991760645413,2.935434239314397,3.699511722742019,0.6779998163950799,1.9278558022051906
2026-01-03 14:00:00,1.0778813861938952,3.9681855554388616,1.7077410687846937,1.5631068134055637,0.8463226059367742,1.22151268376135,1.0048235218530521,2.063826124615052,2.556235643755051,0.9224383444429858,3.2149451440498438,3.314450352684353,1.28996372478569,0.5684894442929841,0.6923930879028872,2.5299030520783217,0.8270069768358908,1.814972823900721,0.7677838540943094,1.7325581990029084
2026-01-03 15:00:00,0.7143048780301126,2.6821535338876004,2.4728256251532676,1.4169471660314694,2.5049306835789147,3.5390729981581344,2.016726464643936,0.7720301004999578,1.0861245310532983,1.409181702448053,2.401976592777695,3.215083249666754,1.756441438233031,1.1934315191134413,0.6923930879028872,0.8192985818493008,0.8270069768358908,2.0334588810353695,1.7663704826280466,0.668434815163532
2026-01-03 16:00:00,0.7143048780301126,2.2530880775420186,1.9267132346486546,0.5203900605901384,2.6807879962236996,2.761588324123098,4.2477471084249006,1.6404753494699502,2.2041626414564433,0.34987087582782755,0.8452968843873302,1.7495163053812668,1.453577668309815,2.5582024993184285,1.0778207529826005,2.3702907785535596,1.0824475730902983,0.8221137161648931,2.4093814399808653,1.226717710914277
2026-01-03 17:00:00,0.9223305145076184,5.156613450011468,0.5896474275156925,1.8187798266649984,2.2326001199596575,2.135499684024535,2.8952984199739378,1.8959127288347901,0.5764996205374663,0.9641598881000741,1.7850932253575595,1.5101476147301434,1.0061037619154043,0.5684894442929841,1.3884261503331705,1.6988835140451843,2.2480911156325516,1.9589106328761763,1.1606252977488833,1.4057165178351252
2026-01-03 18:00:00,2.4021871891247515,2.9090501309620804,0.9735392896686178,1.5884895187028016,2.3264032035956874,3.409872014118824,0.9439438018722003,0.7720301004999578,0.5764996205374663,1.1204307680379486,0.8452968843873302,2.9923659591046876,2.2411111885192403,1.3588762438472832,0.6923930879028872,1.0529584302002613,1.5519570282788182,2.458768699205967,0.6779998163950799,2.1133185726422146
2026-01-03 19:00:00,1.7065021866899093,4.033074615387473,1.3073035268553497,1.518555652698197,1.931271532629328,2.9992239761535053,2.123580508828319,2.1170940127447735,2.453377640294036,0.6010925933864412,2.7793583806245077,2.100467204131044,2.6493797956241494,0.6831345210723287,2.1787341093285795,0.8192985818493008,2.505345320384087,1.224967864942628,0.6779998163950799,1.7947988421516021
2026-01-03 20:00:00,0.7143048780301126,2.9223099879949928,0.7939842278815343,0.0,0.9020419957382372,2.5753925549323617,2.4185989527203153,2.0261702741596626,1.0574263770755405,1.4169935310868371,1.7080298354393206,2.715464449698537,2.464900008552622,0.5684894442929841,0.7416013677913966,1.0445803061509535,3.625748536194491,2.1110719518944934,1.481199606558688,0.668434815163532
2026-01-03 21:00:00,0.0,3.125756304412141,1.2343080019177723,0.0,0.0,1.224550416788298,4.2477471084249006,2.914155869268024,1.1539851077209184,0.0,3.803835979742986,2.3083997199975994,0.0,0.9694798279143565,0.6923930879028872,0.8192985818493008,1.5554937654910619,0.0,2.6936527138766984,0.0
2026-01-03 22:00:00,0.0,5.156613450011468,0.0,0.0,0.0,1.188874253719571,0.0,0.0,0.0,0.0,0.0,3.0204509767260173,0.0,0.0,2.9864446492527836,0.0,0.0,0.0,0.6779998163950799,0.0
2026-01-03 23:00:00,0.0,0.0,0.0,0.0,0.0,0.0,0.0,0.0,0.0,0.0,0.0,0.0,0.0,0.0,0.0,0.0,0.0,0.0,0.0,0.0
2026-01-04 00:00:00,0.0,0.0,0.0,0.0,0.0,0.0,0.0,0.0,0.0,0.0,0.0,0.0,0.0,0.0,0.0,0.0,0.0,0.0,0.0,0.0
2026-01-04 01:00:00,0.0,0.0,0.0,0.0,0.0,0.0,0.0,0.0,0.0,0.0,0.0,0.0,0.0,0.0,0.0,0.0,0.0,0.0,0.0,0.0
2026-01-04 02:00:00,0.0,0.0,0.0,0.0,0.0,0.0,0.0,0.0,0.0,0.0,0.0,0.0,0.0,0.0,0.0,0.0,0.0,0.0,0.0,0.0
2026-01-04 03:00:00,0.0,0.0,0.0,0.0,0.0,0.0,0.0,0.0,0.0,0.0,0.0,0.0,0.0,0.0,0.0,0.0,0.0,0.0,0.0,0.0
2026-01-04 04:00:00,0.0,0.0,0.0,0.0,0.0,0.0,0.0,0.0,0.0,0.0,0.0,0.0,0.0,0.0,0.0,0.0,0.0,0.0,0.0,0.0
2026-01-04 05:00:00,0.0,0.0,0.0,0.0,0.0,0.0,0.0,0.0,0.0,0.0,0.0,0.0,0.0,0.0,0.0,0.0,0.0,0.0,0.0,0.0
2026-01-04 06:00:00,0.0,0.0,0.0,0.0,0.0,0.0,0.0,0.0,0.0,0.0,0.0,0.0,0.0,0.0,0.0,0.0,0.0,0.0,0.0,0.0
2026-01-04 07:00:00,0.0,0.0,0.0,0.0,0.0,0.0,0.0,0.0,0.0,0.8889263149066559,0.0,0.0,0.0,0.8720895822994071,0.0,0.0,0.0,4.275701181893844,0.0,0.0
2026-01-04 08:00:00,0.0,0.0,0.0,0.0,0.0,0.0,1.5501460195648273,1.7267101113917112,0.9885583017587519,1.607626306359494,0.0,0.0,0.0,2.289102320435067,0.0,0.0,0.0,2.66398487300741,0.0,0.0
2026-01-04 09:00:00,0.0,0.0,1.456755269287619,1.9331282567069927,0.9321404630520145,0.9681931641211134,1.3068075472434235,1.9514898631864046,2.0484720835612182,0.8271849005398761,0.0,0.0,0.0,2.300863219230239,1.5933972248748254,1.2115440025868869,0.9482801678962552,2.3358496117019656,2.520187363373412,3.0305265148104055
2026-01-04 10:00:00,3.3220515422495605,0.7740676428802672,0.38315965487843273,1.9331282567069927,1.0680181338582435,0.8593163942856126,1.8592146873754298,0.8870197074630478,4.134203999244997,0.4046157639686047,0.0,3.1720641621823162,0.3720254130691805,0.8720895822994071,1.1748163202319535,1.0196585419451598,2.522804439375028,3.239704700787242,0.7610370415493991,7.2631205145687705
2026-01-04 11:00:00,3.1861498525799608,1.474010651576829,1.7242184469529471,0.5054886029408137,1.692886051079621,2.5841293297403545,1.717572332920694,2.451782701913847,1.1777355873128355,1.536897616333726,2.607686280795062,1.5250029375903422,0.3720254130691805,0.8720895822994071,0.6825504735280307,1.0196585419451598,1.188251005999382,2.6413842937028797,0.7610370415493991,5.518800719108186
2026-01-04 12:00:00,0.9984183021480226,0.7740676428802672,1.684628660347361,0.8934333966813787,1.8703637867952518,1.1328003619074682,1.4404639030257407,2.3802877396831197,1.5139815363789262,0.6189734369621023,1.8879654529488539,2.5957201385463287,0.5546978602068496,0.8720895822994071,1.4965357271319346,2.477097086832053,0.7908706349344938,0.9501558181986319,0.7610370415493991,7.2631205145687705
2026-01-04 13:00:00,1.4955558420389858,0.8844583024293752,0.826224278726362,0.7451485205775578,0.45576287908087165,1.5851501314780045,0.6623118802162975,3.1208964694674894,4.134203999244997,0.4046157639686047,2.6984405907757747,2.939522546774074,0.9221332100029577,0.9331230745595871,2.7402995968522044,2.8672559349206463,0.7908706349344938,0.9501558181986319,1.7181164858266926,5.903860441028266
2026-01-04 14:00:00,2.368422520422049,0.7740676428802672,1.060825181842034,0.7875769559057023,0.464525011622108,2.5762670968381602,0.5349545097201486,3.398582381119618,2.1689465631694924,0.5422633902232863,3.98878874880011,0.8845622651370191,0.3720254130691805,2.909282514823462,0.6825504735280307,1.0196585419451598,3.1420783608205483,0.9501558181986319,2.960762717695438,1.6140267810152826
2026-01-04 15:00:00,3.2464760195784397,0.7740676428802672,1.532862804088775,1.0346846065674464,1.7084121654702236,1.5300540620922813,1.4383898245227762,3.334752008396589,1.2542222025882286,1.38178440293096,3.98878874880011,1.9957539962030266,1.6741143588113125,2.0868199035376485,2.5813702253252897,2.852442646237951,3.29552919200407,3.727623192277973,1.3767564648136241,1.8753099922414758
2026-01-04 16:00:00,1.2639248510629992,0.7740676428802672,1.1045190138710272,0.42958405704599834,1.5120938228126426,3.1828954145213917,2.0256976755572316,3.9300153303049647,3.35672048931783,0.4046157639686047,3.98878874880011,3.4757811744944687,0.9895844242497789,1.4266689845063778,0.9564915558189473,1.7001974670035231,2.833058360470224,2.515091891161612,1.5758087402607346,1.6140267810152826
2026-01-04 17:00:00,1.6639394779703578,1.5341089630044282,0.5006408174893088,1.8566676648881972,0.8976131542525042,2.029279074292156,0.5349545097201486,0.8870197074630478,1.3498144644050727,1.1350126894152823,0.8863974997333578,1.5844447166596456,0.3720254130691805,1.0491149524038221,0.6864752472721574,1.0196585419451598,1.667283454956785,1.4708608606248625,0.7610370415493991,6.531842205685423
2026-01-04 18:00:00,0.9984183021480226,0.9071941151445936,0.5621179597683665,1.4917413105805728,0.6200377151380315,1.5442357979853725,0.5349545097201486,2.719059542654372,1.5321485873028717,1.3410630383175244,1.6580213662859358,2.293203987574021,1.029765293221293,0.8720895822994071,0.9110503340448324,4.540751496992843,0.7908706349344938,0.9501558181986319,2.9544426466842264,7.2631205145687705
2026-01-04 19:00:00,0.9984183021480226,2.4952550889867195,0.7476825011962764,1.7353088372777739,1.6066030591099933,1.0357014053884817,1.4914988296706853,2.910107081895113,1.0872051895410695,0.7081533237927381,3.7586164647603315,2.5896548884088086,0.7945877150092253,0.8720895822994071,1.702132323750574,3.8819429194439667,0.7908706349344938,1.5008432229820916,1.410118648779261,4.938406637988092
2026-01-04 20:00:00,3.0243066301673225,0.0,0.6789492187172478,1.1511535009889766,1.853945329461723,1.7336898304341934,2.353824723083175,1.0356747413872003,3.387485419615003,1.5087037212464136,2.6433710102248456,2.754498752060206,1.3163962121103092,1.196956627707195,2.569698578828135,2.4603083730979347,2.387634009223305,0.0,0.0,5.026064432729415
2026-01-04 21:00:00,0.0,0.0,0.38315965487843273,0.42958405704599834,0.5278505732067508,1.679162883115877,0.0,0.0,3.040535229492413,0.0,1.537994464832761,2.644330152333266,0.3921820129709647,0.8720895822994071,0.6825504735280307,0.0,1.245875269096437,0.0,0.0,0.0
2026-01-04 22:00:00,0.0,0.0,1.3528818163238416,1.1036319628048146,1.712797519514001,1.0432567431915714,0.0,0.0,2.166009781525198,0.0,0.0,0.0,0.8680729187683062,1.9816390652207583,0.0,0.0,0.0,0.0,0.0,0.0
2026-01-04 23:00:00,0.0,0.0,0.0,0.0,0.0,0.0,0.0,0.0,0.0,0.0,0.0,0.0,0.0,0.0,0.0,0.0,0.0,0.0,0.0,0.0
2026-01-05 00:00:00,0.0,0.0,0.0,0.0,0.0,0.0,0.0,0.0,0.0,0.0,0.0,0.0,0.0,0.0,0.0,0.0,0.0,0.0,0.0,0.0
2026-01-05 01:00:00,0.0,0.0,0.0,0.0,0.0,0.0,0.0,0.0,0.0,0.0,0.0,0.0,0.0,0.0,0.0,0.0,0.0,0.0,0.0,0.0
2026-01-05 02:00:00,0.0,0.0,0.0,0.0,0.0,0.0,0.0,0.0,0.0,0.0,0.0,0.0,0.0,0.0,0.0,0.0,0.0,0.0,0.0,0.0
2026-01-05 03:00:00,0.0,0.0,0.0,0.0,0.0,0.0,0.0,0.0,0.0,0.0,0.0,0.0,0.0,0.0,0.0,0.0,0.0,0.0,0.0,0.0
2026-01-05 04:00:00,0.0,0.0,0.0,0.0,0.0,0.0,0.0,0.0,0.0,0.0,0.0,0.0,0.0,0.0,0.0,0.0,0.0,0.0,0.0,0.0
2026-01-05 05:00:00,0.0,0.0,0.0,0.0,0.0,0.0,0.0,0.0,0.0,0.0,0.0,0.0,0.0,0.0,0.0,0.0,0.0,0.0,0.0,0.0
2026-01-05 06:00:00,0.0,0.0,0.0,0.0,0.0,0.0,0.0,0.0,0.0,0.0,0.0,0.0,0.0,0.0,0.0,0.0,2.5557044985721515,0.0,0.0,0.0
2026-01-05 07:00:00,0.0,0.0,0.0,0.0,4.127793203387701,0.0,0.0,0.0,0.0,0.0,0.0,0.0,0.0,0.0,0.0,0.0,1.8679476580554069,0.0,0.0,0.0
2026-01-05 08:00:00,0.0,0.0,0.0,0.0,1.4836196390355656,0.0,4.882606332506281,5.785965006971089,1.717906486333813,2.4981040163506716,0.0,0.0,2.8998029012887576,0.0,0.0,0.0,3.692387206453805,0.0,2.231004491243774,1.2958560465554583
2026-01-05 09:00:00,0.0,0.0,7.064187297003365,3.355946365816744,6.1047754694314555,4.529840426914746,2.9126814357354145,2.514114989125348,2.1732600720859785,3.658312628568785,0.0,4.577821022532135,2.1486558066685477,0.0,1.1296127796053044,2.4177471937982,2.968229873812257,2.467361362994954,3.1813692195140297,3.261203557503846
2026-01-05 10:00:00,1.355860680035222,2.6261193490896075,4.325505392324547,1.6071953888378445,5.724648372124269,4.985791076162368,1.0850236294458404,4.778654054938818,1.6896878618217608,3.461310111425678,1.228666316989445,1.0172935605626967,3.0684447473860956,1.592548588566359,2.334042607498017,1.9399360505640275,1.0567215998431847,4.483226517855794,3.6972720700559183,1.2958560465554583
2026-01-05 11:00:00,3.148036413320394,4.045854249479196,3.865441411739706,1.454857244352577,4.408807162045882,1.576402482078127,2.8869829417601536,1.2857700015491307,3.167473383818593,5.867795568463472,2.7491288023473777,2.511141397352505,1.6959088214390325,3.3035806244588017,5.083257508223871,4.42743143698237,1.8426112614309493,3.1829244018725418,2.684163848487537,2.265219967515942
2026-01-05 12:00:00,5.243133478485503,4.348220867824379,4.040984831880456,2.290595819930888,1.3750640416336415,5.963431577894177,4.381253787075619,3.0172093654543413,1.8952089867423276,3.7252111020681187,3.8339337643946036,3.4348408818275797,0.9514221680938073,1.592548588566359,1.4710115426827823,1.8364279614966084,1.0567215998431847,2.017378750137032,3.257488786575226,2.1766642301677086
2026-01-05 13:00:00,2.4407536231796083,3.005261186908414,3.3673452260271004,1.4422633559540714,6.187788187351387,3.0440269407363023,1.9293438263700282,5.785965006971089,2.1100936639809422,4.985302953999623,4.58579858949928,3.5745074424283056,1.2500268795587748,1.592548588566359,2.2930048924386175,3.0877473986967767,2.168330500493658,1.514129128859484,3.4770368353101277,2.540516217759908
2026-01-05 14:00:00,5.2905093872421505,4.406769878818863,6.464376685556042,2.244182183107502,3.785355897389707,1.3252070173098172,2.194238388479851,4.700677928905159,0.7862662264432502,5.597633577880025,5.528998426452502,2.1421398057818357,2.121511649905429,6.7724913596400835,2.871797578974316,1.0369562942768913,2.4739812920212447,1.1552089897102948,1.330029386686855,4.544331066207411
2026-01-05 15:00:00,1.3044502917529919,4.958540840733057,6.8205581079978845,5.015336294059462,4.583658735889559,4.366411530595112,4.882606332506281,2.7553528424780445,2.886143262719603,5.02446691558378,4.1502116514586955,1.7561468136602505,0.9514221680938073,1.5975537167182112,1.8401382165682887,1.0369562942768913,1.0567215998431847,1.6413876401632654,4.635963306862718,2.2399277340806756
2026-01-05 16:00:00,3.968003322783563,7.520445301286989,6.355902488760775,2.3276714770501132,1.3750640416336415,1.4301231231448586,1.899672743544799,1.2857700015491307,2.894541620105491,4.6012045190042254,2.300649665410989,2.157000876299539,1.1769202708440454,3.8128430466095216,3.1004681603839073,3.0438134095837754,1.5397296461642191,4.300710729920696,1.330029386686855,1.7734924479835958
2026-01-05 17:00:00,2.6595383630744958,5.091843256358996,3.4399217355059664,3.4095873902665184,2.0869019464317407,1.3252070173098172,3.035141524727061,2.596839368540996,2.584902596875585,5.867795568463472,4.191643492464004,3.6477108906742477,2.6764750244937057,1.9273716243558716,1.1296127796053044,2.8654446404088145,2.51577880338576,4.065212593313738,2.6512589214846938,1.605560442997565
2026-01-05 18:00:00,1.9721396522879606,7.637613614936079,1.7808921003000895,3.3565931840412753,2.947372585837828,1.3252070173098172,3.844264911188137,2.7366754326125626,1.5794387713420708,1.9739827468659357,2.825159244290746,1.2809787256649656,0.9514221680938073,5.821904457397043,3.5876661518322965,1.0369562942768913,2.6391571253965753,3.065463338392202,1.4493756322858622,2.7130051894623888
2026-01-05 19:00:00,2.6679314725679357,0.0,6.8568174377932625,2.9523443404968717,2.220399255535599,1.4662259228168315,2.720318914801655,4.9028510296441175,1.5632313867621503,4.053594320674537,3.296816837711759,2.915546790792252,2.443121469213379,3.2277551514370297,3.76658951209158,3.9816560708049247,2.129138139104017,1.1552089897102948,2.0364409167431714,1.5680124326652978
2026-01-05 20:00:00,1.3044502917529919,0.0,5.104572512062693,0.0,3.9395575004734393,5.963431577894177,0.0,3.786446755972516,1.6433753315720876,0.0,3.0141773079919782,1.8664063198329517,2.6574111803498144,3.2001402870533697,1.1296127796053044,1.0369562942768913,1.8539937068489354,0.0,1.330029386686855,1.7641765933174296
2026-01-05 21:00:00,2.113402365750627,0.0,2.5568573419403893,0.0,0.0,3.3563173096733077,0.0,0.0,0.0,0.0,2.627640864752522,0.0,0.0,0.0,0.0,0.0,2.4592299299270577,0.0,4.051340487120323,1.2958560465554583
2026-01-05 22:00:00,0.0,0.0,0.0,0.0,0.0,0.0,0.0,0.0,0.0,0.0,0.0,0.0,0.0,0.0,0.0,0.0,1.9603540660968362,0.0,0.0,0.0
2026-01-05 23:00:00,0.0,0.0,0.0,0.0,0.0,0.0,0.0,0.0,0.0,0.0,0.0,0.0,0.0,0.0,0.0,0.0,0.0,0.0,0.0,0.0
2026-01-06 00:00:00,0.0,0.0,0.0,0.0,0.0,0.0,0.0,0.0,0.0,0.0,0.0,0.0,0.0,0.0,0.0,0.0,0.0,0.0,0.0,0.0
2026-01-06 01:00:00,0.0,0.0,0.0,0.0,0.0,0.0,0.0,0.0,0.0,0.0,0.0,0.0,0.0,0.0,0.0,0.0,0.0,0.0,0.0,0.0
2026-01-06 02:00:00,0.0,0.0,0.0,0.0,0.0,0.0,0.0,0.0,0.0,0.0,0.0,0.0,0.0,0.0,0.0,0.0,0.0,0.0,0.0,0.0
2026-01-06 03:00:00,0.0,0.0,0.0,0.0,0.0,0.0,0.0,0.0,0.0,0.0,0.0,0.0,0.0,0.0,0.0,0.0,0.0,0.0,0.0,0.0
2026-01-06 04:00:00,0.0,0.0,0.0,0.0,0.0,0.0,0.0,0.0,0.0,0.0,0.0,0.0,0.0,0.0,0.0,0.0,0.0,0.0,0.0,0.0
2026-01-06 05:00:00,0.0,0.0,0.0,0.0,0.0,0.0,0.0,0.0,0.0,0.0,0.0,0.0,0.0,0.0,0.0,0.0,0.0,0.0,0.0,0.0
2026-01-06 06:00:00,0.0,0.0,0.0,0.0,0.0,0.0,0.0,0.0,0.0,0.0,0.0,0.0,0.0,0.0,0.0,2.730857258303567,0.0,0.0,0.0,0.0
2026-01-06 07:00:00,0.0,0.0,3.413481455514109,0.0,0.0,0.0,0.0,0.0,2.624675624550903,0.0,3.4488019868554933,0.0,0.0,0.0,0.0,1.007630083414036,0.0,1.7964339600396788,0.0,0.0
2026-01-06 08:00:00,0.0,0.0,1.5912935795575172,1.6913201360783199,0.0,0.0,3.2667426147959877,0.0,2.4093871253740753,0.0,5.150406044063704,3.8090912916515163,0.0,0.0,0.0,1.007630083414036,0.0,1.0265213141899916,0.0,0.0
2026-01-06 09:00:00,1.359534081172543,0.0,4.269388797945431,4.102254224487669,0.0,0.0,1.3215959928448309,3.4302119962575386,3.7038079448522216,3.153104468203539,1.2445666954469972,3.164095161691601,4.649357096777117,2.970805746588485,8.027790025369946,4.166237078348948,2.5503405904616527,1.33547303627595,0.0,3.1128010593293887
2026-01-06 10:00:00,3.488843044627803,2.2181642008684936,4.0549026553882275,4.338148515172103,4.859273404813488,4.552418182303544,1.807875017980728,3.383057884626916,3.7038079448522216,6.70565413653559,3.928201813286556,5.28313897355356,3.8364455619409727,2.2052976158654785,1.8020561798104298,2.035620932855688,1.0871809429647377,2.0960580334538093,3.3492435496067405,2.6941335095949785
2026-01-06 11:00:00,2.607388594084199,1.1126745359541796,1.2455859990994826,6.173730682394357,2.8301158774381974,4.84417689618848,5.947181967801739,3.13868887784649,2.0441062051380334,4.6729972451373865,3.0130534823729755,1.2271849413801659,7.958432510090715,3.769974553316535,1.8020561798104298,1.7108031598824487,3.752417421240007,3.023467975079315,4.492046902353261,2.920780874935008
2026-01-06 12:00:00,1.3174587930817254,1.6868659760601645,0.9487530662100958,4.062066441855739,2.8605122032677595,6.214478052482808,2.0042647812906784,2.096553490423573,1.4857735314194607,3.849519489026184,3.8686127571066296,5.510425513976391,2.033526398865862,1.1333401628802764,5.984315937928819,1.8808616384009653,1.6834951909262605,2.7920793668124797,4.349272498500063,2.839242921549255
2026-01-06 13:00:00,2.8846279276513713,2.6162889183247793,3.0938721279927313,5.1872284763690155,1.079838534402997,6.424091616560975,3.160046940248148,2.66493595215576,1.5464575544136954,7.195595007197394,1.368127835795223,1.4608878016101523,1.7685405577979367,1.1333401628802764,4.494443076402649,1.6129898476260958,2.0679534349545827,3.1651587202832934,1.5950470686895355,4.673028474636045
2026-01-06 14:00:00,2.259294602919992,2.2655759193249296,3.412940253017774,7.605549546707362,4.547649546439489,4.950978310912512,2.959153965893596,4.240658612802068,3.7038079448522216,6.654854729212563,2.3922587197435097,3.1463064561596674,4.365873925943645,1.3265037580544603,7.335668352417127,3.306942899676323,3.942197667704694,3.4031870175578463,2.784318532236953,4.017327081734226
2026-01-06 15:00:00,3.5688414876085024,1.3997777638586693,3.238192388465872,4.924291296656302,4.219585843821933,3.3190322873025577,1.3215959928448309,4.481527404298251,2.8699402573550725,1.6071273710822653,1.2445666954469972,2.9678202977750905,1.7779521159706122,1.1333401628802764,1.8020561798104298,1.3329694572508222,1.2442840969998865,2.385431282289382,1.5950470686895355,1.9765400530489046
2026-01-06 16:00:00,1.100746725684924,1.1126745359541796,2.1249713817685736,6.270588713982476,2.0250743441285346,3.621910237047965,2.7398128278445233,1.3281798253197272,3.7038079448522216,2.532714151673081,5.600550129511486,3.314367267180888,1.7685405577979367,1.1333401628802764,4.9990765260680625,3.158640430883319,1.0871809429647377,1.0265213141899916,2.4081949922694665,5.060015771307251
2026-01-06 17:00:00,1.6211150205422555,1.1126745359541796,2.293889804374386,3.2804109792920193,2.8206837686125326,1.4275759147913278,3.5564615674434754,4.16444645576039,2.0850433623533577,1.6071273710822653,1.2445666954469972,2.0062452666103843,1.7685405577979367,1.9108971979693996,1.8020561798104298,2.736705715987461,1.0871809429647377,2.3762479504523126,7.177711809102909,2.1919489504048606
2026-01-06 18:00:00,1.5242836531692452,1.2473231822839763,2.7896991100816058,4.295792254059149,1.862682630835414,3.975271708132092,1.3215959928448309,3.4337167586592288,3.524362642060282,5.212921305611555,1.9845187126926827,4.747955961319218,3.231840302936858,5.100030732961244,4.571138144936207,2.6831062879025014,1.7898355398374148,3.0655170677264576,4.460010585480617,2.9257859985265644
2026-01-06 19:00:00,1.100746725684924,2.287997775073791,1.4358767212731565,4.985945604205759,2.84243695654106,1.890981936934306,2.1757085869285318,1.8999339340954997,2.4047738994013357,4.91553734933413,1.2445666954469972,1.2271849413801659,7.958432510090715,2.318057866818715,0.0,2.3835221710953385,2.496634593795092,3.0090719668730905,5.557109109770584,1.4211974430190033
2026-01-06 20:00:00,2.558360138969325,5.007035411793809,1.827376759407721,0.0,3.1875910714848437,5.489392960109914,3.267694363064835,3.6188929003448678,2.500431034549888,0.0,0.0,3.748969918809688,0.0,2.374031986217034,0.0,1.007630083414036,4.413640212784249,3.2051471494936945,4.216738237892614,0.0
2026-01-06 21:00:00,0.0,0.0,0.0,0.0,2.4204351452235207,0.0,1.8337038996309183,2.1444528474684126,0.8230684321893826,0.0,0.0,0.0,0.0,0.0,0.0,1.007630083414036,0.0,2.3210690883203666,1.6214601025972717,0.0
2026-01-06 22:00:00,0.0,0.0,0.0,0.0,0.0,0.0,0.0,1.3281798253197272,2.7135323285914326,0.0,0.0,0.0,0.0,0.0,0.0,0.0,0.0,0.0,0.0,0.0
2026-01-06 23:00:00,0.0,0.0,0.0,0.0,0.0,0.0,0.0,0.0,0.0,0.0,0.0,0.0,0.0,0.0,0.0,0.0,0.0,0.0,0.0,0.0
2026-01-07 00:00:00,0.0,0.0,0.0,0.0,0.0,0.0,0.0,0.0,0.0,0.0,0.0,0.0,0.0,0.0,0.0,0.0,0.0,0.0,0.0,0.0
2026-01-07 01:00:00,0.0,0.0,0.0,0.0,0.0,0.0,0.0,0.0,0.0,0.0,0.0,0.0,0.0,0.0,0.0,0.0,0.0,0.0,0.0,0.0
2026-01-07 02:00:00,0.0,0.0,0.0,0.0,0.0,0.0,0.0,0.0,0.0,0.0,0.0,0.0,0.0,0.0,0.0,0.0,0.0,0.0,0.0,0.0
2026-01-07 03:00:00,0.0,0.0,0.0,0.0,0.0,0.0,0.0,0.0,0.0,0.0,0.0,0.0,0.0,0.0,0.0,0.0,0.0,0.0,0.0,0.0
2026-01-07 04:00:00,0.0,0.0,0.0,0.0,0.0,0.0,0.0,0.0,0.0,0.0,0.0,0.0,0.0,0.0,0.0,0.0,0.0,0.0,0.0,0.0
2026-01-07 05:00:00,0.0,0.0,0.0,0.0,0.0,0.0,0.0,0.0,0.0,0.0,0.0,0.0,0.0,0.0,0.0,0.0,0.0,0.0,0.0,0.0
2026-01-07 06:00:00,0.0,0.0,0.0,0.0,0.0,0.0,0.0,0.0,0.0,0.0,0.0,0.0,0.0,0.0,0.0,0.0,0.0,0.0,0.0,0.0
2026-01-07 07:00:00,0.0,0.0,0.0,0.0,0.0,0.0,3.08253244318684,0.0,0.0,0.0,0.0,0.0,0.0,0.0,0.0,1.8728796352254766,0.0,1.2111116075114616,0.0,0.0
2026-01-07 08:00:00,0.0,0.0,3.747939386382191,0.0,0.0,2.5072409869493084,4.380636689888718,1.3222793265055097,0.0,3.4045592709239694,0.0,0.0,0.0,0.0,0.0,0.8829788910277979,3.9447372327867263,1.2111116075114616,0.0,0.0
2026-01-07 09:00:00,1.2868052698205297,4.9646221506383394,2.0185942239787513,0.0,0.0,2.431932318059738,1.063653818110623,3.51653663671037,1.5528715884396755,2.166923467794785,2.115874998390124,3.513138875104808,1.9335907740963398,3.85820399995482,3.887099666779444,0.8829788910277979,1.1619552976394745,2.9804887485270273,1.3335310537156289,0.0
2026-01-07 10:00:00,1.3885162765094672,5.784721631738266,5.352571741238237,2.1594162224520645,3.7371635820135696,3.392757377507673,3.018315746767848,4.575493056166324,2.3871829822445654,3.406724307985346,3.566900266483913,1.969936663982836,1.8846218932042396,5.352971387869328,3.486481476942956,1.853351276021466,3.075487730668515,2.0919214316390327,0.9968497710611055,1.9787360388172994
2026-01-07 11:00:00,0.9561502262115212,4.4415502082195335,1.6837457097355704,1.5874908288085636,2.443737118447515,3.6809256914821846,3.5429918306195067,5.266241602078779,5.509542900403444,3.904647058408073,4.581842569112245,2.4694908761592917,2.395172617599213,4.427437366475264,1.3106115871785369,0.8829788910277979,1.8429967572860066,1.2111116075114616,2.1325038776197607,1.9787360388172994
2026-01-07 12:00:00,1.6253071846936185,7.84565852393276,7.5768556938100655,1.3284426295416831,5.738029760017656,2.26176350106213,1.752317619146042,1.3222793265055097,1.5528715884396755,3.428457762597067,3.710538970048596,4.267380816593727,1.3863323286290847,2.1911617571249633,3.5072816375266145,0.8829788910277979,1.1619552976394745,4.126496817220274,3.109255442429493,1.9787360388172994
2026-01-07 13:00:00,2.3631534135929266,3.550496461002523,3.614240980465619,5.977991832937573,3.8700109431143486,2.4376751784215736,2.4481461647775538,2.8996477505564604,5.618790411699334,2.337791521501243,3.9312489800931556,1.1227720644965182,1.3863323286290847,5.273504178781113,2.2686066353123495,1.8180058687874638,1.3438131202060748,5.450002233801577,2.6614286412249486,4.737985981556762
2026-01-07 14:00:00,4.297554643229144,1.7654565968085036,4.755149992551561,4.543211514528741,4.761821887039297,0.9571376685711658,1.8995775733020863,2.936287767191711,5.0120995489689,1.6194902386459742,2.5221420512658015,2.595375302472543,5.401842165063739,3.362248914944524,5.597278977041498,1.097972049991764,2.8259061561061944,1.2111116075114616,4.379020747852432,6.800715619223224
2026-01-07 15:00:00,2.0636578041159925,2.619586786567898,6.064184141527015,1.3284426295416831,3.0018467368125052,0.9571376685711658,4.786442181497804,2.67911722559395,1.5528715884396755,3.3226568672996555,4.763617420210397,1.4459126004494187,3.26389019818008,4.463620505163079,4.43749826625008,3.686354754120651,2.0552942594393153,2.4999171037214962,2.96989837409247,2.1051785372714344
2026-01-07 16:00:00,2.1719490541644673,5.626746885997255,1.6837457097355704,3.120609804326444,4.9894924471934115,4.307119508570246,4.786442181497804,5.739999672232305,1.5528715884396755,2.0596778625968764,4.440347728415364,2.9196206323835807,4.682205394742769,6.442188798409351,2.2225146996079808,2.35985449806165,1.1619552976394745,1.2111116075114616,0.9731157217449848,3.1873981001560727
2026-01-07 17:00:00,1.7386457152176507,1.8904881600882983,1.6837457097355704,5.977991832937573,3.6533082956418848,1.951785238056358,3.276960164412921,1.3222793265055097,6.826870787998621,3.2144660452054334,3.209043324942444,4.678378186773263,3.3069062433240104,3.0825664756583397,1.3106115871785369,0.8829788910277979,1.1619552976394745,3.207648906994087,1.6645966486148693,3.6972925810693926
2026-01-07 18:00:00,0.9561502262115212,3.0013161763840466,5.915065558142277,1.3284426295416831,3.8714604918632425,4.307119508570246,4.043594314940733,4.884973644467082,6.987922147978539,1.8836348137548302,3.210398769110611,3.167055286768886,1.3863323286290847,1.4315975107576338,1.4437911097288396,0.8829788910277979,1.1619552976394745,1.2111116075114616,1.3333716566750122,3.2107526922877816
2026-01-07 19:00:00,1.8012039807945008,0.0,2.0613132060325587,5.682920193771893,1.8273044332503252,0.9571376685711658,1.6985541801628932,2.42882598204116,6.987922147978539,1.9810450217949132,4.773832378402684,3.8138023008162087,5.152882354023405,2.0663930750996755,1.9490616655504176,0.8829788910277979,2.566770194140554,1.2111116075114616,1.0355115781496715,0.0
2026-01-07 20:00:00,1.9144175952198568,0.0,0.0,3.427125426137746,3.7546252546616383,0.0,1.063653818110623,0.0,0.0,2.336562097894524,2.7232520945536716,2.6498450897351016,3.0742756418835215,2.0322610241804564,1.3106115871785369,1.082656004527953,2.4951378597235023,0.0,1.9175000808006046,0.0
2026-01-07 21:00:00,0.0,0.0,0.0,5.04336164766857,3.657191802784105,0.0,0.0,0.0,0.0,0.8676993463129051,3.1937812788788897,2.1799464680723664,0.0,0.0,3.674668551368626,1.3178187050913754,2.0563763340840104,0.0,1.6950716143190259,0.0
2026-01-07 22:00:00,0.0,0.0,0.0,0.0,0.0,0.0,0.0,0.0,0.0,0.0,0.0,0.0,0.0,0.0,0.0,0.0,0.0,0.0,0.0,0.0
2026-01-07 23:00:00,0.0,0.0,0.0,0.0,0.0,0.0,0.0,0.0,0.0,0.0,0.0,0.0,0.0,0.0,0.0,0.0,0.0,0.0,0.0,0.0
2026-01-08 00:00:00,0.0,0.0,0.0,0.0,0.0,0.0,0.0,0.0,0.0,0.0,0.0,0.0,0.0,0.0,0.0,0.0,0.0,0.0,0.0,0.0
2026-01-08 01:00:00,0.0,0.0,0.0,0.0,0.0,0.0,0.0,0.0,0.0,0.0,0.0,0.0,0.0,0.0,0.0,0.0,0.0,0.0,0.0,0.0
2026-01-08 02:00:00,0.0,0.0,0.0,0.0,0.0,0.0,0.0,0.0,0.0,0.0,0.0,0.0,0.0,0.0,0.0,0.0,0.0,0.0,0.0,0.0
2026-01-08 03:00:00,0.0,0.0,0.0,0.0,0.0,0.0,0.0,0.0,0.0,0.0,0.0,0.0,0.0,0.0,0.0,0.0,0.0,0.0,0.0,0.0
2026-01-08 04:00:00,0.0,0.0,0.0,0.0,0.0,0.0,0.0,0.0,0.0,0.0,0.0,0.0,0.0,0.0,0.0,0.0,0.0,0.0,0.0,0.0
2026-01-08 05:00:00,0.0,0.0,0.0,0.0,0.0,0.0,0.0,0.0,0.0,0.0,0.0,0.0,0.0,0.0,0.0,0.0,0.0,0.0,0.0,0.0
2026-01-08 06:00:00,0.0,0.0,0.0,0.0,0.0,0.0,0.0,0.0,0.0,0.0,0.0,0.0,0.0,0.0,0.0,0.0,0.0,0.0,0.0,0.0
2026-01-08 07:00:00,0.0,0.0,0.0,0.0,1.9834523154268628,0.0,3.7478620821212076,0.0,4.728676054517314,0.0,0.0,0.0,0.0,0.0,1.2139373909401874,0.0,0.0,0.0,0.0,0.8163386600491149
2026-01-08 08:00:00,0.0,1.0018524226620367,1.4295832633251644,2.1530615929910355,2.7584677289802064,0.0,3.3986855841773638,3.5286614421964235,4.842568489805754,0.7559473019354206,3.6129901930074477,3.750627438474488,0.9665378349760402,0.0,2.9727891241008937,4.495821553928669,2.835020717539083,2.868636734771832,0.0,3.6735239702210167
2026-01-08 09:00:00,0.0,1.0018524226620367,1.8594187441975456,0.9429637576258579,1.7210301519966535,3.1351973621945777,5.065579774630899,4.998460431217074,5.139385086954524,1.0802572941487696,1.5652361637911454,4.334095751651845,2.2477081801533494,2.9971217312844844,4.4201750157710515,4.14073431313575,1.22643952634186,5.197055132810417,0.984626113416588,2.296992891130182
2026-01-08 10:00:00,0.0,3.2313032857613337,2.813117028723551,1.416729739217752,3.0422915135445194,1.0797175914824362,3.0383997946077805,5.775570092915189,2.978092678975853,2.3175310957434183,5.130957038554407,1.4043182653218094,1.074283108356701,0.9745169398730744,4.7179830781036145,4.345125212780744,2.599168262330407,3.90118786999793,3.811876744391143,1.2495740619315627
2026-01-08 11:00:00,1.3912589846864971,4.3032666913050415,4.228837398731832,3.4491817623491228,0.8425748633104431,3.6570499047108656,1.5863455290181796,2.6313228210981987,4.045400992459848,2.9887718674843846,6.123936346825302,2.217206591342493,2.283769131295369,2.357652940144788,5.073156139283641,4.856315880558308,1.22643952634186,3.4523749366543997,0.984626113416588,0.8163386600491149
2026-01-08 12:00:00,4.8415160748353445,1.0018524226620367,2.087017500614915,2.3264725407702165,1.268675663612486,2.429996400563345,2.3616974670304725,4.16821900867139,4.63264105246353,1.1545929594192703,1.637802365289752,4.437133790192275,3.170583595041857,1.1652637932065146,1.1273680309519203,2.6317585647963115,3.210675637029507,4.611113857198393,1.0367889386834939,1.8814817795900722
2026-01-08 13:00:00,4.099189597683049,1.0018524226620367,1.6306074654106162,0.7757787305155202,2.083106502779604,2.938668649194971,3.8406514558022673,5.775570092915189,5.390299706880203,0.7559473019354206,4.839439343280659,3.016607268037786,2.53003488096154,1.3865169571758142,1.1273680309519203,5.141455646765294,1.22643952634186,4.463306955827956,3.864419948155422,1.3022808423284993
2026-01-08 14:00:00,4.173441114872425,1.184155913270956,3.8085455312113408,3.491004287319841,0.95822520392474,2.4786462950404333,1.5465912253922258,2.597167544597054,5.046799150241149,2.3086861159187726,5.553027609132457,4.407862263162846,2.9551805708071686,0.9745169398730744,1.4352165012549938,4.163569211800058,1.5680389537912782,1.259598467392928,2.112443273028941,0.8163386600491149
2026-01-08 15:00:00,1.3912589846864971,2.9352418421949737,1.9107680270938328,1.6192731133407872,1.6331204511424722,4.665367075992519,2.6858311635118755,1.28346002064782,4.924450269106346,1.9241791338723464,3.9362256726068154,4.818731990458837,1.8593717656882218,0.9745169398730744,1.2953224015426439,2.83349759916897,2.662451585336015,1.6278480219138833,1.5775335483824453,0.8163386600491149
2026-01-08 16:00:00,5.335219758251314,3.551064388996585,3.4627413560216476,3.491004287319841,1.2387802634246574,2.515168554418842,2.7366532513711075,1.9227761542041448,5.164992432269263,2.5257706290469097,1.6087777692241165,3.3512189573143427,1.030337760548459,3.53754728589548,1.5495634689921232,1.564466165057196,4.320294014826519,2.9450210546194735,1.9084029098601534,1.4636788898796869
2026-01-08 17:00:00,1.3912589846864971,1.3802504001607045,3.187903911729996,1.919304462571413,1.0173939561379597,1.7227376229868612,1.7389121228634983,2.9994839760450533,3.7816234775531385,2.496758470021926,5.408053066832282,3.4990018661383173,0.9869241669857036,0.9745169398730744,2.294929518248735,1.5941325817657284,1.855335841815387,1.5589504705294375,0.984626113416588,0.8163386600491149
2026-01-08 18:00:00,3.785699079708678,1.0018524226620367,3.376351639351967,3.2200971551301203,1.8169575127929531,2.2255604309208272,2.6995641557160055,2.725761867026282,3.2126352974023495,1.2110964483320334,3.1551308633134094,3.3804829427073804,2.889344130301692,0.9745169398730744,3.0448135966318635,2.252740478380942,3.3758888045687576,2.8990448534961915,2.0480186090826225,1.9371575955377067
2026-01-08 19:00:00,6.260665431089237,1.0018524226620367,4.395111067663229,1.6437389229992636,2.7637116832690043,4.013636464253003,5.348332979471441,2.6239762155641304,0.0,0.7559473019354206,0.0,2.293978734241474,1.1455589593302058,2.2992385566500744,5.073156139283641,1.2497482550080583,3.322091643259519,1.259598467392928,3.749796301124292,0.8163386600491149
2026-01-08 20:00:00,1.3912589846864971,1.7324144903989172,4.603331349497373,1.7599588154715295,2.0383472031450145,1.2802232373301212,0.0,0.0,0.0,0.7559473019354206,0.0,4.986940067440871,3.9626888626648493,0.9745169398730744,2.4198884427005676,1.8726712512291719,0.0,1.259598467392928,0.0,0.8820477770561598
2026-01-08 21:00:00,0.0,1.0018524226620367,0.0,0.7757787305155202,0.0,0.0,0.0,0.0,0.0,2.6871345794593,0.0,2.3314176632325014,2.2510889093358917,1.6417105767152216,2.6493366424559355,4.644130152786494,0.0,3.461099065375112,0.0,0.0
2026-01-08 22:00:00,0.0,0.0,0.0,0.0,0.0,0.0,0.0,0.0,0.0,0.0,0.0,0.0,2.1705861214033657,0.0,0.0,0.0,0.0,0.0,0.0,0.0
2026-01-08 23:00:00,0.0,0.0,0.0,0.0,0.0,0.0,0.0,0.0,0.0,0.0,0.0,0.0,0.0,0.0,0.0,0.0,0.0,0.0,0.0,0.0
2026-01-09 00:00:00,0.0,0.0,0.0,0.0,0.0,0.0,0.0,0.0,0.0,0.0,0.0,0.0,0.0,0.0,0.0,0.0,0.0,0.0,0.0,0.0
2026-01-09 01:00:00,0.0,0.0,0.0,0.0,0.0,0.0,0.0,0.0,0.0,0.0,0.0,0.0,0.0,0.0,0.0,0.0,0.0,0.0,0.0,0.0
2026-01-09 02:00:00,0.0,0.0,0.0,0.0,0.0,0.0,0.0,0.0,0.0,0.0,0.0,0.0,0.0,0.0,0.0,0.0,0.0,0.0,0.0,0.0
2026-01-09 03:00:00,0.0,0.0,0.0,0.0,0.0,0.0,0.0,0.0,0.0,0.0,0.0,0.0,0.0,0.0,0.0,0.0,0.0,0.0,0.0,0.0
2026-01-09 04:00:00,0.0,0.0,0.0,0.0,0.0,0.0,0.0,0.0,0.0,0.0,0.0,0.0,0.0,0.0,0.0,0.0,0.0,0.0,0.0,0.0
2026-01-09 05:00:00,0.0,0.0,0.0,0.0,0.0,0.0,0.0,0.0,0.0,0.0,0.0,0.0,0.0,0.0,0.0,0.0,0.0,0.0,0.0,0.0
2026-01-09 06:00:00,0.0,0.0,0.0,0.0,0.0,0.0,0.0,0.0,0.0,0.0,0.0,0.0,0.0,0.0,0.0,0.0,0.0,0.0,0.0,0.0
2026-01-09 07:00:00,0.0,2.238749046992341,0.0,0.0,0.0,0.0,2.5243806950697505,0.0,0.0,0.0,0.0,0.0,0.0,0.0,0.8733196096313638,0.0,0.0,2.877907720122965,0.0,0.0
2026-01-09 08:00:00,1.5817488082541822,3.4886048840797534,2.686778093241246,0.0,0.0,0.0,3.8210662215445086,2.6035735699340625,3.9210065644158387,0.0,3.652227174958975,0.0,0.0,0.0,1.8708311854783122,1.0364511116363737,0.0,1.353498832665575,0.0,0.0
2026-01-09 09:00:00,0.785537282913722,2.9689327772236056,1.3378662020910717,0.0,0.0,3.924556651783381,1.319934247128642,1.356900941080935,4.468691287934412,3.069345132142706,5.577427227052558,2.3720258227990465,3.508112579854269,0.0,2.743460253974237,1.0364511116363737,3.2143745182079897,3.1481833741234784,0.0,1.3480823326990212
2026-01-09 10:00:00,2.0160450409409405,5.516469754700671,1.5280542426841037,1.7447495792951153,3.2223188644305694,1.2272092062983868,3.193551320284319,2.0436366387947924,4.7958567518544495,3.226407543096583,1.393868573277826,1.1486858446536068,1.0419324012941997,3.5434862906854154,3.806462293526383,3.81687784450022,4.976178870190315,3.3112190006635975,1.7332144541330803,1.2927872970275467
2026-01-09 11:00:00,0.785537282913722,2.4181503487540765,2.744137185490584,2.0773039669761366,1.5758792550015976,5.52244142834274,2.141858358848799,2.737744756046059,5.633628631804444,5.536247392217349,4.584630311922417,4.930942577809045,1.0419324012941997,2.5263401012498075,2.5776784515610607,1.2616279423269234,1.7435468849912164,4.848573082506257,0.8544462004330508,2.0116873981822216
2026-01-09 12:00:00,3.1701617547486913,3.5174349927618667,2.702809553809867,0.6336727535737938,2.7205987598549783,3.7994975663291006,5.206450296467927,0.8366846580110754,4.380256397130477,3.3741082807705842,3.580680172378528,4.016196149113587,4.688695805823898,6.50667565689758,0.8733196096313638,4.225671193899365,3.4090276395830212,2.509040380617766,0.8544462004330508,2.107859875951745
2026-01-09 13:00:00,0.785537282913722,2.824379397541263,1.3820509300060522,2.361487828845831,4.511795765917731,3.4044709309987327,4.091437896330168,3.7650809610498395,3.109928796821832,5.084808791110568,4.201442691538709,4.4362437456271,1.0419324012941997,3.608160667592,0.8733196096313638,1.0364511116363737,2.9508701064670424,2.234667567385683,3.239636933683267,2.8309421226563365
2026-01-09 14:00:00,1.1628984199675492,3.2562188333139277,1.989546283006599,1.3106469654712036,3.46117997716423,3.2375271078594023,3.426016263634039,1.8734173948015962,1.9567812511701703,3.994968066187016,3.632999937608705,4.305101940075722,1.0419324012941997,8.285257128344353,1.0586678455019216,4.664030002363682,1.4332248419340672,6.090744746995087,0.8544462004330508,3.0768279602408337
2026-01-09 15:00:00,2.380532245886126,3.037005857535338,1.4724761097205796,2.2361163694086605,1.0026212813150515,4.16684393834,3.759149597626218,2.1994268159765435,3.8035712490217675,1.6171094377625013,1.393868573277826,3.847201064081796,1.666854743181014,1.9827660094323165,2.6841197302883453,2.244198924013543,4.844334412657931,4.548562094111429,1.767665440378749,2.2900672967260443
2026-01-09 16:00:00,0.785537282913722,5.38586828237489,1.2638966402944398,2.628435150143638,4.511795765917731,2.358712759454308,2.623516068032612,1.4155693264590716,1.4012036360459508,3.087751478834731,1.6273257605661784,3.7844776207762014,3.449566369028724,4.912535548994021,2.3634205776646877,1.0364511116363737,3.3639747289144517,1.7642538870431892,0.8544462004330508,2.3704029048637145
2026-01-09 17:00:00,1.7521274067302484,1.281454584140066,2.480799073101124,2.2977019479895646,4.511795765917731,4.860959090044367,3.276107099803001,3.700337436189613,3.379278768668079,1.230277198270522,4.676884628528012,2.1912414055991207,1.0419324012941997,4.104481546008368,2.3644950382071244,1.0364511116363737,3.0015398564431126,1.353498832665575,1.1504562072577857,5.154865610715336
2026-01-09 18:00:00,2.909826369940197,1.281454584140066,1.1880152289031416,1.753389825816302,2.6295304677973763,3.585378821180121,2.683815782574323,2.688549133914184,3.9388259817971343,3.744765770288931,2.435746568523126,1.0957650172908988,1.1913619090813004,1.9827660094323165,0.8733196096313638,3.6249126228998367,1.4332248419340672,4.3826864004027914,1.073919044847077,3.3706817994392932
2026-01-09 19:00:00,0.785537282913722,5.19337578757551,2.0466856189159306,2.7816818257550042,2.7857484216567827,2.0532205105913146,3.094002421394953,1.8730156012212409,2.6608345496598447,1.230277198270522,4.381189874648452,3.199051299539116,1.0419324012941997,0.0,0.8733196096313638,1.0364511116363737,1.4332248419340672,3.4189734973143606,0.8544462004330508,3.1170509167599807
2026-01-09 20:00:00,0.0,0.0,0.0,2.585001379491637,1.0026212813150515,0.0,0.0,3.5126963284354504,2.151347469243818,2.375417222335734,0.0,2.2506232509990807,1.0419324012941997,0.0,2.4512077548223887,3.109166215769098,0.0,3.439221885798769,2.0883404969621977,0.0
2026-01-09 21:00:00,0.0,0.0,0.0,2.8515273910820724,2.893828240843404,0.0,0.0,2.2175779287981507,0.0,4.647246647933898,0.0,1.830249350661908,2.0162252797385984,0.0,0.0,0.0,0.0,0.0,0.0,0.0
2026-01-09 22:00:00,0.0,0.0,0.0,0.0,0.0,0.0,0.0,0.0,0.0,0.0,0.0,0.0,0.0,0.0,0.0,0.0,0.0,0.0,0.0,0.0
2026-01-09 23:00:00,0.0,0.0,0.0,0.0,0.0,0.0,0.0,0.0,0.0,0.0,0.0,0.0,0.0,0.0,0.0,0.0,0.0,0.0,0.0,0.0
2026-01-10 00:00:00,0.0,0.0,0.0,0.0,0.0,0.0,0.0,0.0,0.0,0.0,0.0,0.0,0.0,0.0,0.0,0.0,0.0,0.0,0.0,0.0
2026-01-10 01:00:00,0.0,0.0,0.0,0.0,0.0,0.0,0.0,0.0,0.0,0.0,0.0,0.0,0.0,0.0,0.0,0.0,0.0,0.0,0.0,0.0
2026-01-10 02:00:00,0.0,0.0,0.0,0.0,0.0,0.0,0.0,0.0,0.0,0.0,0.0,0.0,0.0,0.0,0.0,0.0,0.0,0.0,0.0,0.0
2026-01-10 03:00:00,0.0,0.0,0.0,0.0,0.0,0.0,0.0,0.0,0.0,0.0,0.0,0.0,0.0,0.0,0.0,0.0,0.0,0.0,0.0,0.0
2026-01-10 04:00:00,0.0,0.0,0.0,0.0,0.0,0.0,0.0,0.0,0.0,0.0,0.0,0.0,0.0,0.0,0.0,0.0,0.0,0.0,0.0,0.0
2026-01-10 05:00:00,0.0,0.0,0.0,0.0,0.0,0.0,0.0,0.0,0.0,0.0,0.0,0.0,0.0,0.0,0.0,0.0,0.0,0.0,0.0,0.0
2026-01-10 06:00:00,0.0,0.0,0.0,0.0,0.0,0.0,0.0,0.0,0.0,0.0,0.0,0.0,0.0,0.0,0.0,0.0,0.0,0.0,0.0,0.0
2026-01-10 07:00:00,0.0,0.0,0.0,0.0,0.0,0.0,0.0,0.0,0.0,0.0,0.0,0.0,0.0,0.0,0.0,0.0,0.0,1.662447608338603,0.0,0.6757629450814965
2026-01-10 08:00:00,0.0,2.2193195598946547,0.0,0.0,1.7119074519269388,0.0,0.0,0.0,0.0,2.1761558025899332,0.0,0.0,0.0,0.0,0.0,0.0,0.9855012964749723,0.7589526603882885,0.0,0.9280212927278574
2026-01-10 09:00:00,0.0,1.5800997746650702,2.66752747293359,2.154181330790571,2.4711402997608993,0.0,1.933593220979963,0.0,1.4809303613806313,1.953096987108019,1.3151575316889466,3.0948095189947753,0.0,1.0812200097785782,0.0,0.0,0.9855012964749723,1.603998263710484,1.6959630570762367,0.43750210499951425
2026-01-10 10:00:00,0.39852058640883714,2.3584305177529092,2.9010701689891714,2.2550222999018366,1.5667903720647176,1.666067588974726,1.5425056739112115,1.0359267922960973,1.0638663875837182,2.2431277054107412,1.7638496854132901,2.8359633437309646,1.40085919373966,0.4686544947797679,0.3701296344083604,0.6038026361748839,2.4535575304751607,1.8200841251713904,1.3465913397037972,1.3386763273600149
2026-01-10 11:00:00,1.0490856121680492,0.8206403713135403,2.963384274350866,2.413627755563552,0.5530924755629968,1.0003786085765418,2.349200126401671,1.661234777805723,2.057905965961123,1.5886981724612046,1.7658399145342265,2.998067856607609,3.0614967439805048,1.5394872359660676,1.250582694295493,1.5852073609013775,0.9855012964749723,0.7589526603882885,1.4936616204728586,0.47917283885771866
2026-01-10 12:00:00,0.9267134267742274,3.1666636718585925,1.634524168410417,3.276274616333022,2.405076885047118,2.347478417979711,1.5635677702899973,2.455063897597893,1.9793762723853376,3.431702134233751,1.6377754510909894,3.8213291749640623,3.788259286914626,0.917228474237514,0.45361258951417605,0.6038026361748839,1.7258356619166286,2.420313708834353,1.006889683628728,1.6421314491387253
2026-01-10 13:00:00,0.9014227770440638,1.8229267311102955,1.4055845915602665,4.172473307771246,2.24494348061435,1.3411633244267442,1.7357587374396597,3.019291716207544,2.6403772953035842,1.4926424804045384,3.3061824269113855,2.5413202012623364,1.0232967901987429,1.3404377689492535,0.6672409974361682,1.4647082388520998,2.808001185638716,2.1909038623979695,2.303820612710983,1.139045484996984
2026-01-10 14:00:00,0.9536206309312883,3.6130517668672013,3.1800942439649846,0.9814186879923685,0.6571379563143336,0.7265374886790666,0.5951641708690886,1.0359267922960973,1.2658338968496068,1.488764389605757,3.2700628688786537,3.485362739500783,2.2684887147167414,0.5286997089606111,0.6932650301401315,1.1020437285633635,2.6679352571360737,1.3408276898237625,0.9469683458523576,0.43750210499951425
2026-01-10 15:00:00,0.39852058640883714,2.173309658057881,2.2972992899197315,3.1293686430070227,1.3490120913294148,2.067243086855625,2.1890065391065345,1.2540582251416212,1.870822440085344,1.930717244825882,2.898717480622191,1.6963976880928375,0.8992379385552621,0.8655991264794536,0.8709251411212516,0.6038026361748839,0.9855012964749723,2.651192987732166,0.551132660043222,1.4421387864555526
2026-01-10 16:00:00,0.8915010315428925,1.2152774749728565,0.8477753010364146,1.778099339246922,1.472845475679978,1.9136412491657024,0.6720498596180103,1.0359267922960973,0.6605674486580887,1.8585832751945126,1.74326969935788,3.312331957725841,0.8992379385552621,0.569042091683886,1.2904606379476797,1.8148273258322187,3.068918025047987,1.8148206046824296,0.5119601361579962,0.43750210499951425
2026-01-10 17:00:00,0.9245852659047827,0.8206403713135403,0.7177968555913656,0.9814186879923685,1.2382307329839095,1.3477431163957116,1.4320479541669675,4.661670565332438,2.071346896257283,0.9609457104044854,2.4887722410825894,1.201846716401764,2.238011845738111,1.337187514182202,0.3701296344083604,0.6038026361748839,3.521329406471041,2.7068687104579454,0.5119601361579962,0.5898752634465042
2026-01-10 18:00:00,0.39852058640883714,0.8206403713135403,0.7225278825894047,2.1910136633172086,1.5554627094359312,0.521661870662158,2.6782387689108984,1.8528727508189595,1.213979425816983,1.4845891394723874,0.8487915328192722,1.0857212116819044,1.18234744245004,0.4686544947797679,1.0061208984570649,0.6038026361748839,1.078495458949118,1.5427560140621706,0.8383522430319119,0.6134031253408666
2026-01-10 19:00:00,1.7801046647781826,0.8206403713135403,1.278618420791261,0.0,2.2798575999901156,1.1122160782508497,1.0083645712167466,4.661670565332438,2.6403772953035842,1.9753347627586237,0.8487915328192722,0.8491842611031248,1.1713062669086989,0.7058548205848431,0.3701296344083604,0.6038026361748839,0.9855012964749723,1.7337062521035398,0.9328785159997038,1.5590687743696012
2026-01-10 20:00:00,1.0229154427346208,2.2137708948671806,1.8115981582846474,0.0,0.0,1.936937965702284,1.2343148475934587,0.0,1.7406372565423147,1.773267922484734,3.819561897686725,1.5372303573373864,2.3164856122685373,1.4457082264186263,0.5714177422068901,1.153832671383934,3.671829885858742,1.7238196301197997,2.1075092546626157,0.43750210499951425
2026-01-10 21:00:00,0.39852058640883714,0.0,0.0,0.0,0.0,1.1683203353363045,0.0,0.0,0.0,1.3968561485314777,2.4623859006116886,3.8213291749640623,0.8992379385552621,1.3530410379632212,0.0,2.3843081888648263,0.0,0.7589526603882885,0.0,0.8072380074721797
2026-01-10 22:00:00,1.1223119521559402,0.0,0.0,0.0,0.0,0.0,0.0,0.0,0.0,0.0,0.0,3.6948065475010132,0.0,0.0,0.0,0.9884349492089001,0.0,0.0,0.0,0.43750210499951425
2026-01-10 23:00:00,0.0,0.0,0.0,0.0,0.0,0.0,0.0,0.0,0.0,0.0,0.0,0.0,0.0,0.0,0.0,0.0,0.0,0.0,0.0,0.0
2026-01-11 00:00:00,0.0,0.0,0.0,0.0,0.0,0.0,0.0,0.0,0.0,0.0,0.0,0.0,0.0,0.0,0.0,0.0,0.0,0.0,0.0,0.0
2026-01-11 01:00:00,0.0,0.0,0.0,0.0,0.0,0.0,0.0,0.0,0.0,0.0,0.0,0.0,0.0,0.0,0.0,0.0,0.0,0.0,0.0,0.0
2026-01-11 02:00:00,0.0,0.0,0.0,0.0,0.0,0.0,0.0,0.0,0.0,0.0,0.0,0.0,0.0,0.0,0.0,0.0,0.0,0.0,0.0,0.0
2026-01-11 03:00:00,0.0,0.0,0.0,0.0,0.0,0.0,0.0,0.0,0.0,0.0,0.0,0.0,0.0,0.0,0.0,0.0,0.0,0.0,0.0,0.0
2026-01-11 04:00:00,0.0,0.0,0.0,0.0,0.0,0.0,0.0,0.0,0.0,0.0,0.0,0.0,0.0,0.0,0.0,0.0,0.0,0.0,0.0,0.0
2026-01-11 05:00:00,0.0,0.0,0.0,0.0,0.0,0.0,0.0,0.0,0.0,0.0,0.0,0.0,0.0,0.0,0.0,0.0,0.0,0.0,0.0,0.0
2026-01-11 06:00:00,0.0,0.0,0.0,0.0,0.0,0.0,0.0,0.0,0.0,0.0,0.0,0.0,0.0,0.0,0.0,0.0,0.0,0.0,0.0,0.0
2026-01-11 07:00:00,0.0,0.0,0.0,0.0,0.0,0.0,0.0,0.0,0.0,0.0,0.0,0.0,0.0,0.0,0.0,0.0,0.0,0.0,0.0,0.0
2026-01-11 08:00:00,1.3774010730548283,0.0,0.0,0.4597753064947397,1.1007532639172943,0.0,0.0,0.0,0.0,0.0,0.0,0.0,0.0,0.0,1.664153502352985,0.0,0.0,0.0,0.0,0.0
2026-01-11 09:00:00,1.0574010008979668,0.6741746799884849,0.0,0.5017564979011575,2.47669565096852,0.0,0.0,1.1876282074926106,0.0,0.0,2.598678364793649,0.0,1.2531298204400847,0.0,0.721541410451281,0.510598613718447,1.3197583530992243,0.0,0.0,0.36948251351517614
2026-01-11 10:00:00,1.295269735608882,0.5184027209636379,5.088674355896745,2.0689888792263287,3.1608648560989545,0.0,3.5624327026036204,0.45149974998811104,0.0,1.8879314151781923,1.8415718702328319,0.0,0.5645766273278406,0.9206973697376061,0.721541410451281,0.510598613718447,0.5048352258830032,0.0,1.8071198200336236,0.7822890631826982
2026-01-11 11:00:00,1.9160088725855355,1.5177553537695858,4.542339901554235,0.4597753064947397,0.9121667974091945,4.164008627148426,1.7113550634889712,0.9517964259333848,0.4743327771660638,0.6250571111514409,2.799070644336444,0.6711866130142065,0.9497508690375907,0.29271378601147824,1.3342477178850596,1.237546297724517,1.1681299094338862,1.075027960250245,0.5487310596899898,0.44375139932567464
2026-01-11 12:00:00,0.6748801573649688,0.8256643937882456,5.515686883717388,1.6025012447083204,2.593377881668651,3.6694426592620575,3.0177865055823765,1.3564736797565138,1.979465115071451,0.6250571111514409,2.894283466561128,1.9850691308600064,0.5645766273278406,0.29271378601147824,3.246936347030764,0.510598613718447,1.585457365750837,0.4180394593492866,1.22008421200635,0.9418994179128155
2026-01-11 13:00:00,0.4257797494634523,0.4474867980318023,1.3392626789301616,1.9968184404529465,2.5128583682915835,3.5475629697244506,1.5592559957682601,0.7849411628635319,1.2224388793841825,1.4004013642120894,3.090846777763574,3.0203397585639293,1.3546286818077453,0.4629724370242115,0.721541410451281,1.5415464815569628,0.5048352258830032,1.612488197318479,1.249311449249812,1.1382443940689677
2026-01-11 14:00:00,0.4257797494634523,0.602567215034656,2.3821363556121504,1.1775873392276948,2.999212330874182,1.6844168317049233,3.5624327026036204,1.3564736797565138,1.4012523735243125,1.1144894185105874,3.215415874505914,2.3022987525366827,0.5645766273278406,0.5225504711530627,1.527683730155,1.3354893554739844,0.5712462865563295,0.4180394593492866,0.5736295046899343,0.979980618716548
2026-01-11 15:00:00,0.4257797494634523,1.4311402143752745,3.1080236801042793,0.9949439883651127,3.8606437777063305,1.0790696501932535,2.1035973192704893,0.7309829739690495,1.6727876772241732,1.064787141633412,3.2266444071237705,2.1935812657545073,0.5645766273278406,0.8007407142220174,0.721541410451281,2.1935422581835096,0.8571330749037331,0.5276828796091104,0.5487310596899898,0.593096217558007
2026-01-11 16:00:00,0.7726864259733848,0.9982767628141721,1.3392626789301616,0.8894540670921662,3.2657483848173303,1.603239806253441,1.3930147817494891,1.039397272615663,1.3427112231315965,1.489996777893005,1.0057578408315337,2.107906941385825,0.8709324004663057,0.4044824036662814,0.7757273267907367,0.510598613718447,0.5048352258830032,0.4180394593492866,0.7368380823701347,0.36948251351517614
2026-01-11 17:00:00,1.0157710161999547,0.4474867980318023,4.0144655113078285,1.7038739007147745,0.9149810232576837,2.9572703519860912,2.4952993664132754,1.103115084568059,0.6390334080266723,0.8615115128540723,3.3138151988048654,1.2084926583718927,1.6858542390684068,0.29271378601147824,1.4176093712012283,1.4094650352515234,1.3415746702840297,1.1894311829138349,0.9161507056062433,0.36948251351517614
2026-01-11 18:00:00,0.9783068670018222,1.106862008288037,2.7449214844347107,2.0689888792263287,2.6078810089743922,2.9097071081069985,2.418319233043765,0.8029492986947055,1.3998641800540061,2.812757000181484,3.3915087808018662,1.3425072734528143,2.191153815933132,0.3493669874798617,1.5704717703938853,1.2383132514252537,0.6813954948209561,0.4180394593492866,1.6301613494107137,0.7858491390329657
2026-01-11 19:00:00,1.2982472204399982,1.14887381965204,4.134549205660524,2.0689888792263287,3.6445540724992513,4.228182756422105,0.9590916549043963,0.30143859550144747,0.788264263295345,0.0,2.1196444657086957,3.0203397585639293,1.23606593483875,0.7673539268988442,1.2446582693200987,1.156899846290713,0.9492034986457719,0.4180394593492866,1.7091218999282982,1.0125047362996205
2026-01-11 20:00:00,0.8250536801633637,0.0,0.0,1.9032727181841742,1.8147951531884816,4.586775043316443,3.5624327026036204,0.0,1.0762765209903484,0.0,0.9130833238028646,0.0,1.001065928609515,0.29271378601147824,2.0809928302280905,0.510598613718447,1.6480093859877885,0.7883544804532637,1.1772227097240984,0.36948251351517614
2026-01-11 21:00:00,1.6622756561296121,0.0,0.0,2.0689888792263287,2.989159814072727,0.0,3.5624327026036204,0.0,0.4743327771660638,0.0,2.4333545418285536,0.0,0.0,0.0,1.8375438534502548,0.6777252552174033,0.0,1.0580534794738345,0.689094420749427,1.3339648030468862
2026-01-11 22:00:00,0.0,0.0,0.0,0.0,1.5697083044403861,0.0,3.044484612555694,0.0,1.2730760243393606,0.0,0.9130833238028646,0.0,0.0,0.0,0.0,0.0,0.0,0.0,0.5487310596899898,1.3941056871810087
2026-01-11 23:00:00,0.0,0.0,0.0,0.0,0.0,0.0,0.0,0.0,0.0,0.0,0.0,0.0,0.0,0.0,0.0,0.0,0.0,0.0,0.0,0.0
2026-01-12 00:00:00,0.0,0.0,0.0,0.0,0.0,0.0,0.0,0.0,0.0,0.0,0.0,0.0,0.0,0.0,0.0,0.0,0.0,0.0,0.0,0.0
2026-01-12 01:00:00,0.0,0.0,0.0,0.0,0.0,0.0,0.0,0.0,0.0,0.0,0.0,0.0,0.0,0.0,0.0,0.0,0.0,0.0,0.0,0.0
2026-01-12 02:00:00,0.0,0.0,0.0,0.0,0.0,0.0,0.0,0.0,0.0,0.0,0.0,0.0,0.0,0.0,0.0,0.0,0.0,0.0,0.0,0.0
2026-01-12 03:00:00,0.0,0.0,0.0,0.0,0.0,0.0,0.0,0.0,0.0,0.0,0.0,0.0,0.0,0.0,0.0,0.0,0.0,0.0,0.0,0.0
2026-01-12 04:00:00,0.0,0.0,0.0,0.0,0.0,0.0,0.0,0.0,0.0,0.0,0.0,0.0,0.0,0.0,0.0,0.0,0.0,0.0,0.0,0.0
2026-01-12 05:00:00,0.0,0.0,0.0,0.0,0.0,0.0,0.0,0.0,0.0,0.0,0.0,0.0,0.0,0.0,0.0,0.0,0.0,0.0,0.0,0.0
2026-01-12 06:00:00,0.0,0.0,0.0,0.0,0.0,0.0,0.0,0.0,0.0,0.0,0.0,0.0,0.0,0.0,0.0,0.0,0.0,0.0,0.0,0.0
2026-01-12 07:00:00,0.0,0.0,0.0,4.146587172756651,0.0,0.0,0.0,0.0,0.0,0.0,0.0,0.0,2.598348528560962,0.0,0.0,0.0,0.0,0.0,0.0,0.0
2026-01-12 08:00:00,0.7765986514927625,0.0,0.0,2.0828577854414183,0.0,0.0,0.0,2.5461483948976324,1.1873641299804147,2.567198923052818,0.0,0.0,0.8714229847490309,0.0,1.0981827168319467,1.2868464111008562,0.0,0.0,0.0,0.0
2026-01-12 09:00:00,2.0025177488034323,2.1442728270378666,3.9782754171893098,4.166637538226971,0.0,2.583982346242737,3.3171580044135074,5.185995391585587,2.2452544094794082,1.3297846274520881,3.4093771024976767,2.4252719280048454,1.5020073897462207,2.2021671862525025,1.3121122193969146,2.0008726929531555,0.0,1.673802259428121,1.8803669915887522,3.822489329235707
2026-01-12 10:00:00,1.2541860854470828,2.0326671629265314,1.1767170676308019,1.2615587127889323,3.230136703949689,2.6625194631817495,1.297463906562869,1.1900949898078994,1.568822735768768,1.6012199356379313,2.350503827332979,4.584365588513869,2.3261273480109015,4.865553957029354,2.371979227920948,5.731093003749173,2.3868237999124537,0.9587561972478379,1.1789100376212394,3.2561807022912395
2026-01-12 11:00:00,2.247950746363325,1.0391274881815333,1.1767170676308019,1.2615587127889323,4.307500425044658,4.205814026567982,1.297463906562869,3.2332817069067787,1.9519827854195637,3.810199093523034,1.5618697947028608,5.764222333530824,0.8714229847490309,3.1312422983616353,3.396136091536109,4.368796978509374,3.6733498916285283,0.8832524307042326,0.8411004340999184,1.3804531508596407
2026-01-12 12:00:00,1.9927283428395575,2.9022510281441947,3.4988782298053436,3.7283212072332867,5.052507251734268,3.2596866310259167,2.605369188324348,2.4868394236757485,1.7382546766297056,0.8636763511044495,3.7704053675412856,4.618647776866672,1.6805911446719632,1.3358628713510476,1.0329083542338295,2.8267756328497633,4.356396669062887,1.7293439676489144,0.8411004340999184,3.2199768599840906
2026-01-12 13:00:00,1.4138666006010532,1.0893168367645458,1.358579158952572,1.2698490091443786,6.8681499640943695,3.4121978565515843,4.0179250582331,2.9989902814782137,2.9358317833406913,1.1259915011310937,3.1031012117083088,1.2809382963401832,1.1646165404791686,1.3358628713510476,1.03320450573883,5.590137657817205,4.590791659521723,0.854012598572546,0.8411004340999184,2.380473666731733
2026-01-12 14:00:00,0.7765986514927625,1.551535400369646,4.728719680819397,3.295752341138781,1.536882331618502,2.2931140348291326,1.297463906562869,4.085597873205802,0.7000668264155566,3.8865435799700228,2.4195777408624846,3.0066561636173628,2.575493427169968,4.296367177115203,1.0329083542338295,1.2868464111008562,5.522957196347211,0.854012598572546,0.8411004340999184,1.3804531508596407
2026-01-12 15:00:00,0.7765986514927625,1.0391274881815333,3.840263214048629,1.2615587127889323,6.5539042552379225,2.6424037292736084,1.297463906562869,3.4597085390776465,3.150300718870005,2.142793748727069,1.7226102852692893,4.931410330719282,3.921403431370639,3.625569443722198,1.0329083542338295,1.2868464111008562,3.1335274049172415,1.2901656849290828,2.2687396665289485,3.598538305148131
2026-01-12 16:00:00,1.0177380391984894,1.346081987807059,5.295226804338609,5.423360964249443,6.915970492283259,2.0550578805098745,2.09471887091615,2.7621319827683637,1.9581669313996821,1.324202926531278,4.370936194331287,1.2809382963401832,1.9254333466033025,1.917907626987158,1.3139514226829943,1.8404090821622878,1.6779347902703745,2.557818353315846,2.6725081244434765,5.404994796597885
2026-01-12 17:00:00,2.3989010839939873,4.6760736968169,2.7208240764300697,4.7749411402622535,6.808925092365355,1.079675240157396,2.64450327155379,3.671789016899808,1.303553914611873,1.0910065622925074,3.248849561470291,1.2809382963401832,0.8714229847490309,1.3358628713510476,1.0329083542338295,3.1950160404676384,4.074621755897212,1.2367745739147646,0.8411004340999184,1.3804531508596407
2026-01-12 18:00:00,1.7180210170900188,3.9421825010708726,4.8470349885113295,3.1745715134267565,4.7656814035635495,2.327202591747894,2.6611719942290186,5.296330052435894,1.5811622318588978,2.647597020610531,0.9901946732956353,3.376957897512508,1.2170816258990722,5.332532978270314,2.4370004023140237,1.2868464111008562,7.550706556216684,1.8127264888749806,2.5493876641314186,1.3804531508596407
2026-01-12 19:00:00,0.7765986514927625,0.0,0.0,3.220094987640033,2.4281168683886363,2.8803356113051635,4.315089756065613,1.3914555265663227,3.150300718870005,1.9560626832145815,0.0,2.7717231069410078,3.921403431370639,4.6183042873428235,1.0329083542338295,1.6447793956453873,0.0,0.854012598572546,1.4764882136413793,5.75230787405958
2026-01-12 20:00:00,1.6746510911667079,0.0,0.0,0.0,0.0,2.4525495101054346,3.4656509903873074,0.0,3.0655574700933483,2.6172261856298493,0.0,3.459867209177797,3.921403431370639,0.0,2.1056711224708424,2.6703342065365625,0.0,0.854012598572546,0.0,3.124944894425336
2026-01-12 21:00:00,1.899527857845604,0.0,0.0,0.0,0.0,0.0,0.0,0.0,0.7000668264155566,0.9297613029830928,0.0,0.0,0.8714229847490309,0.0,0.0,0.0,0.0,0.854012598572546,0.0,0.0
2026-01-12 22:00:00,0.7765986514927625,0.0,0.0,0.0,0.0,0.0,0.0,0.0,0.0,0.0,0.0,0.0,0.0,0.0,0.0,0.0,0.0,0.854012598572546,0.0,0.0
2026-01-12 23:00:00,0.0,0.0,0.0,0.0,0.0,0.0,0.0,0.0,0.0,0.0,0.0,0.0,0.0,0.0,0.0,0.0,0.0,0.0,0.0,0.0
2026-01-13 00:00:00,0.0,0.0,0.0,0.0,0.0,0.0,0.0,0.0,0.0,0.0,0.0,0.0,0.0,0.0,0.0,0.0,0.0,0.0,0.0,0.0
2026-01-13 01:00:00,0.0,0.0,0.0,0.0,0.0,0.0,0.0,0.0,0.0,0.0,0.0,0.0,0.0,0.0,0.0,0.0,0.0,0.0,0.0,0.0
2026-01-13 02:00:00,0.0,0.0,0.0,0.0,0.0,0.0,0.0,0.0,0.0,0.0,0.0,0.0,0.0,0.0,0.0,0.0,0.0,0.0,0.0,0.0
2026-01-13 03:00:00,0.0,0.0,0.0,0.0,0.0,0.0,0.0,0.0,0.0,0.0,0.0,0.0,0.0,0.0,0.0,0.0,0.0,0.0,0.0,0.0
2026-01-13 04:00:00,0.0,0.0,0.0,0.0,0.0,0.0,0.0,0.0,0.0,0.0,0.0,0.0,0.0,0.0,0.0,0.0,0.0,0.0,0.0,0.0
2026-01-13 05:00:00,0.0,0.0,0.0,0.0,0.0,0.0,0.0,0.0,0.0,0.0,0.0,0.0,0.0,0.0,0.0,0.0,0.0,0.0,0.0,0.0
2026-01-13 06:00:00,0.0,0.0,0.0,0.0,0.0,0.0,0.0,0.0,0.0,0.0,0.0,0.0,0.0,0.0,0.0,0.0,0.0,0.0,0.0,0.0
2026-01-13 07:00:00,0.0,1.0777883523051621,0.0,0.0,0.0,1.6020994059947404,0.0,0.0,3.8738440189465893,0.0,4.324149351388293,0.0,0.0,0.0,0.0,0.0,0.0,0.0,2.43473276474217,0.0
2026-01-13 08:00:00,0.0,2.119233133686008,0.0,1.0169211341406919,0.0,4.45817878564896,0.0,2.4452964192674904,2.5272329494364834,0.0,3.2224243562883452,0.0,3.840572632136054,0.0,0.0,0.0,1.1919093105996872,0.0,4.155626862631166,0.0
2026-01-13 09:00:00,3.574364360587024,2.9883659796815385,1.0887858499473033,3.144209569787298,0.0,1.2149996716844176,4.158705519122504,1.4070314746567134,1.2512688799412262,0.0,1.2229412075393251,3.230702752325031,2.3800226460841754,4.676857014809024,5.3184638914783156,4.47153162701294,0.7978634892486287,1.2140421899722351,1.840666903790886,2.2063262118447997
2026-01-13 10:00:00,4.5232270615454,1.5496171441928677,2.142737486262666,2.2049927674118694,2.451881134333248,4.607745743057092,0.9241567820272232,4.135803032801807,1.093593073644341,0.0,4.0537717271504965,0.9927407648661705,2.148803089376999,4.730921870016773,1.1818808647729588,3.998013254784986,1.2603076305044358,2.56598354072009,1.7649351706420675,2.4873096966482677
2026-01-13 11:00:00,4.470086653372392,1.8331974319473507,1.074128933368707,3.6274632973748173,5.258211041959052,3.5649387291195125,2.2442567257919044,4.053826617862844,3.715133884155342,4.405788129702443,1.857997998447196,2.086806902409399,2.996001673116726,1.9848617184118829,4.273736208925453,6.257269251737201,1.7419650281388337,2.040220782461976,0.9234726361402593,3.6391621118840933
2026-01-13 12:00:00,1.3310009761093822,2.6773479288103057,1.62811315715072,3.905765854132166,1.680362147822017,1.485523531849489,0.9241567820272232,5.230597805145153,2.781618379386397,2.5831783080989497,5.183029432385031,3.5430443889188563,2.2028566698534227,3.6379988541567174,1.5872622109687138,5.090491728776433,2.987788139316201,3.77283577703761,2.6030305067886226,3.4519899155367333
2026-01-13 13:00:00,1.3310009761093822,3.2410360840817063,0.8364468608955024,0.9758941984750226,2.593992559868782,4.569885375775125,2.114155667008655,3.4658304620006053,2.035348813161067,1.142427557382972,1.9808830951603122,2.66180152263437,1.8183039046680598,2.789327687621748,2.0931615680506055,5.334630235360406,1.4483391689829477,2.8746051482063035,1.313673923263733,1.3930319152582264
2026-01-13 14:00:00,3.4912463593511975,1.204220404326164,0.8364468608955024,2.9167763630995136,5.4511045894386445,2.7205284329138233,3.0743773644529835,3.036591605757064,3.400631868381269,4.580936673913666,2.7674541563606856,1.3798667535167362,2.1128953804638653,4.142471813353591,1.1818808647729588,4.612952449158262,2.14293125407534,1.2140421899722351,1.2334166126752464,6.082979864354297
2026-01-13 15:00:00,3.488976581099485,1.620667536254067,2.386759667886415,2.4032043864815122,1.5659157623168105,1.1306444157610647,1.7900914387241758,1.4070314746567134,3.228538191035826,1.142427557382972,3.4935787042466684,3.718163847509578,2.1619953442288122,1.691118406906395,3.2804153248142796,1.422801309983819,2.107550765763393,2.021884776486574,0.9234726361402593,4.728140431184756
2026-01-13 16:00:00,3.4912689225701663,1.6209275265683274,2.0644347665371114,1.3333760475747147,5.651125250214002,2.516092423927589,0.9241567820272232,6.331641635955209,0.9983447234780227,4.198714134487601,3.217879194987313,3.4289468893434334,2.4538455510201467,1.2122350690351782,1.1818808647729588,3.8833994968157386,1.488313033703902,1.2140421899722351,0.9234726361402593,5.793010745922764
2026-01-13 17:00:00,5.989504392492219,4.466133739860022,3.7640108740297604,2.3515299337774973,1.9295568436527486,3.416407824451875,1.9592005253737172,1.908370408474656,3.5493702870222164,4.073970600376537,2.6273760018064927,2.5138899090679723,1.6489562847239112,4.314060254787606,4.303774027055046,1.422801309983819,2.530623881942028,1.2718153028063104,1.1898040715905096,5.10357282899679
2026-01-13 18:00:00,3.5927250779634314,3.253234736036095,3.7640108740297604,3.6041405478257613,5.349852016386595,3.182695705703114,0.9241567820272232,6.031699885776365,1.4573129509582474,2.1876815200808,5.503235433926963,4.467333441897767,3.8123342474778306,2.168347134710465,1.1818808647729588,1.422801309983819,3.331619592255576,4.456923493572285,1.623829434833164,2.7315305191788437
2026-01-13 19:00:00,4.618636075710245,1.9817733558692,1.9384934746234759,1.6057871533653612,6.263094989879534,1.5228309010436178,0.9241567820272232,3.941116280113878,4.057817413112741,3.165516743139453,0.0,2.6433692874123866,3.620980489909383,4.85548828828388,2.59601597064289,1.9208210872869094,2.8050539327398964,1.2140421899722351,1.6223244469929894,1.3930319152582264
2026-01-13 20:00:00,0.0,1.0777883523051621,1.9815356478553316,1.5077653131984656,0.0,1.5711758201480759,1.6978332625168306,0.0,1.3670846288636966,4.306004405682375,0.0,4.467333441897767,0.9533226555880875,0.0,1.1818808647729588,2.2907402454997277,0.0,1.641282483073082,0.0,0.0
2026-01-13 21:00:00,0.0,0.0,0.0,1.9990084552015401,0.0,0.0,3.0561819486343467,0.0,0.0,0.0,0.0,4.3507400942609,0.0,0.0,0.0,0.0,0.0,0.0,0.0,0.0
2026-01-13 22:00:00,0.0,0.0,0.0,0.0,0.0,0.0,0.0,0.0,0.0,0.0,0.0,0.0,0.0,0.0,0.0,0.0,0.0,0.0,0.0,0.0
2026-01-13 23:00:00,0.0,0.0,0.0,0.0,0.0,0.0,0.0,0.0,0.0,0.0,0.0,0.0,0.0,0.0,0.0,0.0,0.0,0.0,0.0,0.0
2026-01-14 00:00:00,0.0,0.0,0.0,0.0,0.0,0.0,0.0,0.0,0.0,0.0,0.0,0.0,0.0,0.0,0.0,0.0,0.0,0.0,0.0,0.0
2026-01-14 01:00:00,0.0,0.0,0.0,0.0,0.0,0.0,0.0,0.0,0.0,0.0,0.0,0.0,0.0,0.0,0.0,0.0,0.0,0.0,0.0,0.0
2026-01-14 02:00:00,0.0,0.0,0.0,0.0,0.0,0.0,0.0,0.0,0.0,0.0,0.0,0.0,0.0,0.0,0.0,0.0,0.0,0.0,0.0,0.0
2026-01-14 03:00:00,0.0,0.0,0.0,0.0,0.0,0.0,0.0,0.0,0.0,0.0,0.0,0.0,0.0,0.0,0.0,0.0,0.0,0.0,0.0,0.0
2026-01-14 04:00:00,0.0,0.0,0.0,0.0,0.0,0.0,0.0,0.0,0.0,0.0,0.0,0.0,0.0,0.0,0.0,0.0,0.0,0.0,0.0,0.0
2026-01-14 05:00:00,0.0,0.0,0.0,0.0,0.0,0.0,0.0,0.0,0.0,0.0,0.0,0.0,0.0,0.0,0.0,0.0,0.0,0.0,0.0,0.0
2026-01-14 06:00:00,0.0,0.0,2.081281045311716,0.0,0.0,0.0,0.0,0.0,0.0,0.0,0.0,0.0,0.0,0.0,0.0,0.0,0.0,0.0,0.0,0.0
2026-01-14 07:00:00,0.0,0.0,3.301792649418794,0.0,0.0,0.0,0.0,0.0,0.0,0.0,0.0,0.0,0.0,0.0,0.0,0.0,0.0,0.0,0.0,0.0
2026-01-14 08:00:00,0.0,0.0,3.5149085344582227,1.0889557954539146,0.0,0.0,2.042505166831169,3.0838784380625572,0.0,1.2611084454251171,2.3923109197499035,4.341825421091943,0.0,0.0,2.6039355786735134,0.0,0.0,0.0,1.1915035950628636,2.4621277219205866
2026-01-14 09:00:00,1.3084857497987767,0.0,1.2289639554053808,2.111003622929389,2.385461762148939,1.3707939327291123,2.531184587903465,2.4505111046365426,0.0,5.578978728293199,4.467570685423667,1.7037518623947032,0.0,1.4333108182517127,3.2778379928595367,0.0,0.0,0.0,2.900369926696967,1.511257606188593
2026-01-14 10:00:00,2.089314940551776,0.0,2.0212430520444613,2.361043606091434,5.9106809637218936,5.005284742671245,3.755254748192591,2.165839144326571,3.26956845570092,2.9123651155587345,2.9056769567821523,2.1317869322498235,2.252828616902893,1.163744898483218,3.9027600339558135,1.373336928036337,4.812691913528546,1.9802542680961863,1.1915035950628636,2.5817962414285267
2026-01-14 11:00:00,1.6453930344882446,1.7354735172085256,4.301799737260534,1.0889557954539146,1.6382143812025294,4.797513267868928,2.0275937219908027,0.7635948507941421,2.7142752949052706,5.674988004413026,3.849035771073303,4.8918889454812335,1.37506951928124,1.163744898483218,2.432828908933159,2.087944009592558,5.392879752927902,1.369759715668799,2.3471373276286944,1.1990388862905852
2026-01-14 12:00:00,2.6585266520800683,1.7354735172085256,1.7023008556539332,4.900301079542615,6.051581491208166,1.3707939327291123,2.1823288907725256,3.245040174666083,4.494884420174149,3.6127889665217046,2.5023588701057387,2.3365009163128625,4.679514582556895,1.163744898483218,1.1975650538046443,2.222355611402425,1.5760069614781733,3.2327008223222093,1.1915035950628636,1.1990388862905852
2026-01-14 13:00:00,5.8881858740944955,7.809630827438365,3.251706567980417,3.64990707766587,3.72105154726903,4.333820710832287,4.2742446605841184,1.5216174722530922,4.176041974271233,5.268580139523037,3.746537309319562,3.7833283242199527,1.4921623718549681,1.163744898483218,2.002374744214853,4.034826312054173,2.301084432844937,2.5817885898232733,1.1915035950628636,4.166774245628014
2026-01-14 14:00:00,1.3084857497987767,6.667122949834745,0.9559554971690077,1.422613029569382,6.051581491208166,5.696444458047553,1.1475450531539615,1.607347098308647,4.59684496202997,5.603348469074182,3.050487771162161,1.5457757559961436,3.6699172868360543,3.511513466923168,2.9692570913338043,2.9105839043657653,2.674450939081391,2.7776338583533047,1.7828301720023012,1.7349115051342467
2026-01-14 15:00:00,3.7380103324850227,3.211493131920915,4.094056562353728,3.613451146598372,1.3447958869351482,3.444621811418326,2.910744336043924,2.6297150183650957,1.4842157983037818,4.938980912682251,2.0302663252402073,4.627271791215617,3.9131297055976924,1.163744898483218,3.2434435383460194,4.875114346886227,2.0277976372999005,1.1947191853523267,2.87954465172156,1.9105298589362116
2026-01-14 16:00:00,1.3084857497987767,2.287706836671034,3.1092097770634375,1.7453581466348833,3.9739491634662043,6.168572697281005,4.405339423224285,1.2834512286142077,3.522459577242617,3.8210850251033035,3.3182306108669453,1.087086432329163,1.0398921294570878,3.5203409341215774,2.855209022868113,1.8527979704198358,2.0970888312629152,3.8128519986722185,4.553252305420986,2.7744738126708532
2026-01-14 17:00:00,1.6693831340918095,4.017257801585441,3.0376168059830224,3.334069217826846,1.3634022026189658,3.9731698939349873,0.9789643162720634,3.3580709659636923,2.1799763265865075,2.4134369935187543,2.625527992013412,3.722419063983564,1.56711392510521,1.8778076351931612,3.0175993612062766,6.180016176163516,2.8047010915575696,1.0954929889942095,3.2508878411465614,1.1990388862905852
2026-01-14 18:00:00,4.457248841484155,2.8738893612016527,4.018806752834874,2.1418128686977935,3.8653782573526465,1.3707939327291123,4.405339423224285,1.7958716373854011,3.308673616876009,5.417846648671053,2.370272722233302,4.488754036302376,2.2964561819901914,3.5198109475475463,1.1975650538046443,3.904461654086357,1.1984177228728672,2.1257802704411985,4.22974751992193,3.1925951269507156
2026-01-14 19:00:00,2.6271020920757278,6.7019770780842824,3.482357333750877,2.1491433042815964,0.0,1.3707939327291123,0.9789643162720634,0.0,6.0042932370723365,3.065421716879911,2.9747894736637788,1.2515973206597009,1.0398921294570878,1.6438559771840926,3.7224047681499175,3.458806175280243,2.607534445451001,4.262640615956773,2.527343170445238,1.5917218617095372
2026-01-14 20:00:00,1.3084857497987767,0.0,0.9850662298383692,3.2209399935693614,0.0,4.67099097578957,2.616671428638667,0.0,4.70423003824184,0.0,0.0,4.8918889454812335,2.8170958617209663,3.88922972018679,3.531560283239824,5.417685732360021,0.0,1.320659835854434,1.610273710218456,2.285940552911216
2026-01-14 21:00:00,0.0,0.0,0.0,0.0,0.0,3.845793289262028,2.128231158937545,0.0,0.0,0.0,0.0,0.0,1.7114755634878884,4.199754491021336,2.1253998272477452,0.0,0.0,3.812583339603761,0.0,0.0
2026-01-14 22:00:00,0.0,0.0,0.0,0.0,0.0,5.86763869026678,0.0,0.0,0.0,0.0,0.0,0.0,0.0,0.0,0.0,0.0,0.0,0.0,0.0,0.0
2026-01-14 23:00:00,0.0,0.0,0.0,0.0,0.0,0.0,0.0,0.0,0.0,0.0,0.0,0.0,0.0,0.0,0.0,0.0,0.0,0.0,0.0,0.0
