date,Consumption_km_Vehicle_0,Consumption_km_Vehicle_1,Consumption_km_Vehicle_10,Consumption_km_Vehicle_11,Consumption_km_Vehicle_12,Consumption_km_Vehicle_13,Consumption_km_Vehicle_14,Consumption_km_Vehicle_15,Consumption_km_Vehicle_16,Consumption_km_Vehicle_17,Consumption_km_Vehicle_18,Consumption_km_Vehicle_19,Consumption_km_Vehicle_2,Consumption_km_Vehicle_3,Consumption_km_Vehicle_4,Consumption_km_Vehicle_5,Consumption_km_Vehicle_6,Consumption_km_Vehicle_7,Consumption_km_Vehicle_8,Consumption_km_Vehicle_9
2026-01-01 00:00:00,0.0,0.0,0.0,0.0,0.0,0.0,0.0,0.0,0.0,0.0,0.0,0.0,0.0,0.0,0.0,0.0,0.0,0.0,0.0,0.0
2026-01-01 01:00:00,0.0,0.0,0.0,0.0,0.0,0.0,0.0,0.0,0.0,0.0,0.0,0.0,0.0,0.0,0.0,0.0,0.0,0.0,0.0,0.0
2026-01-01 02:00:00,0.0,0.0,0.0,0.0,0.0,0.0,0.0,0.0,0.0,0.0,0.0,0.0,0.0,0.0,0.0,0.0,0.0,0.0,0.0,0.0
2026-01-01 03:00:00,0.0,0.0,0.0,0.0,0.0,0.0,0.0,0.0,0.0,0.0,0.0,0.0,0.0,0.0,0.0,0.0,0.0,0.0,0.0,0.0
2026-01-01 04:00:00,0.0,0.0,0.0,0.0,0.0,0.0,0.0,0.0,0.0,0.0,0.0,0.0,0.0,0.0,0.0,0.0,0.0,0.0,0.0,0.0
2026-01-01 05:00:00,0.0,0.0,0.0,0.0,0.0,0.0,0.0,0.0,0.0,0.0,0.0,0.0,0.0,0.0,0.0,0.0,0.0,0.0,0.0,0.0
2026-01-01 06:00:00,0.0,0.0,0.0,0.0,0.0,0.0,0.0,0.0,0.0,0.0,0.0,0.0,0.0,0.0,0.0,0.0,0.0,0.0,0.0,0.0
2026-01-01 07:00:00,0.0,0.0,0.462125619570126,0.0,0.0,0.0,0.0,0.0,0.28467170570685474,0.0,0.0,0.0,0.0,0.2916379310605882,0.0,0.0,0.0,0.0,0.0,0.0
2026-01-01 08:00:00,0.0,0.19559239588308477,0.3760717541161335,0.23681398347429525,0.451157598088567,0.5098397753088001,0.0,0.0,0.258387464711333,0.42277255003019937,0.5098397753088001,0.4191693790479175,0.0,0.2762564866496924,0.0,0.0,0.11497503269204,0.0,0.43694422263938354,0.0
2026-01-01 09:00:00,0.18131949059820934,0.2778963561163211,0.27993064608541485,0.5098397753088001,0.35200895265179466,0.17076382293902673,0.34309197114563644,0.387561251354928,0.19640419480293017,0.3250998066782456,0.38427660888501886,0.38859768249459664,0.17866779579826791,0.4081926704313758,0.11329772784640002,0.11329772784640002,0.11329772784640002,0.0,0.293823603518516,0.22824028310338215
2026-01-01 10:00:00,0.18132202962994293,0.2872357476311865,0.3884897018745717,0.3236349036764952,0.3992335983680231,0.1248467729952085,0.3472730826033196,0.41302365498461224,0.34360346017814813,0.11329772784640002,0.22554558214947348,0.5098397753088001,0.314524688049661,0.40294998253587383,0.4024769939439048,0.27611755025855655,0.3042815202865567,0.19626810411087095,0.11329772784640002,0.22655348351070317
2026-01-01 11:00:00,0.4617591079287514,0.11329772784640002,0.20090524774732252,0.30004075815175796,0.5098397753088001,0.2596032043622736,0.5098397753088001,0.29630988209439635,0.35992347769166566,0.36232826361854054,0.372480064865387,0.35295572088017135,0.18853535877342337,0.28315245200976696,0.23877763672538124,0.11329772784640002,0.3993330702873949,0.2857257383853462,0.11329772784640002,0.11329772784640002
2026-01-01 12:00:00,0.33621649159398637,0.19978018085785545,0.4042973399991503,0.5098397753088001,0.3169172589864358,0.14858468893692475,0.4103392075485973,0.5098397753088001,0.30876573580825956,0.5098397753088001,0.41054912010353634,0.17917223347413816,0.3274022629087974,0.11329772784640002,0.2808162622478103,0.12188491635133183,0.16447936721435452,0.11329772784640002,0.11329772784640002,0.39190637712503545
2026-01-01 13:00:00,0.14492676711546645,0.263272644286211,0.3989322538958901,0.11329772784640002,0.5098397753088001,0.11329772784640002,0.24003951629447914,0.17388308682578935,0.39804101507666334,0.21451307188139646,0.3825557852846673,0.3494399402281432,0.378837483016223,0.11329772784640002,0.11329772784640002,0.28022185336880195,0.11329772784640002,0.4179695666002955,0.16398529705461615,0.14850930568625142
2026-01-01 14:00:00,0.30143930698148635,0.11329772784640002,0.3109939197880486,0.2680162762455552,0.42509620064030484,0.1826048394588367,0.36384330335740317,0.5098397753088001,0.21034517413641868,0.40761437069698936,0.25487680542924046,0.11329772784640002,0.5098397753088001,0.33820550652185255,0.3076803262132528,0.3659388563796279,0.30764932904568515,0.3131344084010401,0.31326839812515256,0.28082324442948503
2026-01-01 15:00:00,0.14586344317720742,0.12363210348957233,0.30473467534822646,0.24813893816935761,0.4458016489633801,0.369479153036637,0.11329772784640002,0.3010169445889603,0.2118633224043633,0.11329772784640002,0.18628057396249456,0.29838725826114804,0.18722384961133828,0.3767364248955787,0.23202282967855664,0.333222522098516,0.2398332281802504,0.1529453082233195,0.23922619477895485,0.11329772784640002
2026-01-01 16:00:00,0.14550587974757365,0.28198911982367236,0.45494598168632633,0.478976069159508,0.26586401943762944,0.5098397753088001,0.3552727209908101,0.24602457228992472,0.13238064500774618,0.3317648022704402,0.3141488600988939,0.2764342695052364,0.11329772784640002,0.3252100902129575,0.3010361197336436,0.32310273389849575,0.22736080583388346,0.5098397753088001,0.1317675812729476,0.31216774024028243
2026-01-01 17:00:00,0.25495144114951296,0.11329772784640002,0.2817213082399442,0.31178094793651534,0.3250736943635042,0.3303287970466721,0.22572359281442533,0.40343891575028906,0.5098397753088001,0.27874709625206257,0.2660526308745478,0.1989650853374543,0.11329772784640002,0.13273576302178053,0.3459915929508314,0.11329772784640002,0.3642894591200576,0.21237443766072958,0.264565411279414,0.1253294761389582
2026-01-01 18:00:00,0.11329772784640002,0.13849212988735507,0.30373541185493935,0.5098397753088001,0.1948316766209387,0.3721271188219774,0.25801847162363484,0.27511242284474546,0.11329772784640002,0.25610689920993784,0.379511102105206,0.1530153013828287,0.24469693396095243,0.28933844505220435,0.14744726536017658,0.18275450738894905,0.5098397753088001,0.3227081050570479,0.15114607445094416,0.43693135425941354
2026-01-01 19:00:00,0.11329772784640002,0.16402024701677068,0.2992952122707506,0.42907739815457424,0.2556000478982244,0.0,0.5098397753088001,0.5098397753088001,0.43490002743086675,0.11329772784640002,0.12944911430949477,0.3583629330178671,0.3469575222496172,0.4897189859439511,0.11329772784640002,0.1412610470652581,0.0,0.24609185044256982,0.19752192703750804,0.20928257435850553
2026-01-01 20:00:00,0.13057308470305015,0.0,0.30113901679403393,0.22740172603448267,0.26178836097416647,0.0,0.3263667024966774,0.0,0.148820453693371,0.0,0.25943039108732086,0.22654267499500277,0.2521347744133576,0.0,0.435814053023606,0.3575078699090386,0.0,0.11329772784640002,0.2809335795240271,0.24270970566430333
2026-01-01 21:00:00,0.0,0.0,0.13895263743550718,0.0,0.0,0.0,0.0,0.0,0.24160819893350974,0.0,0.1736431429225238,0.0,0.11329772784640002,0.0,0.23437862863598485,0.11329772784640002,0.0,0.0,0.0,0.0
2026-01-01 22:00:00,0.0,0.0,0.0,0.0,0.0,0.0,0.0,0.0,0.0,0.0,0.20944126104468283,0.0,0.4496114786168987,0.0,0.0,0.30268500459106945,0.0,0.0,0.0,0.0
2026-01-01 23:00:00,0.0,0.0,0.0,0.0,0.0,0.0,0.0,0.0,0.0,0.0,0.0,0.0,0.0,0.0,0.0,0.0,0.0,0.0,0.0,0.0
2026-01-02 00:00:00,0.0,0.0,0.0,0.0,0.0,0.0,0.0,0.0,0.0,0.0,0.0,0.0,0.0,0.0,0.0,0.0,0.0,0.0,0.0,0.0
2026-01-02 01:00:00,0.0,0.0,0.0,0.0,0.0,0.0,0.0,0.0,0.0,0.0,0.0,0.0,0.0,0.0,0.0,0.0,0.0,0.0,0.0,0.0
2026-01-02 02:00:00,0.0,0.0,0.0,0.0,0.0,0.0,0.0,0.0,0.0,0.0,0.0,0.0,0.0,0.0,0.0,0.0,0.0,0.0,0.0,0.0
2026-01-02 03:00:00,0.0,0.0,0.0,0.0,0.0,0.0,0.0,0.0,0.0,0.0,0.0,0.0,0.0,0.0,0.0,0.0,0.0,0.0,0.0,0.0
2026-01-02 04:00:00,0.0,0.0,0.0,0.0,0.0,0.0,0.0,0.0,0.0,0.0,0.0,0.0,0.0,0.0,0.0,0.0,0.0,0.0,0.0,0.0
2026-01-02 05:00:00,0.0,0.0,0.0,0.0,0.0,0.0,0.0,0.0,0.0,0.0,0.0,0.0,0.0,0.0,0.0,0.0,0.0,0.0,0.0,0.0
2026-01-02 06:00:00,0.0,0.0,0.0,0.0,0.0,0.0,0.0,0.0,0.0,0.0,0.0,0.0,0.0,0.0,0.0,0.0,0.0,0.0,0.0,0.0
2026-01-02 07:00:00,0.48325055387804733,0.0,0.0,0.0,0.0,0.0,0.47723311456872947,0.0,0.0,0.0,0.0,0.0,0.0,0.0,0.0,0.3332768949800308,0.5546655180000001,0.1342718481588509,0.258831452750679,0.0
2026-01-02 08:00:00,0.198670754652682,0.0,0.5546655180000001,0.0,0.0,0.0,0.23942420200107178,0.38413061531171744,0.41252323543341585,0.2921579892777751,0.123259004,0.0,0.4515984956160431,0.328366701582412,0.0,0.123259004,0.123259004,0.123259004,0.5149435163723906,0.123259004
2026-01-02 09:00:00,0.24801880955862732,0.0,0.4867179706462685,0.123259004,0.0,0.365084617631819,0.3726905128786096,0.529305953087376,0.4426693142625079,0.505795536773539,0.40497031411016293,0.48804681662812194,0.123259004,0.2509967970754998,0.0,0.18944704942458143,0.123259004,0.13664427156010978,0.48347108386060117,0.16349827561984956
2026-01-02 10:00:00,0.123259004,0.2271382379452787,0.123259004,0.5176622365732125,0.123259004,0.123259004,0.5546655180000001,0.5546655180000001,0.37093217695656194,0.123259004,0.123259004,0.2702074793846356,0.123259004,0.35621621415507676,0.1370862672400674,0.123259004,0.123259004,0.3316830998575842,0.25156330689303674,0.4930176778837781
2026-01-02 11:00:00,0.14506568882699977,0.46205075795025674,0.26822872759840605,0.28481324671856884,0.25744142426846406,0.17729135198297274,0.13789267530219607,0.123259004,0.274184084758771,0.48156254394553794,0.3315419253563166,0.29582548582035634,0.3772218829528132,0.12555580268127986,0.40425556579641664,0.123259004,0.123259004,0.4811882741040558,0.2558538382691246,0.123259004
2026-01-02 12:00:00,0.2553198515027284,0.123259004,0.12954826384057064,0.4720417385983013,0.433378190049563,0.21578824528925494,0.3987092573378842,0.16279394304589787,0.27848396964045447,0.45952082063766037,0.3835353832527783,0.37844497379955927,0.123259004,0.46499455214635865,0.123259004,0.123259004,0.123259004,0.26583022204116175,0.2555932332951986,0.44257648736651184
2026-01-02 13:00:00,0.123259004,0.21862165894553443,0.5228034571488988,0.27842840987081763,0.18327839334681506,0.33240848959274183,0.123259004,0.3093126524084702,0.3510915898958827,0.5212737236875398,0.3169628379606429,0.2791499808114837,0.5546655180000001,0.266250714043099,0.2976723465222429,0.2940172220723605,0.24065234267123034,0.27092437584040435,0.123259004,0.3088921455294431
2026-01-02 14:00:00,0.2998679309203736,0.4153378647617373,0.5546655180000001,0.48295660341666014,0.5139952879119015,0.5546655180000001,0.2510949076551417,0.5546655180000001,0.3463390675605201,0.123259004,0.409890333822387,0.4383386494256038,0.1408544571031584,0.123259004,0.4071308952609943,0.15182815182972217,0.21307896182145092,0.4285902909320254,0.32898627593631474,0.5546655180000001
2026-01-02 15:00:00,0.13560070475735456,0.1442233649117268,0.5546655180000001,0.123259004,0.35781945243703683,0.2961239650869208,0.24043019235293453,0.37685716766761673,0.29964930259857264,0.2631232905536725,0.18307491999633507,0.14530925085916027,0.234845756567357,0.123259004,0.23773649810342462,0.3267416790262695,0.16694115687630842,0.18058103094476813,0.4853216134111722,0.123259004
2026-01-02 16:00:00,0.18758024001597676,0.26619366919199366,0.2729235595106146,0.42825312089696516,0.123259004,0.2620907757004022,0.5546655180000001,0.5546655180000001,0.4613477853334498,0.1743451557926961,0.15978529654357768,0.1832873214098802,0.27006603120524025,0.3468118896936589,0.22739770068104376,0.3163254206617551,0.123259004,0.4223203335997388,0.1334534269648689,0.2571148389408776
2026-01-02 17:00:00,0.13542102838727277,0.32037850265432644,0.28445628647730165,0.2728337273595737,0.3937541725246486,0.2574852958119885,0.23306256802583233,0.4321511964054157,0.5077654766563602,0.2984368657225773,0.18380189708196293,0.15456243681024193,0.2129423099142569,0.3298299271883002,0.38870415169368494,0.3712283253584614,0.4417837300986621,0.123259004,0.23561100343702088,0.123259004
2026-01-02 18:00:00,0.5483003887495275,0.5546655180000001,0.2802688504798926,0.1818889688232095,0.29181043621172925,0.4790353587058629,0.5546655180000001,0.39223633960280385,0.123259004,0.42719251646443435,0.13608976409443926,0.3738971666691497,0.19220739866712402,0.43492997916405823,0.123259004,0.123259004,0.123259004,0.123259004,0.21368572255929844,0.31199688739716874
2026-01-02 19:00:00,0.23438639931758204,0.35864503161150485,0.30087154647954223,0.0,0.2842682168047356,0.19009254046960847,0.31361626006775034,0.40463110883910924,0.4142859949702339,0.24083621962544485,0.0,0.0,0.435271001890961,0.123259004,0.13994922432327908,0.19657691843570244,0.123259004,0.123259004,0.21989993728886822,0.123259004
2026-01-02 20:00:00,0.0,0.0,0.0,0.0,0.0,0.5546655180000001,0.33143313847329103,0.0,0.2763406033819438,0.35893284037550954,0.0,0.0,0.2904746455896711,0.123259004,0.123259004,0.34711662359855444,0.0,0.2906327061235811,0.35962961804012167,0.26384005281750195
2026-01-02 21:00:00,0.0,0.0,0.0,0.0,0.0,0.0,0.0,0.0,0.0,0.0,0.0,0.0,0.0,0.34357456230565453,0.0,0.30067302532491974,0.0,0.0,0.28148862804462643,0.0
2026-01-02 22:00:00,0.0,0.0,0.0,0.0,0.0,0.0,0.0,0.0,0.0,0.0,0.0,0.0,0.0,0.276170239741575,0.0,0.0,0.0,0.0,0.0,0.0
2026-01-02 23:00:00,0.0,0.0,0.0,0.0,0.0,0.0,0.0,0.0,0.0,0.0,0.0,0.0,0.0,0.0,0.0,0.0,0.0,0.0,0.0,0.0
2026-01-03 00:00:00,0.0,0.0,0.0,0.0,0.0,0.0,0.0,0.0,0.0,0.0,0.0,0.0,0.0,0.0,0.0,0.0,0.0,0.0,0.0,0.0
2026-01-03 01:00:00,0.0,0.0,0.0,0.0,0.0,0.0,0.0,0.0,0.0,0.0,0.0,0.0,0.0,0.0,0.0,0.0,0.0,0.0,0.0,0.0
2026-01-03 02:00:00,0.0,0.0,0.0,0.0,0.0,0.0,0.0,0.0,0.0,0.0,0.0,0.0,0.0,0.0,0.0,0.0,0.0,0.0,0.0,0.0
2026-01-03 03:00:00,0.0,0.0,0.0,0.0,0.0,0.0,0.0,0.0,0.0,0.0,0.0,0.0,0.0,0.0,0.0,0.0,0.0,0.0,0.0,0.0
2026-01-03 04:00:00,0.0,0.0,0.0,0.0,0.0,0.0,0.0,0.0,0.0,0.0,0.0,0.0,0.0,0.0,0.0,0.0,0.0,0.0,0.0,0.0
2026-01-03 05:00:00,0.0,0.0,0.0,0.0,0.0,0.0,0.0,0.0,0.0,0.0,0.0,0.0,0.0,0.0,0.0,0.0,0.0,0.0,0.0,0.0
2026-01-03 06:00:00,0.0,0.0,0.0,0.0,0.0,0.0,0.0,0.0,0.0,0.0,0.0,0.0,0.0,0.0,0.0,0.0,0.0,0.0,0.0,0.0
2026-01-03 07:00:00,0.0,0.0,0.0,0.0,0.0,0.4455076118154892,0.0,0.0,0.0,0.0,0.0,0.0,0.0,0.0,0.0,0.0,0.0,0.0,0.0,0.0
2026-01-03 08:00:00,0.1209049010004,0.0,0.3269557165860835,0.0,0.0,0.2132690826279173,0.0,0.0,0.0,0.0,0.0,0.0,0.0,0.0,0.0,0.0,0.0,0.0,0.0,0.0
2026-01-03 09:00:00,0.1209049010004,0.1209049010004,0.376177517180833,0.3431199174030818,0.0,0.24536729170057717,0.1209049010004,0.0,0.0,0.0,0.0,0.0,0.0,0.0,0.42123659010740166,0.3775770531381256,0.1209049010004,0.1209049010004,0.0,0.43855698123857006
2026-01-03 10:00:00,0.26462644135959484,0.4353827875917121,0.3523719914144277,0.1209049010004,0.41324196120663714,0.3626764612742851,0.17043021917283238,0.1209049010004,0.0,0.27798478158826656,0.0,0.1209049010004,0.1209049010004,0.2423424248851849,0.2230079743130151,0.1209049010004,0.24796268770937205,0.25166729059335763,0.0,0.49856359143363504
2026-01-03 11:00:00,0.35401038215967096,0.1209049010004,0.16923415538242784,0.19371464968271673,0.378880067783345,0.20173999657606853,0.5113936491199728,0.3657906648828825,0.0,0.45639779873206904,0.5440720545018,0.45846570919626056,0.21512738556188837,0.1209049010004,0.1209049010004,0.25139300261383446,0.3953033774078829,0.15333273151714563,0.12587427422009037,0.1646525531210788
2026-01-03 12:00:00,0.260419206743887,0.1965948731130588,0.3313236850185174,0.1209049010004,0.2002744345252298,0.46253716873553313,0.33918865742674725,0.5322626566856526,0.4064427932872381,0.5440720545018,0.20915882396106938,0.4190489724751179,0.40940462217799906,0.22740006068416024,0.1209049010004,0.1209049010004,0.3988325056567565,0.40553391226769786,0.12548959835683998,0.36119978463591573
2026-01-03 13:00:00,0.21305137367920043,0.2540174195775921,0.4473593788393475,0.4149741392263129,0.35171528421973763,0.43661349918052905,0.5440720545018,0.5440720545018,0.25630435067278007,0.31858909067055985,0.34454132982748825,0.34825630517719963,0.3674497931822927,0.1209049010004,0.3032869410232855,0.1570156691303204,0.4291479951660901,0.5440720545018,0.1209049010004,0.3487059764408601
2026-01-03 14:00:00,0.18244470434997215,0.4186815414266094,0.3757378532476181,0.4360269538633635,0.15299016810569416,0.12422413021296275,0.12870267084921724,0.3232085032915575,0.5360999494739693,0.31876707785398795,0.4598415438911669,0.523345972067127,0.15501675109772114,0.1209049010004,0.1209049010004,0.37334090993019864,0.1209049010004,0.26692062822622914,0.13691571682504025,0.3133810100490204
2026-01-03 15:00:00,0.1209049010004,0.2829928591347573,0.5440720545018,0.3952558784156011,0.4528175942431098,0.3599129757724807,0.2583121082728122,0.1209049010004,0.22778467534580213,0.4869710112993228,0.34356064421739174,0.5076560785443223,0.2110740325612864,0.25381600505989965,0.1209049010004,0.1209049010004,0.1209049010004,0.299052478830865,0.3149895371177014,0.1209049010004
2026-01-03 16:00:00,0.1209049010004,0.23772234843763024,0.4239161942306908,0.1451622441882458,0.48460741013058856,0.28084514563869156,0.5440720545018,0.2569090370865297,0.4622623440855364,0.1209049010004,0.1209049010004,0.27624559551646527,0.17467846830113284,0.5440720545018,0.188207845676552,0.3497867301031063,0.15824922924268864,0.1209049010004,0.4296550197048131,0.2218857845656087
2026-01-03 17:00:00,0.15611580289598767,0.5440720545018,0.1297344560234731,0.5073466641995336,0.40358825968892775,0.2171738323675346,0.3708438660641338,0.2969121808032161,0.1209049010004,0.33318479437157106,0.2553262926607983,0.23844969370433222,0.1209049010004,0.1209049010004,0.24244541025219335,0.2507063329869475,0.3286613552105121,0.28808897294814273,0.20696950549189977,0.25426266341603215
2026-01-03 18:00:00,0.4065997772358954,0.3069326209428689,0.21419849263952775,0.4431074320345597,0.42054509084721164,0.34677362807817713,0.1209049010004,0.1209049010004,0.1209049010004,0.3871873323748539,0.1209049010004,0.47248940397610567,0.2693174766218503,0.28900237178278737,0.1209049010004,0.15538637266226316,0.22688951377269959,0.36160105386291125,0.1209049010004,0.382252041652114
2026-01-03 19:00:00,0.2888465195809732,0.4255279580725677,0.2876334297407461,0.4235994558013547,0.349116937633562,0.3050119697523535,0.2719984925766039,0.33155059867961767,0.5145283190989852,0.20771960605039028,0.39753849335147845,0.3316601347945335,0.3183796880876103,0.14528732673818773,0.38044809573765265,0.1209049010004,0.36627082529796107,0.18015101260012809,0.1209049010004,0.32463894968260015
2026-01-03 20:00:00,0.1209049010004,0.3083316627225626,0.1746927182052139,0.0,0.16306259055154967,0.2619096013872561,0.30978588593763695,0.31731135385600256,0.2217660287726436,0.4896705454230749,0.24430372567763348,0.42876713506667685,0.29621049318270815,0.1209049010004,0.12949759539938666,0.1541500025754699,0.5300690080005569,0.31046671564999295,0.2641361951172782,0.1209049010004
2026-01-03 21:00:00,0.0,0.32979719556246456,0.27157292599222016,0.0,0.0,0.12453305843622918,0.5440720545018,0.456375634376712,0.2420165603489172,0.0,0.5440720545018,0.3644923190366093,0.0,0.20618652429271966,0.1209049010004,0.1209049010004,0.22740656970389228,0.0,0.48034793937310627,0.0
2026-01-03 22:00:00,0.0,0.5440720545018,0.0,0.0,0.0,0.1209049010004,0.0,0.0,0.0,0.0,0.0,0.47692397963226335,0.0,0.0,0.5214896003001772,0.0,0.0,0.0,0.1209049010004,0.0
2026-01-03 23:00:00,0.0,0.0,0.0,0.0,0.0,0.0,0.0,0.0,0.0,0.0,0.0,0.0,0.0,0.0,0.0,0.0,0.0,0.0,0.0,0.0
2026-01-04 00:00:00,0.0,0.0,0.0,0.0,0.0,0.0,0.0,0.0,0.0,0.0,0.0,0.0,0.0,0.0,0.0,0.0,0.0,0.0,0.0,0.0
2026-01-04 01:00:00,0.0,0.0,0.0,0.0,0.0,0.0,0.0,0.0,0.0,0.0,0.0,0.0,0.0,0.0,0.0,0.0,0.0,0.0,0.0,0.0
2026-01-04 02:00:00,0.0,0.0,0.0,0.0,0.0,0.0,0.0,0.0,0.0,0.0,0.0,0.0,0.0,0.0,0.0,0.0,0.0,0.0,0.0,0.0
2026-01-04 03:00:00,0.0,0.0,0.0,0.0,0.0,0.0,0.0,0.0,0.0,0.0,0.0,0.0,0.0,0.0,0.0,0.0,0.0,0.0,0.0,0.0
2026-01-04 04:00:00,0.0,0.0,0.0,0.0,0.0,0.0,0.0,0.0,0.0,0.0,0.0,0.0,0.0,0.0,0.0,0.0,0.0,0.0,0.0,0.0
2026-01-04 05:00:00,0.0,0.0,0.0,0.0,0.0,0.0,0.0,0.0,0.0,0.0,0.0,0.0,0.0,0.0,0.0,0.0,0.0,0.0,0.0,0.0
2026-01-04 06:00:00,0.0,0.0,0.0,0.0,0.0,0.0,0.0,0.0,0.0,0.0,0.0,0.0,0.0,0.0,0.0,0.0,0.0,0.0,0.0,0.0
2026-01-04 07:00:00,0.0,0.0,0.0,0.0,0.0,0.0,0.0,0.0,0.0,0.2867104417597308,0.0,0.0,0.0,0.13050301525000002,0.0,0.0,0.0,0.5872635686250001,0.0,0.0
2026-01-04 08:00:00,0.0,0.0,0.0,0.0,0.0,0.0,0.3781606210532262,0.25404269386953743,0.1404246805892344,0.5185168227687077,0.0,0.0,0.0,0.3425505373483362,0.0,0.0,0.0,0.3658958371343433,0.0,0.0
2026-01-04 09:00:00,0.0,0.0,0.4961664222807529,0.5872635686250001,0.26690883932922005,0.17863752924021,0.31879780835185345,0.28711347587082253,0.2909854052292884,0.2667966335046238,0.0,0.0,0.0,0.3443104858513021,0.30465606633061304,0.1550618554560652,0.1564774512363679,0.32082676510424923,0.43216299859148094,0.24503487341706442
2026-01-04 10:00:00,0.4342245551255985,0.13050301525000002,0.13050301525000002,0.5872635686250001,0.30581601356227844,0.15854910280236756,0.45355842093285414,0.13050301525000002,0.5872635686250001,0.13050301525000002,0.0,0.4743168563672865,0.13050301525000002,0.13050301525000002,0.22462378695995908,0.13050301525000002,0.4162925915839533,0.44497041840346746,0.13050301525000002,0.5872635686250001
2026-01-04 11:00:00,0.4164608780763139,0.24850907580327322,0.5872635686250001,0.15356199974437737,0.48474051810909846,0.47678758310695063,0.41900454016807237,0.3607191955776004,0.16729730899305065,0.49570429756575607,0.3839258600934509,0.22803277686889178,0.13050301525000002,0.13050301525000002,0.13050301525000002,0.13050301525000002,0.1960754797396282,0.36279166865045226,0.13050301525000002,0.4462256406640549
2026-01-04 12:00:00,0.13050301525000002,0.13050301525000002,0.5737794074943814,0.2714154547394775,0.535559443286466,0.2090085586973346,0.35140349186323067,0.35020047985145236,0.21506103715458166,0.1996410102535648,0.27796240893253193,0.3881364793319677,0.19458279130048448,0.13050301525000002,0.2861362381166792,0.31703617005148416,0.13050301525000002,0.13050301525000002,0.13050301525000002,0.5872635686250001
2026-01-04 13:00:00,0.19548374307736233,0.14911419743685594,0.2814094810706437,0.22636810456407466,0.13050301525000002,0.2924698432663203,0.161572051143825,0.45916274026589654,0.5872635686250001,0.13050301525000002,0.3972874852142109,0.4395450477418504,0.32347565553315905,0.13963631409091706,0.5239427323653973,0.3669714219103035,0.13050301525000002,0.13050301525000002,0.29462348047425907,0.47735985439146716
2026-01-04 14:00:00,0.30957593589390936,0.13050301525000002,0.36131383646704385,0.23925740678990098,0.13301196182975997,0.4753369533028929,0.13050301525000002,0.5000173553980609,0.3080988018676535,0.1748992841744971,0.5872635686250001,0.13226806628409002,0.13050301525000002,0.4353568120805916,0.13050301525000002,0.13050301525000002,0.5184801181457733,0.13050301525000002,0.5077130822862302,0.13050301525000002
2026-01-04 15:00:00,0.42434609680161056,0.13050301525000002,0.5220884175856774,0.31432605278308373,0.48918626135869403,0.28230428326172435,0.35089751706802114,0.49062629448385503,0.1781622306676651,0.4456747538435091,0.5872635686250001,0.2984239010191439,0.5872635686250001,0.31228017765940747,0.4935555844540596,0.36507551385938625,0.543801321484834,0.5119855680412297,0.2360868921141022,0.15162921172969648
2026-01-04 16:00:00,0.1652073121639092,0.13050301525000002,0.3761958230097549,0.13050301525000002,0.4329725220621444,0.5872635686250001,0.49417221435039366,0.5782045723092218,0.47682205662648647,0.13050301525000002,0.5872635686250001,0.5197314795084703,0.347136906975267,0.21349252189302806,0.18288029521147212,0.2176031355958626,0.46748816062845616,0.34544552497682934,0.27022047657844694,0.13050301525000002
2026-01-04 17:00:00,0.2174931274811995,0.2586412792674973,0.17051674258426033,0.5640356633606205,0.2570222993900944,0.3744143352834752,0.13050301525000002,0.13050301525000002,0.19174110892760277,0.36608207466479087,0.13050301525000002,0.23692107052989822,0.13050301525000002,0.15699380821814926,0.13125342833686685,0.13050301525000002,0.2751215034887725,0.20202136707289697,0.13050301525000002,0.5281356623109758
2026-01-04 18:00:00,0.13050301525000002,0.15294731478879034,0.1914556706113142,0.4531749626427738,0.17754142583401494,0.28492089981528035,0.13050301525000002,0.40004237332625897,0.2176416662572908,0.4325406613528359,0.2441080753435438,0.3429014202684716,0.361231977827786,0.13050301525000002,0.17419197590299182,0.5811570613904473,0.13050301525000002,0.13050301525000002,0.5066293133255525,0.5872635686250001
2026-01-04 19:00:00,0.13050301525000002,0.42068456926967,0.254658390082155,0.5271681570586597,0.46003427033495725,0.19109321047227257,0.36385354451109414,0.42815029439863045,0.1544374683866855,0.22840470452217163,0.5533756378679677,0.38722954610766286,0.27873389571380874,0.13050301525000002,0.3254461160297132,0.4968381425505405,0.13050301525000002,0.2061394165727723,0.24180785622640977,0.3992975608388985
2026-01-04 20:00:00,0.39530638954461783,0.0,0.23124804273128594,0.34970804998605737,0.5308581868083165,0.31987632143507017,0.5742193366928466,0.15237392746984055,0.481192214160589,0.4866107608126454,0.38917967092929834,0.4118785504155633,0.4617794078280556,0.17911743496281282,0.49132397650726906,0.3148874333182127,0.39398787077597885,0.0,0.0,0.4063851796185028
2026-01-04 21:00:00,0.0,0.0,0.13050301525000002,0.13050301525000002,0.15114458541214043,0.3098157679144334,0.0,0.0,0.43190794884041506,0.0,0.22643668913649126,0.39540510561080316,0.13757376088178172,0.13050301525000002,0.13050301525000002,0.0,0.20558416517254713,0.0,0.0,0.0
2026-01-04 22:00:00,0.0,0.0,0.4607874395418138,0.3352715179019835,0.49044196240834054,0.19248721626340445,0.0,0.0,0.3076816321128433,0.0,0.0,0.0,0.30451181391488974,0.2965404912493428,0.0,0.0,0.0,0.0,0.0,0.0
2026-01-04 23:00:00,0.0,0.0,0.0,0.0,0.0,0.0,0.0,0.0,0.0,0.0,0.0,0.0,0.0,0.0,0.0,0.0,0.0,0.0,0.0,0.0
2026-01-05 00:00:00,0.0,0.0,0.0,0.0,0.0,0.0,0.0,0.0,0.0,0.0,0.0,0.0,0.0,0.0,0.0,0.0,0.0,0.0,0.0,0.0
2026-01-05 01:00:00,0.0,0.0,0.0,0.0,0.0,0.0,0.0,0.0,0.0,0.0,0.0,0.0,0.0,0.0,0.0,0.0,0.0,0.0,0.0,0.0
2026-01-05 02:00:00,0.0,0.0,0.0,0.0,0.0,0.0,0.0,0.0,0.0,0.0,0.0,0.0,0.0,0.0,0.0,0.0,0.0,0.0,0.0,0.0
2026-01-05 03:00:00,0.0,0.0,0.0,0.0,0.0,0.0,0.0,0.0,0.0,0.0,0.0,0.0,0.0,0.0,0.0,0.0,0.0,0.0,0.0,0.0
2026-01-05 04:00:00,0.0,0.0,0.0,0.0,0.0,0.0,0.0,0.0,0.0,0.0,0.0,0.0,0.0,0.0,0.0,0.0,0.0,0.0,0.0,0.0
2026-01-05 05:00:00,0.0,0.0,0.0,0.0,0.0,0.0,0.0,0.0,0.0,0.0,0.0,0.0,0.0,0.0,0.0,0.0,0.0,0.0,0.0,0.0
2026-01-05 06:00:00,0.0,0.0,0.0,0.0,0.0,0.0,0.0,0.0,0.0,0.0,0.0,0.0,0.0,0.0,0.0,0.0,0.2965585893954733,0.0,0.0,0.0
2026-01-05 07:00:00,0.0,0.0,0.0,0.0,0.36809122207039535,0.0,0.0,0.0,0.0,0.0,0.0,0.0,0.0,0.0,0.0,0.0,0.21675272819959404,0.0,0.0,0.0
2026-01-05 08:00:00,0.0,0.0,0.0,0.0,0.13230007878593508,0.0,0.5517889108218,0.5517889108218,0.26791088116011974,0.23491378972199828,0.0,0.0,0.3737280271714615,0.0,0.0,0.0,0.42845686661333665,0.0,0.20568359877095388,0.12261975796040002
2026-01-05 09:00:00,0.0,0.0,0.5517889108218,0.35936587430533506,0.5443863469623861,0.41914050370415773,0.32916545130730207,0.23976307666203095,0.33892416469374836,0.3440161330112932,0.0,0.5517889108218,0.27691981939181415,0.0,0.12261975796040002,0.28589785061260165,0.34442716866173545,0.2618982849217242,0.29330083048106564,0.3085898251921327
2026-01-05 10:00:00,0.12745239083853419,0.17568430412721295,0.33786843536793726,0.17210381607175962,0.510488949274188,0.46132905049145556,0.12261975796040002,0.4557248986110303,0.26351013139970386,0.3254906402439961,0.12261975796040002,0.12261975796040002,0.3954626714165929,0.12261975796040002,0.2533609257684462,0.2293968321439181,0.12261975796040002,0.47587246584619036,0.3408636011218777,0.12261975796040002
2026-01-05 11:00:00,0.2959188751708807,0.27066290367430923,0.3019324965143712,0.15579094199229643,0.39315031935667333,0.1458625620569009,0.32626123519101097,0.12261975796040002,0.4939736778810734,0.5517889108218,0.2743605026723426,0.30268111613464577,0.21856956478573242,0.25436225901180803,0.5517889108218,0.5235423847517336,0.213812745878668,0.33785178546934563,0.2474618416119921,0.2143453548580427
2026-01-05 12:00:00,0.49286029690099,0.2908908757783522,0.3156443233005165,0.24528460224937915,0.12261975796040002,0.5517889108218,0.4951304878112928,0.2877415724912808,0.2955615533557351,0.35030705357884534,0.3826230309447885,0.41401948649829,0.12261975796040002,0.12261975796040002,0.15967868156001375,0.21715703293691183,0.12261975796040002,0.21413484162575044,0.30031854225685206,0.20596581061120384
2026-01-05 13:00:00,0.22943351725044106,0.20104844835995742,0.2630258339014701,0.15444234662696754,0.5517889108218,0.28166002882760105,0.21803734646102813,0.5517889108218,0.32907323963480917,0.46880210038136727,0.4576584425927387,0.4308542336351437,0.161104080350142,0.12261975796040002,0.2489062712366609,0.3651251656031258,0.25160852317974897,0.16071736712168586,0.3205593947267457,0.2403951307278628
2026-01-05 14:00:00,0.49731368427927586,0.29480773593837056,0.5049372589509227,0.24031447598436448,0.3375547682713419,0.12261975796040002,0.2479733830683801,0.4482885657603517,0.12261975796040002,0.5263837328822888,0.5517889108218,0.25820340822467885,0.2734214670893853,0.5214542634806174,0.3117343663269581,0.12261975796040002,0.2870755999226481,0.12261975796040002,0.12261975796040002,0.4300051513526135
2026-01-05 15:00:00,0.12261975796040002,0.33172056608643796,0.5327588541155235,0.5370588548757448,0.4087425078035726,0.40401863108449,0.5517889108218,0.2627691564067401,0.45009969449483916,0.47248495528894663,0.4141872704976815,0.21167763719534147,0.12261975796040002,0.12300513245192082,0.1997474770143138,0.12261975796040002,0.12261975796040002,0.17422523279228092,0.42740461548511754,0.21195208937893795
2026-01-05 16:00:00,0.3729966638835454,0.5031089694919615,0.496464258960206,0.24925478665751186,0.12261975796040002,0.13232751481317925,0.2146841835475985,0.12261975796040002,0.4514094347778232,0.43268270006797727,0.22960270109430717,0.2599946914299959,0.1516820645862399,0.2935733922800639,0.3365566167930915,0.35992998511094526,0.1786669985407004,0.45649931177632297,0.12261975796040002,0.16781587375727003
2026-01-05 17:00:00,0.24999952273255735,0.34063834133372,0.26869483890273604,0.3651099332230752,0.18609708625245686,0.12261975796040002,0.3430048056443444,0.247652235196722,0.40312062265969745,0.5517889108218,0.41832212977206357,0.4396778313199841,0.3449454203363858,0.14839976863187074,0.12261975796040002,0.3388379338599521,0.2919256954706378,0.4315023417318706,0.24442822880224507,0.1519253881898899
2026-01-05 18:00:00,0.18538329007744847,0.5109473922416113,0.13910680323164515,0.3594351377474279,0.2628285680899525,0.12261975796040002,0.43444476244844527,0.26098795177895034,0.24631656981035893,0.18562708553246357,0.2819482702051593,0.15440312155969765,0.12261975796040002,0.4482629419032342,0.3894420841574641,0.12261975796040002,0.3062422571693591,0.3253838707439396,0.13362267856900925,0.2567168170889499
2026-01-05 19:00:00,0.2507884842293099,0.0,0.5355910972673165,0.3161468299910851,0.19800155559719526,0.1356680619878062,0.3074263434045582,0.467569165439024,0.24378899644204713,0.3811871714038161,0.3290192602256062,0.3514262310000474,0.3148706991166767,0.24852400627910332,0.4088642609640337,0.4708295869153465,0.24706072377051244,0.12261975796040002,0.18774614667254305,0.14837242568986878
2026-01-05 20:00:00,0.12261975796040002,0.0,0.3987219460951718,0.0,0.3513055192725601,0.5517889108218,0.0,0.3611012733131887,0.2562876016015751,0.0,0.3008120975118109,0.22496779697208427,0.3424884627069434,0.24639777414330274,0.12261975796040002,0.12261975796040002,0.21513354097016424,0.0,0.12261975796040002,0.16693436546983645
2026-01-05 21:00:00,0.19866214005979912,0.0,0.1997180239593155,0.0,0.0,0.31055586846038136,0.0,0.0,0.0,0.0,0.2622361192681564,0.0,0.0,0.0,0.0,0.0,0.285363882806386,0.0,0.3735063261897872,0.12261975796040002
2026-01-05 22:00:00,0.0,0.0,0.0,0.0,0.0,0.0,0.0,0.0,0.0,0.0,0.0,0.0,0.0,0.0,0.0,0.0,0.22747537396524464,0.0,0.0,0.0
2026-01-05 23:00:00,0.0,0.0,0.0,0.0,0.0,0.0,0.0,0.0,0.0,0.0,0.0,0.0,0.0,0.0,0.0,0.0,0.0,0.0,0.0,0.0
2026-01-06 00:00:00,0.0,0.0,0.0,0.0,0.0,0.0,0.0,0.0,0.0,0.0,0.0,0.0,0.0,0.0,0.0,0.0,0.0,0.0,0.0,0.0
2026-01-06 01:00:00,0.0,0.0,0.0,0.0,0.0,0.0,0.0,0.0,0.0,0.0,0.0,0.0,0.0,0.0,0.0,0.0,0.0,0.0,0.0,0.0
2026-01-06 02:00:00,0.0,0.0,0.0,0.0,0.0,0.0,0.0,0.0,0.0,0.0,0.0,0.0,0.0,0.0,0.0,0.0,0.0,0.0,0.0,0.0
2026-01-06 03:00:00,0.0,0.0,0.0,0.0,0.0,0.0,0.0,0.0,0.0,0.0,0.0,0.0,0.0,0.0,0.0,0.0,0.0,0.0,0.0,0.0
2026-01-06 04:00:00,0.0,0.0,0.0,0.0,0.0,0.0,0.0,0.0,0.0,0.0,0.0,0.0,0.0,0.0,0.0,0.0,0.0,0.0,0.0,0.0
2026-01-06 05:00:00,0.0,0.0,0.0,0.0,0.0,0.0,0.0,0.0,0.0,0.0,0.0,0.0,0.0,0.0,0.0,0.0,0.0,0.0,0.0,0.0
2026-01-06 06:00:00,0.0,0.0,0.0,0.0,0.0,0.0,0.0,0.0,0.0,0.0,0.0,0.0,0.0,0.0,0.0,0.3606245041797573,0.0,0.0,0.0,0.0
2026-01-06 07:00:00,0.0,0.0,0.47874220271121626,0.0,0.0,0.0,0.0,0.0,0.4243234672682988,0.0,0.36872912540787756,0.0,0.0,0.0,0.0,0.13306301459840003,0.0,0.23286308325555075,0.0,0.0
2026-01-06 08:00:00,0.0,0.0,0.22317959050486277,0.13306301459840003,0.0,0.0,0.3289073382449717,0.0,0.38951841875898796,0.0,0.5506563506287581,0.413017755561465,0.0,0.0,0.0,0.13306301459840003,0.0,0.13306301459840003,0.0,0.0
2026-01-06 09:00:00,0.16434634695599,0.0,0.5987835656928001,0.3227409773675596,0.0,0.0,0.13306301459840003,0.3436540295466002,0.5987835656928001,0.2610630578709567,0.13306301459840003,0.34308116608519296,0.34981243065860895,0.3487958702731277,0.5927683905232425,0.5501741902131654,0.31214307923211815,0.17311093853124487,0.0,0.2914434548373467
2026-01-06 10:00:00,0.4217464037333125,0.2652668016606496,0.5687017944346046,0.3412997379330216,0.5987835656928001,0.42432663704502427,0.18202332725890513,0.33892991905744285,0.5987835656928001,0.5551984057497477,0.419984221929608,0.5728479666420191,0.28864987549403104,0.25891921813479724,0.13306301459840003,0.2688147787208196,0.13306301459840003,0.2717019090096914,0.27940269104476406,0.2522447027175532
2026-01-06 11:00:00,0.31519238573473357,0.13306301459840003,0.17469395766362106,0.48571243160555005,0.3487407962551751,0.45152119363752347,0.5987835656928001,0.31444793544592936,0.3304645436242147,0.38690343518278025,0.32214101580691845,0.13306301459840003,0.5987835656928001,0.4426245494986022,0.13306301459840003,0.22592083105252803,0.4592685121394227,0.39191759366753187,0.37473834739912154,0.27346510515429334
2026-01-06 12:00:00,0.1592601045508839,0.20172967453196153,0.13306301459840003,0.31957924151817213,0.35248638100579976,0.5792456816139469,0.20179655151485704,0.21004213615080491,0.24020056822649982,0.3187231312102995,0.41361325002317545,0.5974925260939055,0.15300025306484138,0.13306301459840003,0.4418791866376927,0.24837797498080535,0.20604752742968468,0.3619238026628038,0.3628277317457512,0.26583091897208033
2026-01-06 13:00:00,0.3487062728341886,0.31287791648268515,0.43391686076671465,0.40810030209701487,0.13306301459840003,0.5987835656928001,0.3181648358639038,0.2669852415655693,0.25001117293659947,0.5957633356975977,0.14627357043449835,0.15840329221580363,0.13306301459840003,0.13306301459840003,0.3318676472949672,0.2130040529502044,0.2531024112267742,0.4102842826362965,0.13306301459840003,0.4375234835902534
2026-01-06 14:00:00,0.27311328184362066,0.27093669522003966,0.4786662988346067,0.5983594286939377,0.5603837413718854,0.4614760535222469,0.2979382122028299,0.4248482081605756,0.5987835656928001,0.5509924402489161,0.2557686607820182,0.3411523461461052,0.3284834737779238,0.15574193406704417,0.541662438720076,0.4366997359237204,0.4824962295393934,0.44113874455272395,0.23227516276747232,0.3761318701698518
2026-01-06 15:00:00,0.43141696076319286,0.16739724241744672,0.4541578376975127,0.38741396777375664,0.5199581185960328,0.3093638924010965,0.13306301459840003,0.4489795244990391,0.4639746677504759,0.13306301459840003,0.13306301459840003,0.3217991863265031,0.13377112971456323,0.13306301459840003,0.13306301459840003,0.17602584248817676,0.1522912943195538,0.30921196973802384,0.13306301459840003,0.1850582965970422
2026-01-06 16:00:00,0.13306301459840003,0.13306301459840003,0.29802812561434133,0.4933326457780521,0.24953961951783507,0.33759486255892357,0.2758541613943615,0.13306301459840003,0.5987835656928001,0.2096974926826747,0.5987835656928001,0.35937509106113413,0.13306301459840003,0.13306301459840003,0.36912955335093356,0.4171155910129995,0.13306301459840003,0.13306301459840003,0.20089794947268577,0.4737560961377188
2026-01-06 17:00:00,0.1959673797892762,0.13306301459840003,0.32171900507881795,0.25808323611543205,0.34757852542080725,0.13306301459840003,0.3580772793118951,0.417212932295298,0.3370827315356013,0.13306301459840003,0.13306301459840003,0.21753611391182212,0.13306301459840003,0.22435430250988503,0.13306301459840003,0.3613968247197846,0.13306301459840003,0.30802157865563107,0.5987835656928001,0.20522647055084067
2026-01-06 18:00:00,0.18426198621445486,0.14916543647765326,0.39125646770529743,0.337967399086826,0.22952891400200703,0.37053135448079255,0.13306301459840003,0.3440051523702794,0.5697731796651118,0.4316067514435946,0.21217508342771685,0.514818355481974,0.2431600516670302,0.5987835656928001,0.33753077652381275,0.35431872969351264,0.21906281020402854,0.39736821505396763,0.37206579372758264,0.2739337218386263
2026-01-06 19:00:00,0.13306301459840003,0.2736180900236652,0.2013823110870065,0.39226456220026773,0.3502590602143685,0.17625665610671232,0.21905812746991776,0.19034390674296453,0.38877261229752097,0.40698467952354184,0.13306301459840003,0.13306301459840003,0.5987835656928001,0.27215815504900487,0.0,0.3147570231066121,0.3055698571160495,0.39005150844979325,0.46358863328454725,0.13306301459840003
2026-01-06 20:00:00,0.30926561449257695,0.5987835656928001,0.2562903552819728,0.0,0.39279064764364463,0.5116611789392855,0.32900316366702,0.3625569291513038,0.40423721557097536,0.0,0.0,0.4064988268797532,0.0,0.2787299552115461,0.0,0.13306301459840003,0.5401973570878206,0.41546779014484675,0.35177137572957046,0.0
2026-01-06 21:00:00,0.0,0.0,0.0,0.0,0.2982579217192121,0.0,0.18462387150592688,0.2148409086695617,0.13306301459840003,0.0,0.0,0.0,0.0,0.0,0.0,0.13306301459840003,0.0,0.3008690084791609,0.1352664592399056,0.0
2026-01-06 22:00:00,0.0,0.0,0.0,0.0,0.0,0.0,0.0,0.13306301459840003,0.43868866516011906,0.0,0.0,0.0,0.0,0.0,0.0,0.0,0.0,0.0,0.0,0.0
2026-01-06 23:00:00,0.0,0.0,0.0,0.0,0.0,0.0,0.0,0.0,0.0,0.0,0.0,0.0,0.0,0.0,0.0,0.0,0.0,0.0,0.0,0.0
2026-01-07 00:00:00,0.0,0.0,0.0,0.0,0.0,0.0,0.0,0.0,0.0,0.0,0.0,0.0,0.0,0.0,0.0,0.0,0.0,0.0,0.0,0.0
2026-01-07 01:00:00,0.0,0.0,0.0,0.0,0.0,0.0,0.0,0.0,0.0,0.0,0.0,0.0,0.0,0.0,0.0,0.0,0.0,0.0,0.0,0.0
2026-01-07 02:00:00,0.0,0.0,0.0,0.0,0.0,0.0,0.0,0.0,0.0,0.0,0.0,0.0,0.0,0.0,0.0,0.0,0.0,0.0,0.0,0.0
2026-01-07 03:00:00,0.0,0.0,0.0,0.0,0.0,0.0,0.0,0.0,0.0,0.0,0.0,0.0,0.0,0.0,0.0,0.0,0.0,0.0,0.0,0.0
2026-01-07 04:00:00,0.0,0.0,0.0,0.0,0.0,0.0,0.0,0.0,0.0,0.0,0.0,0.0,0.0,0.0,0.0,0.0,0.0,0.0,0.0,0.0
2026-01-07 05:00:00,0.0,0.0,0.0,0.0,0.0,0.0,0.0,0.0,0.0,0.0,0.0,0.0,0.0,0.0,0.0,0.0,0.0,0.0,0.0,0.0
2026-01-07 06:00:00,0.0,0.0,0.0,0.0,0.0,0.0,0.0,0.0,0.0,0.0,0.0,0.0,0.0,0.0,0.0,0.0,0.0,0.0,0.0,0.0
2026-01-07 07:00:00,0.0,0.0,0.0,0.0,0.0,0.0,0.3717504568308825,0.0,0.0,0.0,0.0,0.0,0.0,0.0,0.0,0.27208443889744327,0.0,0.12827563053440003,0.0,0.0
2026-01-07 08:00:00,0.0,0.0,0.28553556823517723,0.0,0.0,0.33602054235597223,0.5283005842406142,0.12827563053440003,0.0,0.5033102641200112,0.0,0.0,0.0,0.0,0.0,0.12827563053440003,0.43548461533435423,0.12827563053440003,0.0,0.0
2026-01-07 09:00:00,0.17263579805366386,0.3652695508707027,0.15378595792510605,0.0,0.0,0.32592767138900147,0.12827563053440003,0.3411427111724275,0.12827563053440003,0.3203453769238256,0.22547117836340194,0.40137274395143224,0.1789127834795434,0.3457071887213811,0.38044846053864884,0.12827563053440003,0.12827563053440003,0.3156802982869364,0.1757854003692719,0.0
2026-01-07 10:00:00,0.18628118886950595,0.42560795327906126,0.4077839730298564,0.2085151976919145,0.3450161141586797,0.45469748620354844,0.3640059848196649,0.4438731250049976,0.19719428478699783,0.5036303306215691,0.38009485758883005,0.22506337276795896,0.1743817529731642,0.47964303852983553,0.3412381014913463,0.2692474372254318,0.33952263796530435,0.2215671446030478,0.13140424111290402,0.12827563053440003
2026-01-07 11:00:00,0.12827563053440003,0.3267847986210643,0.12827563053440003,0.15328956065137037,0.22560657732242384,0.4933178157432869,0.4272814174241776,0.5108833273816819,0.45511817897042656,0.5772403374048001,0.48824880672031895,0.28213696194902377,0.22162238549619193,0.39671228510003154,0.12827563053440003,0.12827563053440003,0.20346012587058201,0.12827563053440003,0.2811056007071829,0.12827563053440003
2026-01-07 12:00:00,0.21804868964444768,0.5772403374048001,0.5772403374048001,0.12827563053440003,0.5297367073403545,0.3031216393891878,0.21132782458467084,0.12827563053440003,0.12827563053440003,0.5068432782927362,0.3954012380583577,0.4875441617123176,0.12827563053440003,0.19633497116750262,0.34327390961343796,0.12827563053440003,0.12827563053440003,0.4370604474799537,0.40986050626636444,0.12827563053440003
2026-01-07 13:00:00,0.3170369946773326,0.26122597215412663,0.27534979777041635,0.5772403374048001,0.3572806242068404,0.3266973297758511,0.2952440799630101,0.28129770773417195,0.4641426169858554,0.3456055173405704,0.41892046583845255,0.12827563053440003,0.12827563053440003,0.47252252715984505,0.2220390460652727,0.2641125982779693,0.14835207143082232,0.5772403374048001,0.3508282000246094,0.30714967904996965
2026-01-07 14:00:00,0.5765532617196741,0.12989257160588663,0.36226958741649523,0.4386966427585832,0.4396128902917487,0.12827563053440003,0.22908723384941418,0.28485219213278906,0.414026655347068,0.23941602859258557,0.26876367494840864,0.2965191368092745,0.49982583213368365,0.30126805637560816,0.5478316360704749,0.15950897405701095,0.3119697416432261,0.12827563053440003,0.5772403374048001,0.44087036725849466
2026-01-07 15:00:00,0.27685712848605565,0.19273476610369092,0.4619979370597791,0.12827563053440003,0.2771314323567661,0.12827563053440003,0.5772403374048001,0.25990382251295396,0.12827563053440003,0.49120228857314113,0.5076190388489258,0.16519412655983332,0.30200375806039176,0.39995440789992165,0.4343185224876195,0.5355388280096752,0.2268969964669958,0.2647802570586552,0.39149052681695035,0.13647252536896498
2026-01-07 16:00:00,0.29138531453937716,0.4139850416707099,0.12827563053440003,0.3013289256156356,0.4606315078204949,0.5772403374048001,0.5772403374048001,0.5568430682257817,0.12827563053440003,0.30449080968545855,0.47317087986332534,0.3335638544838491,0.4332387241493038,0.5772403374048001,0.21752781468835716,0.3428301930932211,0.12827563053440003,0.12827563053440003,0.12827563053440003,0.2066296327761079
2026-01-07 17:00:00,0.2332540110136823,0.13909170531196338,0.12827563053440003,0.5772403374048001,0.3372745678172606,0.261578339564428,0.3951982535754509,0.12827563053440003,0.5639366200184804,0.47520798595997926,0.34196102342742224,0.5345002167076844,0.30598397997398613,0.2762076319342107,0.12827563053440003,0.12827563053440003,0.12827563053440003,0.33974010613530636,0.21942630245827893,0.23968459046731203
2026-01-07 18:00:00,0.12827563053440003,0.2208203118998325,0.4506373852867457,0.12827563053440003,0.3574144470020303,0.5772403374048001,0.4876535970093157,0.47389614420121534,0.5772403374048001,0.2784656280515563,0.34210546182479207,0.3618330262160202,0.12827563053440003,0.12827563053440003,0.14131052767443517,0.12827563053440003,0.12827563053440003,0.12827563053440003,0.17576438873064198,0.20814364221081721
2026-01-07 19:00:00,0.2416467308416162,0.0,0.15704048996462672,0.5487479511134513,0.16869731846345135,0.12827563053440003,0.2048440053966652,0.2356228204278477,0.5772403374048001,0.2928661873120017,0.5087075618771293,0.43572325170926246,0.47678988607700895,0.18515530562780091,0.19076369882944533,0.12827563053440003,0.2833620757693237,0.12827563053440003,0.1365006212977725,0.0
2026-01-07 20:00:00,0.25683529366090513,0.0,0.0,0.33092635329683967,0.3466281812548976,0.0,0.12827563053440003,0.0,0.0,0.34542376649678336,0.29019429749243014,0.30274225771432883,0.2844589556597336,0.1820969667300349,0.12827563053440003,0.15728392042421455,0.27545412708776496,0.0,0.25276390712647345,0.0
2026-01-07 21:00:00,0.0,0.0,0.0,0.48699159525684066,0.3376330944148024,0.0,0.0,0.0,0.0,0.12827563053440003,0.34033467427503644,0.24905679128079897,0.0,0.0,0.35965684268555825,0.19144741402464727,0.22701645356454123,0.0,0.22344349728296534,0.0
2026-01-07 22:00:00,0.0,0.0,0.0,0.0,0.0,0.0,0.0,0.0,0.0,0.0,0.0,0.0,0.0,0.0,0.0,0.0,0.0,0.0,0.0,0.0
2026-01-07 23:00:00,0.0,0.0,0.0,0.0,0.0,0.0,0.0,0.0,0.0,0.0,0.0,0.0,0.0,0.0,0.0,0.0,0.0,0.0,0.0,0.0
2026-01-08 00:00:00,0.0,0.0,0.0,0.0,0.0,0.0,0.0,0.0,0.0,0.0,0.0,0.0,0.0,0.0,0.0,0.0,0.0,0.0,0.0,0.0
2026-01-08 01:00:00,0.0,0.0,0.0,0.0,0.0,0.0,0.0,0.0,0.0,0.0,0.0,0.0,0.0,0.0,0.0,0.0,0.0,0.0,0.0,0.0
2026-01-08 02:00:00,0.0,0.0,0.0,0.0,0.0,0.0,0.0,0.0,0.0,0.0,0.0,0.0,0.0,0.0,0.0,0.0,0.0,0.0,0.0,0.0
2026-01-08 03:00:00,0.0,0.0,0.0,0.0,0.0,0.0,0.0,0.0,0.0,0.0,0.0,0.0,0.0,0.0,0.0,0.0,0.0,0.0,0.0,0.0
2026-01-08 04:00:00,0.0,0.0,0.0,0.0,0.0,0.0,0.0,0.0,0.0,0.0,0.0,0.0,0.0,0.0,0.0,0.0,0.0,0.0,0.0,0.0
2026-01-08 05:00:00,0.0,0.0,0.0,0.0,0.0,0.0,0.0,0.0,0.0,0.0,0.0,0.0,0.0,0.0,0.0,0.0,0.0,0.0,0.0,0.0
2026-01-08 06:00:00,0.0,0.0,0.0,0.0,0.0,0.0,0.0,0.0,0.0,0.0,0.0,0.0,0.0,0.0,0.0,0.0,0.0,0.0,0.0,0.0
2026-01-08 07:00:00,0.0,0.0,0.0,0.0,0.2769725023589631,0.0,0.371023199345014,0.0,0.39469816522937434,0.0,0.0,0.0,0.0,0.0,0.12669339164977458,0.0,0.0,0.0,0.0,0.11765852221440001
2026-01-08 08:00:00,0.0,0.11765852221440001,0.16442699562272395,0.32654420043143884,0.3851969132959305,0.0,0.33645613722679196,0.3234826827517433,0.40420466022365686,0.11765852221440001,0.271587825989624,0.39820405723537294,0.11765852221440001,0.0,0.3102571348430128,0.42326261953571104,0.27197781945905597,0.26795805784186244,0.0,0.5294633499648
2026-01-08 09:00:00,0.0,0.11765852221440001,0.21386556876851123,0.14301464819777823,0.24032744529638608,0.3416473820527724,0.5014719254176037,0.4582234414962979,0.42897966383007424,0.16813536673185817,0.11765852221440001,0.4601508790370083,0.2736178691366152,0.3618581672326041,0.46131453616393536,0.38983265486765545,0.11765852221440001,0.4854545655798161,0.11765852221440001,0.3310645475140173
2026-01-08 10:00:00,0.0,0.3794873983725111,0.3235574962540172,0.21486839086550363,0.42483052748889427,0.11765852221440001,0.30078930013523214,0.5294633499648,0.2485786090489099,0.3607093817425705,0.38569312201403977,0.1490964485473753,0.13077456297639395,0.11765852221440001,0.4923954747355185,0.40907519520322616,0.24935130527350802,0.36440819161580734,0.4555026303865081,0.18010054493250044
2026-01-08 11:00:00,0.11765852221440001,0.5053798225571609,0.4863900174888473,0.523120334502054,0.11765852221440001,0.39851447345765717,0.15704179624183645,0.24122103502933603,0.3376658352004573,0.4651838564194341,0.4603351988477693,0.2354007895704776,0.2780076385460257,0.28465175871442594,0.5294633499648,0.4572016385084922,0.11765852221440001,0.322484778833949,0.11765852221440001,0.11765852221440001
2026-01-08 12:00:00,0.4094461440410763,0.11765852221440001,0.24004339323333512,0.35284458100250526,0.1771599299361252,0.26480052537075416,0.2337985045614929,0.3821127895972224,0.3866822134764059,0.17970525328500656,0.12311331058982224,0.47109042599799955,0.3859612804077061,0.1406883865112511,0.11765852221440001,0.2477689585227928,0.3080162883280808,0.4307220564687001,0.12389175211944056,0.27117711875432743
2026-01-08 13:00:00,0.34666772732375906,0.11765852221440001,0.18754828309462962,0.11765852221440001,0.29088837491458713,0.3202313394443679,0.3802089723361273,0.5294633499648,0.4499232723522275,0.11765852221440001,0.36377978904952374,0.32027314707294446,0.3079860451114152,0.16740143709329505,0.11765852221440001,0.4840463437377523,0.11765852221440001,0.4169154807713432,0.4617813138614604,0.1876971493758198
2026-01-08 14:00:00,0.352947164783527,0.1390684213316555,0.43804912624175985,0.5294633499648,0.13380812358846408,0.2701019808024487,0.15310628084776776,0.23808992124760672,0.42125160233347375,0.3593327153366985,0.4174200912428368,0.46798266842522007,0.3597398531703602,0.11765852221440001,0.1497873347116279,0.3919824641760435,0.15042987617007844,0.11765852221440001,0.25242774935543194,0.11765852221440001
2026-01-08 15:00:00,0.11765852221440001,0.3447176546989652,0.2197716314167121,0.24558714241956922,0.22805159190791158,0.5083923797104546,0.26588643054408156,0.11765852221440001,0.411039255717841,0.2994865816540015,0.29588537912359253,0.5116047010286505,0.2263449254456542,0.11765852221440001,0.13518719297728155,0.2667618369382094,0.2554223932527623,0.15205654627735785,0.18850837238336265,0.11765852221440001
2026-01-08 16:00:00,0.45119857578951783,0.4170404531111903,0.39827561807408457,0.5294633499648,0.17298528770518076,0.27408186878454094,0.27091761184738433,0.17626649620029305,0.4311170849804334,0.3931205771954491,0.12093153689972226,0.35579886495723045,0.1254250106937937,0.4271065682821631,0.16172123284805828,0.14728788481794872,0.41446756925095674,0.2750930825551166,0.2280458166853486,0.2109593770424841
2026-01-08 17:00:00,0.11765852221440001,0.16209794845555403,0.3666645210440368,0.29109141287695806,0.14207054423477342,0.1877294252522879,0.17214527244276004,0.2749714415327887,0.3156485728711879,0.3886050140756532,0.40652238085232756,0.3714889741053914,0.12014018988516284,0.11765852221440001,0.23951186151283257,0.15008085270995028,0.17799171395798605,0.1456208572145862,0.11765852221440001,0.11765852221440001
2026-01-08 18:00:00,0.3201558905779911,0.11765852221440001,0.38833929472090395,0.48837620542604426,0.2537228977394786,0.2425228165834209,0.2672459412711339,0.2498785377208711,0.268155661926659,0.18849967187531375,0.2371706221451922,0.3589058218345907,0.35172545578474457,0.11765852221440001,0.31777401732380306,0.21208600576693992,0.32386601978692314,0.27079846643638333,0.24472928325668028,0.27920164895002525
2026-01-08 19:00:00,0.5294633499648,0.11765852221440001,0.5055143878805134,0.24929775073604402,0.38592918758875194,0.4373722710597513,0.5294633499648,0.2405475502798895,0.0,0.11765852221440001,0.0,0.24355168679674605,0.1394511103309259,0.2775990849672169,0.5294633499648,0.11765852221440001,0.3187049870877778,0.11765852221440001,0.448084288425368,0.11765852221440001
2026-01-08 20:00:00,0.11765852221440001,0.20345644148021416,0.5294633499648,0.26692424687769056,0.2846381136266273,0.13950793744314713,0.0,0.0,0.0,0.11765852221440001,0.0,0.5294633499648,0.4823857884344131,0.11765852221440001,0.25255328364371304,0.1763040925482989,0.0,0.11765852221440001,0.0,0.1271291475582945
2026-01-08 21:00:00,0.0,0.11765852221440001,0.0,0.11765852221440001,0.0,0.0,0.0,0.0,0.0,0.4182358780842688,0.0,0.24752657730968858,0.2740294118463063,0.19821229622259987,0.2764997992151861,0.43722524801178564,0.0,0.3232996957455357,0.0,0.0
2026-01-08 22:00:00,0.0,0.0,0.0,0.0,0.0,0.0,0.0,0.0,0.0,0.0,0.0,0.0,0.26422965158910433,0.0,0.0,0.0,0.0,0.0,0.0,0.0
2026-01-08 23:00:00,0.0,0.0,0.0,0.0,0.0,0.0,0.0,0.0,0.0,0.0,0.0,0.0,0.0,0.0,0.0,0.0,0.0,0.0,0.0,0.0
2026-01-09 00:00:00,0.0,0.0,0.0,0.0,0.0,0.0,0.0,0.0,0.0,0.0,0.0,0.0,0.0,0.0,0.0,0.0,0.0,0.0,0.0,0.0
2026-01-09 01:00:00,0.0,0.0,0.0,0.0,0.0,0.0,0.0,0.0,0.0,0.0,0.0,0.0,0.0,0.0,0.0,0.0,0.0,0.0,0.0,0.0
2026-01-09 02:00:00,0.0,0.0,0.0,0.0,0.0,0.0,0.0,0.0,0.0,0.0,0.0,0.0,0.0,0.0,0.0,0.0,0.0,0.0,0.0,0.0
2026-01-09 03:00:00,0.0,0.0,0.0,0.0,0.0,0.0,0.0,0.0,0.0,0.0,0.0,0.0,0.0,0.0,0.0,0.0,0.0,0.0,0.0,0.0
2026-01-09 04:00:00,0.0,0.0,0.0,0.0,0.0,0.0,0.0,0.0,0.0,0.0,0.0,0.0,0.0,0.0,0.0,0.0,0.0,0.0,0.0,0.0
2026-01-09 05:00:00,0.0,0.0,0.0,0.0,0.0,0.0,0.0,0.0,0.0,0.0,0.0,0.0,0.0,0.0,0.0,0.0,0.0,0.0,0.0,0.0
2026-01-09 06:00:00,0.0,0.0,0.0,0.0,0.0,0.0,0.0,0.0,0.0,0.0,0.0,0.0,0.0,0.0,0.0,0.0,0.0,0.0,0.0,0.0
2026-01-09 07:00:00,0.0,0.198697965016181,0.0,0.0,0.0,0.0,0.2175172867506601,0.0,0.0,0.0,0.0,0.0,0.0,0.0,0.1137342385344,0.0,0.0,0.2418300150845646,0.0,0.0
2026-01-09 08:00:00,0.22901395028915886,0.30962768790160355,0.5011061326403099,0.0,0.0,0.0,0.32924826220872083,0.35391524705215793,0.3253817218768467,0.0,0.29800749128146653,0.0,0.0,0.0,0.24364225646622092,0.1137342385344,0.0,0.1137342385344,0.0,0.0
2026-01-09 09:00:00,0.1137342385344,0.26350470227857886,0.2495230105554682,0.0,0.0,0.36371668341866153,0.1137342385344,0.1844495340303085,0.3708309185197163,0.2837487615752411,0.4550963059294223,0.24620292351271794,0.38293512368660415,0.0,0.3572865643848993,0.1137342385344,0.25507821766431715,0.264541224699424,0.0,0.1338452020410013
2026-01-09 10:00:00,0.291893653642987,0.4896088357044353,0.28499463872444747,0.31315495847847874,0.36552982585842664,0.1137342385344,0.27517744040901865,0.2778005485445983,0.3979804935688973,0.29826855738819114,0.1137342385344,0.11922712241710398,0.1137342385344,0.20325934230816184,0.4957235423201714,0.4188424232935326,0.3948870393903641,0.27824107607055615,0.23070595440383987,0.128355199656284
2026-01-09 11:00:00,0.1137342385344,0.2146205507250171,0.5118040734047999,0.37284321214073757,0.17876283939902207,0.5118040734047999,0.18455663986455081,0.37215372858710105,0.467502350357409,0.5118040734047999,0.37408795024485686,0.5118040734047999,0.1137342385344,0.14491441064033136,0.33569645367127204,0.13844386071208767,0.13835999175530864,0.4074246347381156,0.1137342385344,0.19973164822504258
2026-01-09 12:00:00,0.45899276972550856,0.312186475780945,0.5040961314147996,0.1137342385344,0.3086162582783927,0.3521265651381337,0.4486220894897874,0.1137342385344,0.3634922169462691,0.3119229037045632,0.29216953495336734,0.4168585450496818,0.5118040734047999,0.37323203933652305,0.1137342385344,0.4637010758530664,0.27052500862843293,0.21083416568570545,0.1137342385344,0.2092801931511331
2026-01-09 13:00:00,0.1137342385344,0.2506750095456305,0.25776382440717327,0.423849721338471,0.5118040734047999,0.31551662663741026,0.3525452685709025,0.5118040734047999,0.25807505552468646,0.4700703685014725,0.34282133511652857,0.4604571202768616,0.1137342385344,0.20696915525389778,0.1137342385344,0.1137342385344,0.23416769982863042,0.1877786725930103,0.4312239197665611,0.28107186867043915
2026-01-09 14:00:00,0.16837057790214746,0.28900249301995745,0.3710666861897857,0.2352404040801639,0.3926254872796665,0.3000447506888553,0.29520815282923063,0.2546618953924197,0.1623819910479894,0.3693189239106062,0.29643862371311996,0.44684533932104314,0.1137342385344,0.47525396646463014,0.13787252678299494,0.5118040734047999,0.1137342385344,0.5118040734047999,0.1137342385344,0.30548479866161177
2026-01-09 15:00:00,0.34466603709525095,0.26954646142460553,0.2746288614617921,0.4013475269603558,0.1137342385344,0.38617117601996864,0.32391311760641456,0.2989777949578714,0.31563644231550875,0.14949534201662737,0.1137342385344,0.3993178068358751,0.18194890064621014,0.1137342385344,0.3495585239272984,0.24626560083419421,0.3844244597980432,0.38221477087008426,0.23529168102469017,0.22737077148997914
2026-01-09 16:00:00,0.1137342385344,0.47801743075705516,0.23572708109696475,0.4717625440776109,0.5118040734047999,0.21859875092289854,0.22605944419545884,0.1924245866061342,0.11627780884999737,0.28545035519020895,0.13278343437370618,0.39280746661689775,0.3765443936363178,0.281789927444829,0.30779320282375056,0.1137342385344,0.26694981348896446,0.1482499043084073,0.1137342385344,0.23534694285686095
2026-01-09 17:00:00,0.2536822640429721,0.1137342385344,0.4626893573781077,0.4124011644176966,0.5118040734047999,0.4504997826089016,0.2822909907548762,0.5030032003046345,0.28042685631537684,0.1137342385344,0.38161554262465675,0.22743851900566991,0.1137342385344,0.23543881678071196,0.3079331320664718,0.1137342385344,0.2381886219209938,0.1137342385344,0.15313575112549224,0.5118040734047999
2026-01-09 18:00:00,0.4213000371222539,0.1137342385344,0.22157457602137434,0.31470574609447527,0.298285754582905,0.33228265237209853,0.2312552652237883,0.3654663505303603,0.32686045255865365,0.3461887158212988,0.19874741890642963,0.1137342385344,0.1300455186727526,0.1137342385344,0.1137342385344,0.39777725383335766,0.1137342385344,0.3682762692179158,0.14294798754019708,0.33466026185405384
2026-01-09 19:00:00,0.1137342385344,0.4609329491136531,0.3817236405959529,0.4992678989477524,0.31600663320249484,0.19028660322691232,0.26659965084355364,0.2546072778175996,0.22080731393182743,0.1137342385344,0.3574880041207771,0.33204351101215446,0.1137342385344,0.0,0.1137342385344,0.1137342385344,0.1137342385344,0.28729566505834003,0.1137342385344,0.30947836019076025
2026-01-09 20:00:00,0.0,0.0,0.0,0.46396686909565377,0.1137342385344,0.0,0.0,0.4774963163145512,0.17852791939975723,0.21959788360187768,0.0,0.2336020201786034,0.1137342385344,0.0,0.319225910433889,0.3411821822151155,0.0,0.2889971331277934,0.2779763267741938,0.0
2026-01-09 21:00:00,0.0,0.0,0.0,0.5118040734047999,0.32826687160477885,0.0,0.0,0.30144515583935916,0.0,0.4296194869963632,0.0,0.18996957645194676,0.2200851481536067,0.0,0.0,0.0,0.0,0.0,0.0,0.0
2026-01-09 22:00:00,0.0,0.0,0.0,0.0,0.0,0.0,0.0,0.0,0.0,0.0,0.0,0.0,0.0,0.0,0.0,0.0,0.0,0.0,0.0,0.0
2026-01-09 23:00:00,0.0,0.0,0.0,0.0,0.0,0.0,0.0,0.0,0.0,0.0,0.0,0.0,0.0,0.0,0.0,0.0,0.0,0.0,0.0,0.0
2026-01-10 00:00:00,0.0,0.0,0.0,0.0,0.0,0.0,0.0,0.0,0.0,0.0,0.0,0.0,0.0,0.0,0.0,0.0,0.0,0.0,0.0,0.0
2026-01-10 01:00:00,0.0,0.0,0.0,0.0,0.0,0.0,0.0,0.0,0.0,0.0,0.0,0.0,0.0,0.0,0.0,0.0,0.0,0.0,0.0,0.0
2026-01-10 02:00:00,0.0,0.0,0.0,0.0,0.0,0.0,0.0,0.0,0.0,0.0,0.0,0.0,0.0,0.0,0.0,0.0,0.0,0.0,0.0,0.0
2026-01-10 03:00:00,0.0,0.0,0.0,0.0,0.0,0.0,0.0,0.0,0.0,0.0,0.0,0.0,0.0,0.0,0.0,0.0,0.0,0.0,0.0,0.0
2026-01-10 04:00:00,0.0,0.0,0.0,0.0,0.0,0.0,0.0,0.0,0.0,0.0,0.0,0.0,0.0,0.0,0.0,0.0,0.0,0.0,0.0,0.0
2026-01-10 05:00:00,0.0,0.0,0.0,0.0,0.0,0.0,0.0,0.0,0.0,0.0,0.0,0.0,0.0,0.0,0.0,0.0,0.0,0.0,0.0,0.0
2026-01-10 06:00:00,0.0,0.0,0.0,0.0,0.0,0.0,0.0,0.0,0.0,0.0,0.0,0.0,0.0,0.0,0.0,0.0,0.0,0.0,0.0,0.0
2026-01-10 07:00:00,0.0,0.0,0.0,0.0,0.0,0.0,0.0,0.0,0.0,0.0,0.0,0.0,0.0,0.0,0.0,0.0,0.0,0.2605780925574192,0.0,0.18374640371840256
2026-01-10 08:00:00,0.0,0.32171520226249706,0.0,0.0,0.3682028561842454,0.0,0.0,0.0,0.0,0.3394669789353602,0.0,0.0,0.0,0.0,0.0,0.0,0.11896100400000001,0.11896100400000001,0.0,0.2523378595319133
2026-01-10 09:00:00,0.0,0.22905314213759678,0.4420913018855802,0.26111544139548226,0.5315012300342434,0.0,0.38648527944731675,0.0,0.30025191222018155,0.3046711696801467,0.18432377602568678,0.4335474224288126,0.0,0.2744516895513668,0.0,0.0,0.11896100400000001,0.2514165294151994,0.39408042495409296,0.11896100400000001
2026-01-10 10:00:00,0.11896100400000001,0.34188089212215045,0.48079650570923016,0.27333870866823917,0.3369905828652392,0.37993398456497585,0.3083149702647949,0.11896100400000001,0.21569408363064027,0.3499141856551523,0.24720949888001154,0.39728603335061413,0.1853209356554069,0.11896100400000001,0.11896100400000001,0.11896100400000001,0.29617177393992217,0.28528661429828417,0.31289908419633655,0.36399888849439216
2026-01-10 11:00:00,0.31315892318153615,0.11896100400000001,0.49112386849919626,0.29256380034036955,0.11896100400000001,0.2281286985865599,0.46955650106689645,0.1907684582705529,0.4172310984785974,0.24782718608827414,0.24748843622241204,0.41999502183290854,0.4050081861445731,0.39077603922644494,0.40194180381212014,0.3123170518029984,0.11896100400000001,0.11896100400000001,0.3470728938803197,0.13029167482544504
2026-01-10 12:00:00,0.2766300247190893,0.45904333116301954,0.2708908998719042,0.3971280784717662,0.5172920869175882,0.535324518,0.3125248475628627,0.28192809406450836,0.4013095593724556,0.535324518,0.22953976854740987,0.535324518,0.5011522633350208,0.2328248665233827,0.14579272789627618,0.11896100400000001,0.2083276235302453,0.37936878520274747,0.23396471565268578,0.446511236533901
2026-01-10 13:00:00,0.26908060020673524,0.2642536264749089,0.23294857440017822,0.5057592849297038,0.4828500516216471,0.30584204937053855,0.3469422593199298,0.3467213866848896,0.535324518,0.23284308635000456,0.46337264888371515,0.3560098985288849,0.13537286221219502,0.34025027940606284,0.21445367132477058,0.28857635296983075,0.3389570784651477,0.34341025039031825,0.535324518,0.30971735438177744
2026-01-10 14:00:00,0.2846620013108159,0.5237522801888561,0.5270393721145832,0.11896100400000001,0.1413394585961192,0.16568132339669217,0.11896100400000001,0.11896100400000001,0.256642079866531,0.2322381279339148,0.45831037066642655,0.4882594623887547,0.3001004333724393,0.1342025925133137,0.2228178896169398,0.21712430610162106,0.32204955785562034,0.2101662152298541,0.22004116575211247,0.11896100400000001
2026-01-10 15:00:00,0.11896100400000001,0.31504555218461555,0.3807331111699923,0.37932111973511534,0.2901500922234267,0.471418991792999,0.43753711732078926,0.14401020095893444,0.37930076235075366,0.30118006693243565,0.40626505858487366,0.2376459166784953,0.11896100400000001,0.2197195210853746,0.27991849223917636,0.11896100400000001,0.11896100400000001,0.41555764421067043,0.12806328060608782,0.39213132001795653
2026-01-10 16:00:00,0.26611889422088447,0.1761680677858342,0.1405024279391776,0.21552929977444577,0.3167845961842078,0.43639126625759744,0.13432886244054965,0.11896100400000001,0.13392705341329747,0.2899276094014846,0.24432514423131965,0.46401982858288005,0.11896100400000001,0.14444290900652962,0.4147587192204271,0.35755670451413035,0.37045265263400623,0.28446159092776063,0.11896100400000001,0.11896100400000001
2026-01-10 17:00:00,0.275994754767331,0.11896100400000001,0.11896100400000001,0.11896100400000001,0.26632286224737167,0.3073425206580911,0.2862367574228861,0.535324518,0.4199561861185577,0.1499016462165388,0.3488098467984535,0.16836498106021128,0.296068620681908,0.3394252503608898,0.11896100400000001,0.11896100400000001,0.4250637549710798,0.4242844597547332,0.11896100400000001,0.1603927221663049
2026-01-10 18:00:00,0.11896100400000001,0.11896100400000001,0.11974508060503633,0.2655800101984199,0.33455419079911675,0.11896100400000001,0.535324518,0.21277526979789035,0.24612882111329934,0.23158681448136342,0.11896100400000001,0.152097125820483,0.15641381752271924,0.11896100400000001,0.32337089792108525,0.11896100400000001,0.13018643716141082,0.2418171961687032,0.19480271508082841,0.16679017269498247
2026-01-10 19:00:00,0.5313728960788267,0.11896100400000001,0.21190637697194806,0.0,0.4903594987362352,0.2536323790844038,0.20155121504509899,0.535324518,0.535324518,0.3081401265027091,0.11896100400000001,0.11896100400000001,0.15495317037759496,0.17917079441321046,0.11896100400000001,0.11896100400000001,0.11896100400000001,0.27174743189621053,0.21676719931003857,0.42392570135008417
2026-01-10 20:00:00,0.3053469562798892,0.32091086118252865,0.3002375032369603,0.0,0.0,0.4417039044720357,0.24671400045370426,0.0,0.3529063069996669,0.27661893683000577,0.535324518,0.21534839382277068,0.3064499865627998,0.366971626265183,0.18365573030920057,0.22732774720128732,0.44323084231483245,0.2701977667606374,0.48970886435693955,0.11896100400000001
2026-01-10 21:00:00,0.11896100400000001,0.0,0.0,0.0,0.0,0.2664265262646224,0.0,0.0,0.0,0.21790100515087865,0.345111711940913,0.535324518,0.11896100400000001,0.3434494326250845,0.0,0.4697556436481485,0.0,0.11896100400000001,0.0,0.21949572982273222
2026-01-10 22:00:00,0.3350174650518632,0.0,0.0,0.0,0.0,0.0,0.0,0.0,0.0,0.0,0.0,0.5176001447618879,0.0,0.0,0.0,0.19474114040224672,0.0,0.0,0.0,0.11896100400000001
2026-01-10 23:00:00,0.0,0.0,0.0,0.0,0.0,0.0,0.0,0.0,0.0,0.0,0.0,0.0,0.0,0.0,0.0,0.0,0.0,0.0,0.0,0.0
2026-01-11 00:00:00,0.0,0.0,0.0,0.0,0.0,0.0,0.0,0.0,0.0,0.0,0.0,0.0,0.0,0.0,0.0,0.0,0.0,0.0,0.0,0.0
2026-01-11 01:00:00,0.0,0.0,0.0,0.0,0.0,0.0,0.0,0.0,0.0,0.0,0.0,0.0,0.0,0.0,0.0,0.0,0.0,0.0,0.0,0.0
2026-01-11 02:00:00,0.0,0.0,0.0,0.0,0.0,0.0,0.0,0.0,0.0,0.0,0.0,0.0,0.0,0.0,0.0,0.0,0.0,0.0,0.0,0.0
2026-01-11 03:00:00,0.0,0.0,0.0,0.0,0.0,0.0,0.0,0.0,0.0,0.0,0.0,0.0,0.0,0.0,0.0,0.0,0.0,0.0,0.0,0.0
2026-01-11 04:00:00,0.0,0.0,0.0,0.0,0.0,0.0,0.0,0.0,0.0,0.0,0.0,0.0,0.0,0.0,0.0,0.0,0.0,0.0,0.0,0.0
2026-01-11 05:00:00,0.0,0.0,0.0,0.0,0.0,0.0,0.0,0.0,0.0,0.0,0.0,0.0,0.0,0.0,0.0,0.0,0.0,0.0,0.0,0.0
2026-01-11 06:00:00,0.0,0.0,0.0,0.0,0.0,0.0,0.0,0.0,0.0,0.0,0.0,0.0,0.0,0.0,0.0,0.0,0.0,0.0,0.0,0.0
2026-01-11 07:00:00,0.0,0.0,0.0,0.0,0.0,0.0,0.0,0.0,0.0,0.0,0.0,0.0,0.0,0.0,0.0,0.0,0.0,0.0,0.0,0.0
2026-01-11 08:00:00,0.3629904318503947,0.0,0.0,0.1122069513044,0.13540524412128993,0.0,0.0,0.0,0.0,0.0,0.0,0.0,0.0,0.0,0.2587926185480885,0.0,0.0,0.0,0.0,0.0
2026-01-11 09:00:00,0.27865990049197104,0.16904875366345723,0.0,0.12245235037933816,0.304661898562153,0.0,0.0,0.4420805511788396,0.0,0.0,0.3193462952754061,0.0,0.2490536623978275,0.0,0.1122069513044,0.1122069513044,0.29333543633125775,0.0,0.0,0.1122069513044
2026-01-11 10:00:00,0.34134612633099004,0.12998906140489408,0.4263425276004651,0.5049312808698,0.38882253771508485,0.0,0.5049312808698,0.1680654409120662,0.0,0.3389114763908691,0.22630701906388265,0.0,0.1122069513044,0.352933991732749,0.1122069513044,0.1122069513044,0.1122069513044,0.0,0.3695278444094022,0.23757083923513012
2026-01-11 11:00:00,0.5049312808698,0.3805759227344024,0.38056918942061213,0.1122069513044,0.1122069513044,0.4329940270063821,0.24256365701981128,0.3542949602679409,0.1122069513044,0.1122069513044,0.343972094658958,0.1122069513044,0.1887585216161097,0.1122069513044,0.20748894871480753,0.27195784209920704,0.2596338154410754,0.28855077502595466,0.1122069513044,0.13476142938859317
2026-01-11 12:00:00,0.17785309200163585,0.20703467640846568,0.4621187607990294,0.3910862036090756,0.3190151477874535,0.38156663354248416,0.42773434135096766,0.5049312808698,0.4682572161734045,0.1122069513044,0.3556726045997421,0.3318578633474053,0.1122069513044,0.1122069513044,0.5049312808698,0.1122069513044,0.35239089570828624,0.1122069513044,0.2494882098367234,0.28604239240958007
2026-01-11 13:00:00,0.1122069513044,0.1122069513044,0.1122069513044,0.4873182755720596,0.3091103264957598,0.36889298602909854,0.22100547375162163,0.2921850624062654,0.2891770217339301,0.2513926565706891,0.37982786985687683,0.5049312808698,0.26922608407393733,0.17747276752594773,0.1122069513044,0.338763612634701,0.1122069513044,0.43281173723904126,0.25546472443021495,0.34566976413230716
2026-01-11 14:00:00,0.1122069513044,0.15109323996239205,0.19958165209840203,0.28738708530644336,0.3689374278013632,0.17515391835696328,0.5049312808698,0.5049312808698,0.3314766855889682,0.20006725414533869,0.3951359126256205,0.3848913536191111,0.1122069513044,0.20031101394200737,0.2375701954664187,0.29348138645719957,0.12696777279424676,0.1122069513044,0.11729829533592326,0.2976071493003604
2026-01-11 15:00:00,0.1122069513044,0.35885724685169934,0.2603984022051351,0.24281345708671068,0.47490335057043437,0.1122069513044,0.29815920117655337,0.2720997648892534,0.3957103840942875,0.19114496390692906,0.39651576414609757,0.36671629245315474,0.1122069513044,0.30695060711844,0.1122069513044,0.48204339521348855,0.1905102581320324,0.1416365987761774,0.1122069513044,0.1801154749360599
2026-01-11 16:00:00,0.20362825682062785,0.2503170878025394,0.1122069513044,0.21706891993524904,0.4017244116190273,0.1667127333600178,0.19744281414923803,0.38690333917028824,0.3176283404447335,0.2674763520292891,0.12359553408574511,0.352393517600268,0.1730937214157819,0.15505158807207453,0.12063340665127041,0.1122069513044,0.1122069513044,0.1122069513044,0.15067190633320995,0.1122069513044
2026-01-11 17:00:00,0.2676890319344617,0.1122069513044,0.3363424839855486,0.41582593302784987,0.11255313327861557,0.3075114663078713,0.35367817736341,0.4106215409190457,0.15116811223701296,0.15465399664507765,0.4072280053209658,0.20203215356261836,0.33505560689748526,0.1122069513044,0.2204525248018008,0.30973796310173646,0.2981844292590296,0.3192580122194518,0.18733854371124592,0.1122069513044
2026-01-11 18:00:00,0.25781599788332854,0.27754474994777295,0.22997674480439112,0.5049312808698,0.32079919836239107,0.30256560707731583,0.34276718462651234,0.2988883779419889,0.33114829808419916,0.5049312808698,0.41677561148629766,0.22443631225245295,0.4354815230104994,0.1339240118672803,0.24422416636532035,0.27212638453986226,0.15145003198356788,0.1122069513044,0.3333425945580383,0.23865198717301359
2026-01-11 19:00:00,0.34213079139755465,0.28807917753907664,0.3464034118801786,0.5049312808698,0.44832184475546677,0.43966716751878965,0.13593951611450178,0.1122069513044,0.1864697825333155,0.0,0.26047879437316956,0.5049312808698,0.24566229533080047,0.2941523386445569,0.19355688778675997,0.2542353254182367,0.21097424523857525,0.1122069513044,0.34948879676481825,0.3074842935341768
2026-01-11 20:00:00,0.2174287486200728,0.0,0.0,0.46448868869543786,0.2232405651681841,0.4769553511559444,0.5049312808698,0.0,0.2546012272277634,0.0,0.1122069513044,0.0,0.19895714853735091,0.1122069513044,0.32361532932693005,0.1122069513044,0.3662939894879308,0.2116040742577711,0.2407237004937766,0.1122069513044
2026-01-11 21:00:00,0.43806424292575513,0.0,0.0,0.5049312808698,0.36770085323360735,0.0,0.5049312808698,0.0,0.1122069513044,0.0,0.29902998714742324,0.0,0.0,0.0,0.2857565632370785,0.14893398193179203,0.0,0.28399461484705446,0.14090907148002144,0.4051074630656845
2026-01-11 22:00:00,0.0,0.0,0.0,0.0,0.19309207896923974,0.0,0.4315184716002166,0.0,0.3011556155222955,0.0,0.1122069513044,0.0,0.0,0.0,0.0,0.0,0.0,0.0,0.1122069513044,0.4233714539464433
2026-01-11 23:00:00,0.0,0.0,0.0,0.0,0.0,0.0,0.0,0.0,0.0,0.0,0.0,0.0,0.0,0.0,0.0,0.0,0.0,0.0,0.0,0.0
2026-01-12 00:00:00,0.0,0.0,0.0,0.0,0.0,0.0,0.0,0.0,0.0,0.0,0.0,0.0,0.0,0.0,0.0,0.0,0.0,0.0,0.0,0.0
2026-01-12 01:00:00,0.0,0.0,0.0,0.0,0.0,0.0,0.0,0.0,0.0,0.0,0.0,0.0,0.0,0.0,0.0,0.0,0.0,0.0,0.0,0.0
2026-01-12 02:00:00,0.0,0.0,0.0,0.0,0.0,0.0,0.0,0.0,0.0,0.0,0.0,0.0,0.0,0.0,0.0,0.0,0.0,0.0,0.0,0.0
2026-01-12 03:00:00,0.0,0.0,0.0,0.0,0.0,0.0,0.0,0.0,0.0,0.0,0.0,0.0,0.0,0.0,0.0,0.0,0.0,0.0,0.0,0.0
2026-01-12 04:00:00,0.0,0.0,0.0,0.0,0.0,0.0,0.0,0.0,0.0,0.0,0.0,0.0,0.0,0.0,0.0,0.0,0.0,0.0,0.0,0.0
2026-01-12 05:00:00,0.0,0.0,0.0,0.0,0.0,0.0,0.0,0.0,0.0,0.0,0.0,0.0,0.0,0.0,0.0,0.0,0.0,0.0,0.0,0.0
2026-01-12 06:00:00,0.0,0.0,0.0,0.0,0.0,0.0,0.0,0.0,0.0,0.0,0.0,0.0,0.0,0.0,0.0,0.0,0.0,0.0,0.0,0.0
2026-01-12 07:00:00,0.0,0.0,0.0,0.3680937454812333,0.0,0.0,0.0,0.0,0.0,0.0,0.0,0.0,0.33392082092468234,0.0,0.0,0.0,0.0,0.0,0.0,0.0
2026-01-12 08:00:00,0.1119889326784,0.0,0.0,0.18489588946424715,0.0,0.0,0.0,0.2395946908670151,0.18994135502457343,0.3328768548521415,0.0,0.0,0.1119889326784,0.0,0.11906604282923065,0.1119889326784,0.0,0.0,0.0,0.0
2026-01-12 09:00:00,0.2887718449252789,0.23109274656134884,0.3786150724989154,0.3698736222369248,0.0,0.26802265556572946,0.2863162378242847,0.4880064984329673,0.3591709182914694,0.17242704507315287,0.3855933717923523,0.21203489305312903,0.19302704587393074,0.1846135243794832,0.14226048845692885,0.17412769338765946,0.0,0.219490120943604,0.2503628388410777,0.31009853531726644
2026-01-12 10:00:00,0.1808591359505192,0.21906477179709266,0.1119889326784,0.1119889326784,0.23537232124966914,0.27616889026159647,0.1119889326784,0.1119889326784,0.25096287541564294,0.20762281072783734,0.26583703384649865,0.4007985480113309,0.2989369382456694,0.4078923115707237,0.2571723047658377,0.4987533733893384,0.15930169121800472,0.12572423803589372,0.1569668394932384,0.2641568829992665
2026-01-12 11:00:00,0.3241643599495583,0.1119889326784,0.1119889326784,0.1119889326784,0.313877233922323,0.4362465733774989,0.1119889326784,0.30425450951905353,0.31225657394025264,0.49405095928607684,0.17664418523809092,0.5039501970528,0.1119889326784,0.2625003587354211,0.36821239228318114,0.3801983721533169,0.24516717580634245,0.11582322926558908,0.1119889326784,0.1119889326784
2026-01-12 12:00:00,0.28736016963670785,0.31278163526925884,0.33299052873985285,0.3309641544603683,0.368164096125513,0.33810984367986874,0.2248790992626315,0.23401366713170402,0.27806671965262586,0.1119889326784,0.4264249084177741,0.40379574599852464,0.21597732886835358,0.1119889326784,0.1119889326784,0.24600261796070924,0.29075516886653086,0.22677345216515554,0.1119889326784,0.26121985492532573
2026-01-12 13:00:00,0.20388576679420778,0.1173979432604142,0.12929686681314714,0.11272486468934986,0.5004656297558676,0.3539290166430316,0.34680204711461077,0.2822074906725317,0.4696418335133122,0.14600212944972807,0.3509542134130516,0.1119889326784,0.1496680322076136,0.1119889326784,0.11202104171384361,0.48648661131885024,0.3063991885023708,0.1119889326784,0.1119889326784,0.19311535856201584
2026-01-12 14:00:00,0.1119889326784,0.1672122001162923,0.45003534371820697,0.2925648908091852,0.1119889326784,0.23785244277060283,0.1119889326784,0.38445817274410454,0.1119889326784,0.5039501970528,0.27364914803041324,0.26286372704795724,0.33098364981968653,0.3601758719987683,0.1119889326784,0.1119889326784,0.36861389681761647,0.1119889326784,0.1119889326784,0.1119889326784
2026-01-12 15:00:00,0.1119889326784,0.1119889326784,0.3654803608919544,0.1119889326784,0.47756729797757214,0.27408239287180075,0.1119889326784,0.3255614635703934,0.5039501970528,0.27784619153115053,0.19482359627938042,0.4311397208705372,0.5039501970528,0.3039411163087649,0.1119889326784,0.1119889326784,0.20913827618929862,0.1691828414182714,0.3020730027937941,0.29193056189188477
2026-01-12 16:00:00,0.14676229032456498,0.14507005812726273,0.5039501970528,0.48143332510724646,0.5039501970528,0.21316015230384017,0.18080297218952804,0.2599189269060215,0.31324584508081904,0.17170329163489767,0.49434368050008987,0.1119889326784,0.24744266470272655,0.16078329050707796,0.1424598966736815,0.16016320753202534,0.1119889326784,0.3354134913839112,0.35583304953475187,0.43847891399021294
2026-01-12 17:00:00,0.3459320608929066,0.5039501970528,0.25894260626182913,0.42387290934561367,0.4961500552733613,0.1119889326784,0.22825690745447774,0.3455184136933938,0.20852810914293857,0.14146579363904824,0.36743804489555976,0.1119889326784,0.1119889326784,0.1119889326784,0.1119889326784,0.27804906100351673,0.27194891253049763,0.16218152370117736,0.1119889326784,0.1119889326784
2026-01-12 18:00:00,0.24774616805365837,0.42485721505739515,0.46129548890724,0.2818076336011132,0.34726378388925455,0.24138826628853632,0.22969564686916885,0.4983890821862639,0.252936811252595,0.3433017056927931,0.1119889326784,0.29523819509717,0.15641046271711892,0.44704040326002126,0.26422196400417153,0.1119889326784,0.5039501970528,0.2377076228925537,0.3394400857670234,0.1119889326784
2026-01-12 19:00:00,0.1119889326784,0.0,0.0,0.2858487656049397,0.17693105771012355,0.298761793239445,0.3724514367983074,0.1309371273924753,0.5039501970528,0.25363363471180234,0.0,0.24232417229873154,0.5039501970528,0.38716471504333655,0.1119889326784,0.1431383632271826,0.0,0.1119889326784,0.1965881034586326,0.4666546045784554
2026-01-12 20:00:00,0.2414920344607698,0.0,0.0,0.0,0.0,0.25438983109180174,0.29913321941839177,0.0,0.4903939112467869,0.33936365946785135,0.0,0.3024867295105955,0.5039501970528,0.0,0.22829891985156228,0.23238816622165953,0.0,0.1119889326784,0.0,0.2535104093808478
2026-01-12 21:00:00,0.2739202508066668,0.0,0.0,0.0,0.0,0.0,0.0,0.0,0.1119889326784,0.12055786387297159,0.0,0.0,0.1119889326784,0.0,0.0,0.0,0.0,0.1119889326784,0.0,0.0
2026-01-12 22:00:00,0.1119889326784,0.0,0.0,0.0,0.0,0.0,0.0,0.0,0.0,0.0,0.0,0.0,0.0,0.0,0.0,0.0,0.0,0.1119889326784,0.0,0.0
2026-01-12 23:00:00,0.0,0.0,0.0,0.0,0.0,0.0,0.0,0.0,0.0,0.0,0.0,0.0,0.0,0.0,0.0,0.0,0.0,0.0,0.0,0.0
2026-01-13 00:00:00,0.0,0.0,0.0,0.0,0.0,0.0,0.0,0.0,0.0,0.0,0.0,0.0,0.0,0.0,0.0,0.0,0.0,0.0,0.0,0.0
2026-01-13 01:00:00,0.0,0.0,0.0,0.0,0.0,0.0,0.0,0.0,0.0,0.0,0.0,0.0,0.0,0.0,0.0,0.0,0.0,0.0,0.0,0.0
2026-01-13 02:00:00,0.0,0.0,0.0,0.0,0.0,0.0,0.0,0.0,0.0,0.0,0.0,0.0,0.0,0.0,0.0,0.0,0.0,0.0,0.0,0.0
2026-01-13 03:00:00,0.0,0.0,0.0,0.0,0.0,0.0,0.0,0.0,0.0,0.0,0.0,0.0,0.0,0.0,0.0,0.0,0.0,0.0,0.0,0.0
2026-01-13 04:00:00,0.0,0.0,0.0,0.0,0.0,0.0,0.0,0.0,0.0,0.0,0.0,0.0,0.0,0.0,0.0,0.0,0.0,0.0,0.0,0.0
2026-01-13 05:00:00,0.0,0.0,0.0,0.0,0.0,0.0,0.0,0.0,0.0,0.0,0.0,0.0,0.0,0.0,0.0,0.0,0.0,0.0,0.0,0.0
2026-01-13 06:00:00,0.0,0.0,0.0,0.0,0.0,0.0,0.0,0.0,0.0,0.0,0.0,0.0,0.0,0.0,0.0,0.0,0.0,0.0,0.0,0.0
2026-01-13 07:00:00,0.0,0.11242502400000001,0.0,0.0,0.0,0.17590429983758057,0.0,0.0,0.43623910314773573,0.0,0.39751918703236666,0.0,0.0,0.0,0.0,0.0,0.0,0.0,0.2964082299761298,0.0
2026-01-13 08:00:00,0.0,0.22105901906127282,0.0,0.11715141158798544,0.0,0.48949073628388207,0.0,0.19538476116203066,0.2845953089271194,0.0,0.29623757328681904,0.0,0.45291745434842734,0.0,0.0,0.0,0.16794907231083528,0.0,0.505912608,0.0
2026-01-13 09:00:00,0.30191412796583617,0.3117190089018105,0.14634136492560562,0.3622194259344334,0.0,0.13340225066611092,0.505912608,0.11242502400000001,0.14090717419506874,0.0,0.11242502400000001,0.3658677545249909,0.280675279810166,0.43374076164366,0.505912608,0.3533255465511245,0.11242502400000001,0.11242502400000001,0.22408570945816952,0.1780621639759778
2026-01-13 10:00:00,0.3820612607198422,0.16164188845990388,0.2880007380993392,0.2540197135954699,0.19805504805227148,0.505912608,0.11242502400000001,0.33046009531198195,0.12315107663651147,0.0,0.3726633634599814,0.11242502400000001,0.25340763431816,0.4387548408429405,0.11242502400000001,0.31590970079064096,0.17758691494992215,0.23762004610042306,0.21486600810090664,0.20073901342689493
2026-01-13 11:00:00,0.377572675233088,0.1912223905951671,0.1443713602843657,0.41789125184242076,0.4247413245289242,0.3914164431764984,0.27301711264386297,0.3239099927855297,0.4183665283813885,0.43356870465850256,0.1708058149317542,0.2363248537682137,0.35331748178837363,0.18407991323559175,0.40653411877551043,0.4944285901796205,0.245456099614356,0.18893237181389233,0.11242502400000001,0.29369957951941034
2026-01-13 12:00:00,0.11242502400000001,0.2792764502502476,0.2188311885962745,0.4499522802526712,0.1357342333084221,0.16310472108313862,0.11242502400000001,0.4179366946437807,0.3132420152148388,0.2542077013176858,0.4764760601215215,0.40123954264229844,0.25978215510262526,0.3373950473286238,0.15098644667263553,0.4022337137052541,0.421002035806737,0.3493792524551494,0.31689706413130286,0.27859379591460043
2026-01-13 13:00:00,0.11242502400000001,0.3380752433986075,0.11242502400000001,0.11242502400000001,0.20953435054336506,0.5017556865421878,0.25719012858597684,0.27692775882317405,0.22920353439724647,0.11242502400000001,0.18210264577042737,0.30144133358495395,0.21443197528490038,0.2586876425496641,0.19910952663504963,0.4215247259284151,0.20408198648917913,0.26619960611501337,0.159928747827746,0.11242502400000001
2026-01-13 14:00:00,0.2948934394378047,0.1256132593826049,0.11242502400000001,0.3360186515469776,0.44032264300317087,0.29870346832992173,0.3740025022870003,0.24263059519598054,0.3829500075745582,0.4508048778926457,0.2544121483761067,0.15626592396639838,0.24917305013757765,0.38418084489691184,0.11242502400000001,0.36450014922559665,0.30195528547953826,0.11242502400000001,0.1501580954922331,0.4909285636250322
2026-01-13 15:00:00,0.2947017191618592,0.16905321556842703,0.32079923482178635,0.27685410083314926,0.12648962350118267,0.12414037080067011,0.2177672413108274,0.11242502400000001,0.36357029298218124,0.11242502400000001,0.32116480109546947,0.4210713154793724,0.25496339254926415,0.1568375906123666,0.3120456406518269,0.11242502400000001,0.29696990602402734,0.18723438641529935,0.11242502400000001,0.38158587440028685
2026-01-13 16:00:00,0.29489534527444916,0.16908033538026948,0.27747623791174086,0.15360767015918392,0.4564796666967698,0.2762571876011772,0.11242502400000001,0.505912608,0.11242502400000001,0.4131907833353037,0.29581973646424553,0.3883183303962836,0.289381190459123,0.11242502400000001,0.11242502400000001,0.3068533031053103,0.20971460755930513,0.11242502400000001,0.11242502400000001,0.467526526139853
2026-01-13 17:00:00,0.505912608,0.4658662267198152,0.505912608,0.2709010973267098,0.15586337691413277,0.37510832603218125,0.23833960900312307,0.15248314827214401,0.39969965315506967,0.4009149110266844,0.24153475918475065,0.2846907706045744,0.19446086673632715,0.40009428869927216,0.4093914308149738,0.11242502400000001,0.35658412058713546,0.11777503872813244,0.14484863554045188,0.41188524936225346
2026-01-13 18:00:00,0.3034649939146604,0.3393476952077281,0.505912608,0.41520442300185995,0.43214378680152515,0.3494476420207964,0.11242502400000001,0.4819465780498273,0.16411009106775584,0.21528730273528537,0.505912608,0.505912608,0.44958731102883565,0.2010967054881342,0.11242502400000001,0.11242502400000001,0.4694504983188728,0.41272843305592805,0.19768757193071546,0.22044892210419187
2026-01-13 19:00:00,0.39012012836895016,0.20672047217770645,0.26054873967135905,0.1849899912696458,0.505912608,0.16720092549612303,0.11242502400000001,0.3149041797282438,0.4569566096042582,0.31151497836335307,0.0,0.29935393618923556,0.42702102598250796,0.4503073713058809,0.24694295889118775,0.1517768892414028,0.3952533985563863,0.11242502400000001,0.19750435232308472,0.11242502400000001
2026-01-13 20:00:00,0.0,0.11242502400000001,0.26633394562386015,0.1736976731571825,0.0,0.17250901007187006,0.20654389925889244,0.0,0.15394935095624374,0.42374909947192635,0.0,0.505912608,0.11242502400000001,0.0,0.11242502400000001,0.1810066699200619,0.0,0.15198913520006319,0.0,0.0
2026-01-13 21:00:00,0.0,0.0,0.0,0.23028989608035688,0.0,0.0,0.37178900334409054,0.0,0.0,0.0,0.0,0.4927087481705085,0.0,0.0,0.0,0.0,0.0,0.0,0.0,0.0
2026-01-13 22:00:00,0.0,0.0,0.0,0.0,0.0,0.0,0.0,0.0,0.0,0.0,0.0,0.0,0.0,0.0,0.0,0.0,0.0,0.0,0.0,0.0
2026-01-13 23:00:00,0.0,0.0,0.0,0.0,0.0,0.0,0.0,0.0,0.0,0.0,0.0,0.0,0.0,0.0,0.0,0.0,0.0,0.0,0.0,0.0
2026-01-14 00:00:00,0.0,0.0,0.0,0.0,0.0,0.0,0.0,0.0,0.0,0.0,0.0,0.0,0.0,0.0,0.0,0.0,0.0,0.0,0.0,0.0
2026-01-14 01:00:00,0.0,0.0,0.0,0.0,0.0,0.0,0.0,0.0,0.0,0.0,0.0,0.0,0.0,0.0,0.0,0.0,0.0,0.0,0.0,0.0
2026-01-14 02:00:00,0.0,0.0,0.0,0.0,0.0,0.0,0.0,0.0,0.0,0.0,0.0,0.0,0.0,0.0,0.0,0.0,0.0,0.0,0.0,0.0
2026-01-14 03:00:00,0.0,0.0,0.0,0.0,0.0,0.0,0.0,0.0,0.0,0.0,0.0,0.0,0.0,0.0,0.0,0.0,0.0,0.0,0.0,0.0
2026-01-14 04:00:00,0.0,0.0,0.0,0.0,0.0,0.0,0.0,0.0,0.0,0.0,0.0,0.0,0.0,0.0,0.0,0.0,0.0,0.0,0.0,0.0
2026-01-14 05:00:00,0.0,0.0,0.0,0.0,0.0,0.0,0.0,0.0,0.0,0.0,0.0,0.0,0.0,0.0,0.0,0.0,0.0,0.0,0.0,0.0
2026-01-14 06:00:00,0.0,0.0,0.24002794347908527,0.0,0.0,0.0,0.0,0.0,0.0,0.0,0.0,0.0,0.0,0.0,0.0,0.0,0.0,0.0,0.0,0.0
2026-01-14 07:00:00,0.0,0.0,0.38078591126344324,0.0,0.0,0.0,0.0,0.0,0.0,0.0,0.0,0.0,0.0,0.0,0.0,0.0,0.0,0.0,0.0,0.0
2026-01-14 08:00:00,0.0,0.0,0.4053639314803515,0.11024750000000001,0.0,0.0,0.23001971025636384,0.4452490581185962,0.0,0.11024750000000001,0.26566078639459106,0.44032873916587906,0.0,0.0,0.23971757258427684,0.0,0.0,0.0,0.11024750000000001,0.22638417246182288
2026-01-14 09:00:00,0.11024750000000001,0.0,0.14173275228271512,0.213721138076038,0.19556216536465193,0.11024750000000001,0.2850530588464624,0.35380375172442136,0.0,0.48772051252116255,0.4961137500000001,0.17278698166337245,0.0,0.13578485683689076,0.3017568381523028,0.0,0.0,0.0,0.26836556332560074,0.13895493702770426
2026-01-14 10:00:00,0.17603687999193315,0.0,0.23310394054972983,0.23903555686028896,0.484562606027181,0.40255512990857056,0.42290351238533413,0.3127029350915778,0.24286343585066042,0.2546021908285024,0.32266893862946844,0.21619640612168786,0.23884085272543729,0.11024750000000001,0.3592869844327742,0.11024750000000001,0.44273982402797396,0.19928752133993644,0.11024750000000001,0.23738728108098264
2026-01-14 11:00:00,0.13863388928587042,0.11024750000000001,0.4961137500000001,0.11024750000000001,0.13430219540843644,0.3858448971585144,0.2283404360604478,0.11024750000000001,0.201616278385565,0.4961137500000001,0.4274268287464671,0.4961137500000001,0.14578240620602212,0.11024750000000001,0.22396554098292973,0.16761408107382153,0.4961137500000001,0.13784897372263707,0.21717603169639788,0.11024750000000001
2026-01-14 12:00:00,0.22399626218342128,0.11024750000000001,0.19632128706774643,0.4961137500000001,0.4961137500000001,0.11024750000000001,0.24576616367555126,0.46851752114937584,0.33387986482793314,0.3158340212782694,0.2778813655807198,0.23695759335280225,0.4961137500000001,0.11024750000000001,0.11024750000000001,0.1784042540954715,0.14498352633591444,0.3253304105909267,0.11024750000000001,0.11024750000000001
2026-01-14 13:00:00,0.4961137500000001,0.4961137500000001,0.3750096326817205,0.3695220065174791,0.3050549413803538,0.34855195037684855,0.4813503213397922,0.21969048389700024,0.310196258579533,0.4605851233803001,0.4160446034140753,0.3836884326950585,0.15819638059667532,0.11024750000000001,0.18433805237676756,0.32390413798471956,0.21168646054559773,0.25982433517705134,0.11024750000000001,0.3831205550522449
2026-01-14 14:00:00,0.11024750000000001,0.4235349200800212,0.11024750000000001,0.14402745330178834,0.4961137500000001,0.45814235487479565,0.1292324665411318,0.23206809086845928,0.34145349047664014,0.48985094230814696,0.3387498562514372,0.1567657433586508,0.3890780539820925,0.33266361162931,0.2733489676713829,0.2336532226329783,0.24603401992383148,0.27953368198180645,0.1649617929834728,0.15951914349834853
2026-01-14 15:00:00,0.31494901201179887,0.2040129598928989,0.47215534843908624,0.36583115398044963,0.11024750000000001,0.2770372220704802,0.3277977356825546,0.37967713661988206,0.11024750000000001,0.4317711931485663,0.22545654250082012,0.46927744807652516,0.41486299876422356,0.11024750000000001,0.2985904944017631,0.3913600209723033,0.1865456557854468,0.12023336042347492,0.26643864131515554,0.17566664687138753
2026-01-14 16:00:00,0.11024750000000001,0.1453286131853921,0.3585759022380508,0.17670264768729332,0.3257877010597731,0.4961137500000001,0.4961137500000001,0.18530414287038088,0.2616481799249596,0.33404349390671867,0.36848210081893257,0.11024750000000001,0.11024750000000001,0.3334998826980168,0.2628497347585441,0.14873723998373123,0.1929200449159118,0.38371528156428697,0.4213035408553807,0.2551033208011409
2026-01-14 17:00:00,0.14065519407000793,0.2551998777789908,0.3503192981361209,0.3375461130992449,0.11177286143832706,0.31954624062970577,0.11024750000000001,0.48483685875442045,0.16192856883750478,0.21098534064076102,0.2915590215724186,0.37751128479935375,0.16614260995343574,0.1778943113140904,0.27779934335730766,0.4961137500000001,0.25801628070907257,0.11024750000000001,0.30079830119849216,0.11024750000000001
2026-01-14 18:00:00,0.375549020481953,0.18256637984237792,0.46347701205261405,0.2168403118175546,0.31688696668956773,0.11024750000000001,0.4961137500000001,0.2592871836900631,0.24576816591860448,0.47363416728052443,0.26321349376442094,0.4552295897548297,0.24346616899210918,0.33344967436206907,0.11024750000000001,0.3134388418611695,0.11024750000000001,0.21393287106349965,0.3913702750330267,0.293548136997784
2026-01-14 19:00:00,0.2213485610681349,0.4257490596022258,0.40160989846248535,0.2175824559894293,0.0,0.11024750000000001,0.11024750000000001,0.0,0.4459987014089485,0.2679825687931176,0.3303437293236487,0.12693146699824623,0.11024750000000001,0.15573087545287037,0.3426835296945407,0.27766291433992457,0.23987808949096767,0.42898081140542865,0.2338501262927039,0.14635334846537587
2026-01-14 20:00:00,0.11024750000000001,0.0,0.1136047540871095,0.32609274262874915,0.0,0.3756692127883271,0.2946802845964712,0.0,0.34943005035640834,0.0,0.0,0.4961137500000001,0.2986634548116354,0.3684466021162769,0.3251144404135189,0.4349160760079394,0.0,0.13290769244177364,0.1489954806707426,0.21018436848761457
2026-01-14 21:00:00,0.0,0.0,0.0,0.0,0.0,0.3093018472979349,0.239673868388233,0.0,0.0,0.0,0.0,0.0,0.18144757214783527,0.3978642001802526,0.1956637067106,0.0,0.0,0.3836882444303689,0.0,0.0
2026-01-14 22:00:00,0.0,0.0,0.0,0.0,0.0,0.47191082558797826,0.0,0.0,0.0,0.0,0.0,0.0,0.0,0.0,0.0,0.0,0.0,0.0,0.0,0.0
2026-01-14 23:00:00,0.0,0.0,0.0,0.0,0.0,0.0,0.0,0.0,0.0,0.0,0.0,0.0,0.0,0.0,0.0,0.0,0.0,0.0,0.0,0.0
