date,Distance_km_Vehicle_0,Distance_km_Vehicle_1,Distance_km_Vehicle_10,Distance_km_Vehicle_11,Distance_km_Vehicle_12,Distance_km_Vehicle_13,Distance_km_Vehicle_14,Distance_km_Vehicle_15,Distance_km_Vehicle_16,Distance_km_Vehicle_17,Distance_km_Vehicle_18,Distance_km_Vehicle_19,Distance_km_Vehicle_2,Distance_km_Vehicle_3,Distance_km_Vehicle_4,Distance_km_Vehicle_5,Distance_km_Vehicle_6,Distance_km_Vehicle_7,Distance_km_Vehicle_8,Distance_km_Vehicle_9
2026-01-01 00:00:00,0.0,0.0,0.0,0.0,0.0,0.0,0.0,0.0,0.0,0.0,0.0,0.0,0.0,0.0,0.0,0.0,0.0,0.0,0.0,0.0
2026-01-01 01:00:00,0.0,0.0,0.0,0.0,0.0,0.0,0.0,0.0,0.0,0.0,0.0,0.0,0.0,0.0,0.0,0.0,0.0,0.0,0.0,0.0
2026-01-01 02:00:00,0.0,0.0,0.0,0.0,0.0,0.0,0.0,0.0,0.0,0.0,0.0,0.0,0.0,0.0,0.0,0.0,0.0,0.0,0.0,0.0
2026-01-01 03:00:00,0.0,0.0,0.0,0.0,0.0,0.0,0.0,0.0,0.0,0.0,0.0,0.0,0.0,0.0,0.0,0.0,0.0,0.0,0.0,0.0
2026-01-01 04:00:00,0.0,0.0,0.0,0.0,0.0,0.0,0.0,0.0,0.0,0.0,0.0,0.0,0.0,0.0,0.0,0.0,0.0,0.0,0.0,0.0
2026-01-01 05:00:00,0.0,0.0,0.0,0.0,0.0,0.0,0.0,0.0,0.0,0.0,0.0,0.0,0.0,0.0,0.0,0.0,0.0,0.0,0.0,0.0
2026-01-01 06:00:00,0.0,0.0,0.0,0.0,0.0,0.0,0.0,0.0,0.0,0.0,0.0,0.0,0.0,0.0,0.0,0.0,0.0,0.0,0.0,0.0
2026-01-01 07:00:00,0.0,0.0,8.324382985279513,0.0,0.0,0.0,0.0,0.0,7.135857793328414,0.0,0.0,0.0,0.0,8.271994106797772,0.0,0.0,0.0,0.0,0.0,0.0
2026-01-01 08:00:00,0.0,10.429633703603528,8.324382985279513,9.474397890131108,7.997622252544647,10.129313479026724,0.0,0.0,7.135857793328414,10.71997192298239,9.970920016260816,8.465676984103393,0.0,8.271994106797772,0.0,0.0,10.839787405132135,0.0,11.944531086608226,0.0
2026-01-01 09:00:00,12.562374935790768,10.429633703603528,8.324382985279513,9.474397890131108,7.997622252544647,10.129313479026724,7.277775938710078,11.898948103862464,7.135857793328414,10.71997192298239,9.970920016260816,8.465676984103393,9.836078536106914,8.271994106797772,10.737641347542557,11.15602253129213,10.839787405132135,0.0,11.944531086608226,10.339729348424171
2026-01-01 10:00:00,12.562374935790768,10.429633703603528,8.324382985279513,9.474397890131108,7.997622252544647,10.129313479026724,7.277775938710078,11.898948103862464,7.135857793328414,10.71997192298239,9.970920016260816,8.465676984103393,9.836078536106914,8.271994106797772,10.737641347542557,11.15602253129213,10.839787405132135,9.158333304004644,11.944531086608226,10.339729348424171
2026-01-01 11:00:00,12.562374935790768,10.429633703603528,8.324382985279513,9.474397890131108,7.997622252544647,10.129313479026724,7.277775938710078,11.898948103862464,7.135857793328414,10.71997192298239,9.970920016260816,8.465676984103393,9.836078536106914,8.271994106797772,10.737641347542557,11.15602253129213,10.839787405132135,9.158333304004644,11.944531086608226,10.339729348424171
2026-01-01 12:00:00,12.562374935790768,10.429633703603528,8.324382985279513,9.474397890131108,7.997622252544647,10.129313479026724,7.277775938710078,11.898948103862464,7.135857793328414,10.71997192298239,9.970920016260816,8.465676984103393,9.836078536106914,8.271994106797772,10.737641347542557,11.15602253129213,10.839787405132135,9.158333304004644,11.944531086608226,10.339729348424171
2026-01-01 13:00:00,12.562374935790768,10.429633703603528,8.324382985279513,9.474397890131108,7.997622252544647,10.129313479026724,7.277775938710078,11.898948103862464,7.135857793328414,10.71997192298239,9.970920016260816,8.465676984103393,9.836078536106914,8.271994106797772,10.737641347542557,11.15602253129213,10.839787405132135,9.158333304004644,11.944531086608226,10.339729348424171
2026-01-01 14:00:00,12.562374935790768,10.429633703603528,8.324382985279513,9.474397890131108,7.997622252544647,10.129313479026724,7.277775938710078,11.898948103862464,7.135857793328414,10.71997192298239,9.970920016260816,8.465676984103393,9.836078536106914,8.271994106797772,10.737641347542557,11.15602253129213,10.839787405132135,9.158333304004644,11.944531086608226,10.339729348424171
2026-01-01 15:00:00,12.562374935790768,10.429633703603528,8.324382985279513,9.474397890131108,7.997622252544647,10.129313479026724,7.277775938710078,11.898948103862464,7.135857793328414,10.71997192298239,9.970920016260816,8.465676984103393,9.836078536106914,8.271994106797772,10.737641347542557,11.15602253129213,10.839787405132135,9.158333304004644,11.944531086608226,10.339729348424171
2026-01-01 16:00:00,12.562374935790768,10.429633703603528,8.324382985279513,9.474397890131108,7.997622252544647,10.129313479026724,7.277775938710078,11.898948103862464,7.135857793328414,10.71997192298239,9.970920016260816,8.465676984103393,9.836078536106914,8.271994106797772,10.737641347542557,11.15602253129213,10.839787405132135,9.158333304004644,11.944531086608226,10.339729348424171
2026-01-01 17:00:00,12.562374935790768,10.429633703603528,8.324382985279513,9.474397890131108,7.997622252544647,10.129313479026724,7.277775938710078,11.898948103862464,7.135857793328414,10.71997192298239,9.970920016260816,8.465676984103393,9.836078536106914,8.271994106797772,10.737641347542557,11.15602253129213,10.839787405132135,9.158333304004644,11.944531086608226,10.339729348424171
2026-01-01 18:00:00,12.562374935790768,10.429633703603528,8.324382985279513,9.474397890131108,7.997622252544647,10.129313479026724,7.277775938710078,11.898948103862464,7.135857793328414,10.71997192298239,9.970920016260816,8.465676984103393,9.836078536106914,8.271994106797772,10.737641347542557,11.15602253129213,10.839787405132135,9.158333304004644,11.944531086608226,10.339729348424171
2026-01-01 19:00:00,12.562374935790768,10.429633703603528,8.324382985279513,9.474397890131108,7.997622252544647,0.0,7.277775938710078,11.898948103862464,7.135857793328414,10.71997192298239,9.970920016260816,8.465676984103393,9.836078536106914,8.271994106797772,10.737641347542557,11.15602253129213,0.0,9.158333304004644,11.944531086608226,10.339729348424171
2026-01-01 20:00:00,12.562374935790768,0.0,8.324382985279513,9.474397890131108,7.997622252544647,0.0,7.277775938710078,0.0,7.135857793328414,0.0,9.970920016260816,8.465676984103393,9.836078536106914,0.0,10.737641347542557,11.15602253129213,0.0,9.158333304004644,11.944531086608226,10.339729348424171
2026-01-01 21:00:00,0.0,0.0,8.324382985279513,0.0,0.0,0.0,0.0,0.0,7.135857793328414,0.0,9.970920016260816,0.0,9.836078536106914,0.0,10.737641347542557,11.15602253129213,0.0,0.0,0.0,0.0
2026-01-01 22:00:00,0.0,0.0,0.0,0.0,0.0,0.0,0.0,0.0,0.0,0.0,9.970920016260816,0.0,9.836078536106914,0.0,0.0,11.15602253129213,0.0,0.0,0.0,0.0
2026-01-01 23:00:00,0.0,0.0,0.0,0.0,0.0,0.0,0.0,0.0,0.0,0.0,0.0,0.0,0.0,0.0,0.0,0.0,0.0,0.0,0.0,0.0
2026-01-02 00:00:00,0.0,0.0,0.0,0.0,0.0,0.0,0.0,0.0,0.0,0.0,0.0,0.0,0.0,0.0,0.0,0.0,0.0,0.0,0.0,0.0
2026-01-02 01:00:00,0.0,0.0,0.0,0.0,0.0,0.0,0.0,0.0,0.0,0.0,0.0,0.0,0.0,0.0,0.0,0.0,0.0,0.0,0.0,0.0
2026-01-02 02:00:00,0.0,0.0,0.0,0.0,0.0,0.0,0.0,0.0,0.0,0.0,0.0,0.0,0.0,0.0,0.0,0.0,0.0,0.0,0.0,0.0
2026-01-02 03:00:00,0.0,0.0,0.0,0.0,0.0,0.0,0.0,0.0,0.0,0.0,0.0,0.0,0.0,0.0,0.0,0.0,0.0,0.0,0.0,0.0
2026-01-02 04:00:00,0.0,0.0,0.0,0.0,0.0,0.0,0.0,0.0,0.0,0.0,0.0,0.0,0.0,0.0,0.0,0.0,0.0,0.0,0.0,0.0
2026-01-02 05:00:00,0.0,0.0,0.0,0.0,0.0,0.0,0.0,0.0,0.0,0.0,0.0,0.0,0.0,0.0,0.0,0.0,0.0,0.0,0.0,0.0
2026-01-02 06:00:00,0.0,0.0,0.0,0.0,0.0,0.0,0.0,0.0,0.0,0.0,0.0,0.0,0.0,0.0,0.0,0.0,0.0,0.0,0.0,0.0
2026-01-02 07:00:00,6.885924220714484,0.0,0.0,0.0,0.0,0.0,7.261972047014753,0.0,0.0,0.0,0.0,0.0,0.0,0.0,0.0,6.457387819561703,8.628978345431554,10.023173915235626,10.731590986434044,0.0
2026-01-02 08:00:00,6.885924220714484,0.0,11.298284465087924,0.0,0.0,0.0,7.261972047014753,11.100690211374198,9.11573429081456,7.67348426110721,8.560323986576453,0.0,9.689834894852783,11.231553685087423,0.0,6.457387819561703,8.628978345431554,10.023173915235626,10.731590986434044,9.685803750425812
2026-01-02 09:00:00,6.885924220714484,0.0,11.298284465087924,10.995906222903194,0.0,10.486310931114003,7.261972047014753,11.100690211374198,9.11573429081456,7.67348426110721,8.560323986576453,13.904235449491768,9.689834894852783,11.231553685087423,0.0,6.457387819561703,8.628978345431554,10.023173915235626,10.731590986434044,9.685803750425812
2026-01-02 10:00:00,6.885924220714484,6.547146307988251,11.298284465087924,10.995906222903194,9.007105764968875,10.486310931114003,7.261972047014753,11.100690211374198,9.11573429081456,7.67348426110721,8.560323986576453,13.904235449491768,9.689834894852783,11.231553685087423,10.966737113464484,6.457387819561703,8.628978345431554,10.023173915235626,10.731590986434044,9.685803750425812
2026-01-02 11:00:00,6.885924220714484,6.547146307988251,11.298284465087924,10.995906222903194,9.007105764968875,10.486310931114003,7.261972047014753,11.100690211374198,9.11573429081456,7.67348426110721,8.560323986576453,13.904235449491768,9.689834894852783,11.231553685087423,10.966737113464484,6.457387819561703,8.628978345431554,10.023173915235626,10.731590986434044,9.685803750425812
2026-01-02 12:00:00,6.885924220714484,6.547146307988251,11.298284465087924,10.995906222903194,9.007105764968875,10.486310931114003,7.261972047014753,11.100690211374198,9.11573429081456,7.67348426110721,8.560323986576453,13.904235449491768,9.689834894852783,11.231553685087423,10.966737113464484,6.457387819561703,8.628978345431554,10.023173915235626,10.731590986434044,9.685803750425812
2026-01-02 13:00:00,6.885924220714484,6.547146307988251,11.298284465087924,10.995906222903194,9.007105764968875,10.486310931114003,7.261972047014753,11.100690211374198,9.11573429081456,7.67348426110721,8.560323986576453,13.904235449491768,9.689834894852783,11.231553685087423,10.966737113464484,6.457387819561703,8.628978345431554,10.023173915235626,10.731590986434044,9.685803750425812
2026-01-02 14:00:00,6.885924220714484,6.547146307988251,11.298284465087924,10.995906222903194,9.007105764968875,10.486310931114003,7.261972047014753,11.100690211374198,9.11573429081456,7.67348426110721,8.560323986576453,13.904235449491768,9.689834894852783,11.231553685087423,10.966737113464484,6.457387819561703,8.628978345431554,10.023173915235626,10.731590986434044,9.685803750425812
2026-01-02 15:00:00,6.885924220714484,6.547146307988251,11.298284465087924,10.995906222903194,9.007105764968875,10.486310931114003,7.261972047014753,11.100690211374198,9.11573429081456,7.67348426110721,8.560323986576453,13.904235449491768,9.689834894852783,11.231553685087423,10.966737113464484,6.457387819561703,8.628978345431554,10.023173915235626,10.731590986434044,9.685803750425812
2026-01-02 16:00:00,6.885924220714484,6.547146307988251,11.298284465087924,10.995906222903194,9.007105764968875,10.486310931114003,7.261972047014753,11.100690211374198,9.11573429081456,7.67348426110721,8.560323986576453,13.904235449491768,9.689834894852783,11.231553685087423,10.966737113464484,6.457387819561703,8.628978345431554,10.023173915235626,10.731590986434044,9.685803750425812
2026-01-02 17:00:00,6.885924220714484,6.547146307988251,11.298284465087924,10.995906222903194,9.007105764968875,10.486310931114003,7.261972047014753,11.100690211374198,9.11573429081456,7.67348426110721,8.560323986576453,13.904235449491768,9.689834894852783,11.231553685087423,10.966737113464484,6.457387819561703,8.628978345431554,10.023173915235626,10.731590986434044,9.685803750425812
2026-01-02 18:00:00,6.885924220714484,6.547146307988251,11.298284465087924,10.995906222903194,9.007105764968875,10.486310931114003,7.261972047014753,11.100690211374198,9.11573429081456,7.67348426110721,8.560323986576453,13.904235449491768,9.689834894852783,11.231553685087423,10.966737113464484,6.457387819561703,8.628978345431554,10.023173915235626,10.731590986434044,9.685803750425812
2026-01-02 19:00:00,6.885924220714484,6.547146307988251,11.298284465087924,0.0,9.007105764968875,10.486310931114003,7.261972047014753,11.100690211374198,9.11573429081456,7.67348426110721,0.0,0.0,9.689834894852783,11.231553685087423,10.966737113464484,6.457387819561703,8.628978345431554,10.023173915235626,10.731590986434044,9.685803750425812
2026-01-02 20:00:00,0.0,0.0,0.0,0.0,0.0,10.486310931114003,7.261972047014753,0.0,9.11573429081456,7.67348426110721,0.0,0.0,9.689834894852783,11.231553685087423,10.966737113464484,6.457387819561703,0.0,10.023173915235626,10.731590986434044,9.685803750425812
2026-01-02 21:00:00,0.0,0.0,0.0,0.0,0.0,0.0,0.0,0.0,0.0,0.0,0.0,0.0,0.0,11.231553685087423,0.0,6.457387819561703,0.0,0.0,10.731590986434044,0.0
2026-01-02 22:00:00,0.0,0.0,0.0,0.0,0.0,0.0,0.0,0.0,0.0,0.0,0.0,0.0,0.0,11.231553685087423,0.0,0.0,0.0,0.0,0.0,0.0
2026-01-02 23:00:00,0.0,0.0,0.0,0.0,0.0,0.0,0.0,0.0,0.0,0.0,0.0,0.0,0.0,0.0,0.0,0.0,0.0,0.0,0.0,0.0
2026-01-03 00:00:00,0.0,0.0,0.0,0.0,0.0,0.0,0.0,0.0,0.0,0.0,0.0,0.0,0.0,0.0,0.0,0.0,0.0,0.0,0.0,0.0
2026-01-03 01:00:00,0.0,0.0,0.0,0.0,0.0,0.0,0.0,0.0,0.0,0.0,0.0,0.0,0.0,0.0,0.0,0.0,0.0,0.0,0.0,0.0
2026-01-03 02:00:00,0.0,0.0,0.0,0.0,0.0,0.0,0.0,0.0,0.0,0.0,0.0,0.0,0.0,0.0,0.0,0.0,0.0,0.0,0.0,0.0
2026-01-03 03:00:00,0.0,0.0,0.0,0.0,0.0,0.0,0.0,0.0,0.0,0.0,0.0,0.0,0.0,0.0,0.0,0.0,0.0,0.0,0.0,0.0
2026-01-03 04:00:00,0.0,0.0,0.0,0.0,0.0,0.0,0.0,0.0,0.0,0.0,0.0,0.0,0.0,0.0,0.0,0.0,0.0,0.0,0.0,0.0
2026-01-03 05:00:00,0.0,0.0,0.0,0.0,0.0,0.0,0.0,0.0,0.0,0.0,0.0,0.0,0.0,0.0,0.0,0.0,0.0,0.0,0.0,0.0
2026-01-03 06:00:00,0.0,0.0,0.0,0.0,0.0,0.0,0.0,0.0,0.0,0.0,0.0,0.0,0.0,0.0,0.0,0.0,0.0,0.0,0.0,0.0
2026-01-03 07:00:00,0.0,0.0,0.0,0.0,0.0,9.833135331012246,0.0,0.0,0.0,0.0,0.0,0.0,0.0,0.0,0.0,0.0,0.0,0.0,0.0,0.0
2026-01-03 08:00:00,5.907989437316106,0.0,4.5450333364715885,0.0,0.0,9.833135331012246,0.0,0.0,0.0,0.0,0.0,0.0,0.0,0.0,0.0,0.0,0.0,0.0,0.0,0.0
2026-01-03 09:00:00,5.907989437316106,9.477813475888437,4.5450333364715885,3.5848857497359896,0.0,9.833135331012246,7.80732455063238,0.0,0.0,0.0,0.0,0.0,0.0,0.0,5.726757825148845,6.776388509234959,6.8401443613369715,6.7996723818679055,0.0,5.528599830385045
2026-01-03 10:00:00,5.907989437316106,9.477813475888437,4.5450333364715885,3.5848857497359896,5.5318757827109994,9.833135331012246,7.80732455063238,6.38543263434295,0.0,2.893769176707486,0.0,6.33319167355553,8.32144729941159,4.701955335053816,5.726757825148845,6.776388509234959,6.8401443613369715,6.7996723818679055,0.0,5.528599830385045
2026-01-03 11:00:00,5.907989437316106,9.477813475888437,4.5450333364715885,3.5848857497359896,5.5318757827109994,9.833135331012246,7.80732455063238,6.38543263434295,0.0,2.893769176707486,6.991419515611974,6.33319167355553,8.32144729941159,4.701955335053816,5.726757825148845,6.776388509234959,6.8401443613369715,6.7996723818679055,5.607711604617556,5.528599830385045
2026-01-03 12:00:00,5.907989437316106,9.477813475888437,4.5450333364715885,3.5848857497359896,5.5318757827109994,9.833135331012246,7.80732455063238,6.38543263434295,4.768207208867067,2.893769176707486,6.991419515611974,6.33319167355553,8.32144729941159,4.701955335053816,5.726757825148845,6.776388509234959,6.8401443613369715,6.7996723818679055,5.607711604617556,5.528599830385045
2026-01-03 13:00:00,5.907989437316106,9.477813475888437,4.5450333364715885,3.5848857497359896,5.5318757827109994,9.833135331012246,7.80732455063238,6.38543263434295,4.768207208867067,2.893769176707486,6.991419515611974,6.33319167355553,8.32144729941159,4.701955335053816,5.726757825148845,6.776388509234959,6.8401443613369715,6.7996723818679055,5.607711604617556,5.528599830385045
2026-01-03 14:00:00,5.907989437316106,9.477813475888437,4.5450333364715885,3.5848857497359896,5.5318757827109994,9.833135331012246,7.80732455063238,6.38543263434295,4.768207208867067,2.893769176707486,6.991419515611974,6.33319167355553,8.32144729941159,4.701955335053816,5.726757825148845,6.776388509234959,6.8401443613369715,6.7996723818679055,5.607711604617556,5.528599830385045
2026-01-03 15:00:00,5.907989437316106,9.477813475888437,4.5450333364715885,3.5848857497359896,5.5318757827109994,9.833135331012246,7.80732455063238,6.38543263434295,4.768207208867067,2.893769176707486,6.991419515611974,6.33319167355553,8.32144729941159,4.701955335053816,5.726757825148845,6.776388509234959,6.8401443613369715,6.7996723818679055,5.607711604617556,5.528599830385045
2026-01-03 16:00:00,5.907989437316106,9.477813475888437,4.5450333364715885,3.5848857497359896,5.5318757827109994,9.833135331012246,7.80732455063238,6.38543263434295,4.768207208867067,2.893769176707486,6.991419515611974,6.33319167355553,8.32144729941159,4.701955335053816,5.726757825148845,6.776388509234959,6.8401443613369715,6.7996723818679055,5.607711604617556,5.528599830385045
2026-01-03 17:00:00,5.907989437316106,9.477813475888437,4.5450333364715885,3.5848857497359896,5.5318757827109994,9.833135331012246,7.80732455063238,6.38543263434295,4.768207208867067,2.893769176707486,6.991419515611974,6.33319167355553,8.32144729941159,4.701955335053816,5.726757825148845,6.776388509234959,6.8401443613369715,6.7996723818679055,5.607711604617556,5.528599830385045
2026-01-03 18:00:00,5.907989437316106,9.477813475888437,4.5450333364715885,3.5848857497359896,5.5318757827109994,9.833135331012246,7.80732455063238,6.38543263434295,4.768207208867067,2.893769176707486,6.991419515611974,6.33319167355553,8.32144729941159,4.701955335053816,5.726757825148845,6.776388509234959,6.8401443613369715,6.7996723818679055,5.607711604617556,5.528599830385045
2026-01-03 19:00:00,5.907989437316106,9.477813475888437,4.5450333364715885,3.5848857497359896,5.5318757827109994,9.833135331012246,7.80732455063238,6.38543263434295,4.768207208867067,2.893769176707486,6.991419515611974,6.33319167355553,8.32144729941159,4.701955335053816,5.726757825148845,6.776388509234959,6.8401443613369715,6.7996723818679055,5.607711604617556,5.528599830385045
2026-01-03 20:00:00,5.907989437316106,9.477813475888437,4.5450333364715885,0.0,5.5318757827109994,9.833135331012246,7.80732455063238,6.38543263434295,4.768207208867067,2.893769176707486,6.991419515611974,6.33319167355553,8.32144729941159,4.701955335053816,5.726757825148845,6.776388509234959,6.8401443613369715,6.7996723818679055,5.607711604617556,5.528599830385045
2026-01-03 21:00:00,0.0,9.477813475888437,4.5450333364715885,0.0,0.0,9.833135331012246,7.80732455063238,6.38543263434295,4.768207208867067,0.0,6.991419515611974,6.33319167355553,0.0,4.701955335053816,5.726757825148845,6.776388509234959,6.8401443613369715,0.0,5.607711604617556,0.0
2026-01-03 22:00:00,0.0,9.477813475888437,0.0,0.0,0.0,9.833135331012246,0.0,0.0,0.0,0.0,0.0,6.33319167355553,0.0,0.0,5.726757825148845,0.0,0.0,0.0,5.607711604617556,0.0
2026-01-03 23:00:00,0.0,0.0,0.0,0.0,0.0,0.0,0.0,0.0,0.0,0.0,0.0,0.0,0.0,0.0,0.0,0.0,0.0,0.0,0.0,0.0
2026-01-04 00:00:00,0.0,0.0,0.0,0.0,0.0,0.0,0.0,0.0,0.0,0.0,0.0,0.0,0.0,0.0,0.0,0.0,0.0,0.0,0.0,0.0
2026-01-04 01:00:00,0.0,0.0,0.0,0.0,0.0,0.0,0.0,0.0,0.0,0.0,0.0,0.0,0.0,0.0,0.0,0.0,0.0,0.0,0.0,0.0
2026-01-04 02:00:00,0.0,0.0,0.0,0.0,0.0,0.0,0.0,0.0,0.0,0.0,0.0,0.0,0.0,0.0,0.0,0.0,0.0,0.0,0.0,0.0
2026-01-04 03:00:00,0.0,0.0,0.0,0.0,0.0,0.0,0.0,0.0,0.0,0.0,0.0,0.0,0.0,0.0,0.0,0.0,0.0,0.0,0.0,0.0
2026-01-04 04:00:00,0.0,0.0,0.0,0.0,0.0,0.0,0.0,0.0,0.0,0.0,0.0,0.0,0.0,0.0,0.0,0.0,0.0,0.0,0.0,0.0
2026-01-04 05:00:00,0.0,0.0,0.0,0.0,0.0,0.0,0.0,0.0,0.0,0.0,0.0,0.0,0.0,0.0,0.0,0.0,0.0,0.0,0.0,0.0
2026-01-04 06:00:00,0.0,0.0,0.0,0.0,0.0,0.0,0.0,0.0,0.0,0.0,0.0,0.0,0.0,0.0,0.0,0.0,0.0,0.0,0.0,0.0
2026-01-04 07:00:00,0.0,0.0,0.0,0.0,0.0,0.0,0.0,0.0,0.0,3.1004323018398967,0.0,0.0,0.0,6.682524389407984,0.0,0.0,0.0,7.280719272106104,0.0,0.0
2026-01-04 08:00:00,0.0,0.0,0.0,0.0,0.0,0.0,4.099173560820454,6.796928835428174,7.039776039444588,3.1004323018398967,0.0,0.0,0.0,6.682524389407984,0.0,0.0,0.0,7.280719272106104,0.0,0.0
2026-01-04 09:00:00,0.0,0.0,2.93602147156851,3.291755797542757,3.4923551628886336,5.419875477673032,4.099173560820454,6.796928835428174,7.039776039444588,3.1004323018398967,0.0,0.0,0.0,6.682524389407984,5.230150983258837,7.813294888181978,6.060171356343383,7.280719272106104,5.83156672733965,12.367735549430398
2026-01-04 10:00:00,7.650538190519108,5.9314157714855344,2.93602147156851,3.291755797542757,3.4923551628886336,5.419875477673032,4.099173560820454,6.796928835428174,7.039776039444588,3.1004323018398967,0.0,6.6876479711824395,2.8507035822621,6.682524389407984,5.230150983258837,7.813294888181978,6.060171356343383,7.280719272106104,5.83156672733965,12.367735549430398
2026-01-04 11:00:00,7.650538190519108,5.9314157714855344,2.93602147156851,3.291755797542757,3.4923551628886336,5.419875477673032,4.099173560820454,6.796928835428174,7.039776039444588,3.1004323018398967,6.792161070265828,6.6876479711824395,2.8507035822621,6.682524389407984,5.230150983258837,7.813294888181978,6.060171356343383,7.280719272106104,5.83156672733965,12.367735549430398
2026-01-04 12:00:00,7.650538190519108,5.9314157714855344,2.93602147156851,3.291755797542757,3.4923551628886336,5.419875477673032,4.099173560820454,6.796928835428174,7.039776039444588,3.1004323018398967,6.792161070265828,6.6876479711824395,2.8507035822621,6.682524389407984,5.230150983258837,7.813294888181978,6.060171356343383,7.280719272106104,5.83156672733965,12.367735549430398
2026-01-04 13:00:00,7.650538190519108,5.9314157714855344,2.93602147156851,3.291755797542757,3.4923551628886336,5.419875477673032,4.099173560820454,6.796928835428174,7.039776039444588,3.1004323018398967,6.792161070265828,6.6876479711824395,2.8507035822621,6.682524389407984,5.230150983258837,7.813294888181978,6.060171356343383,7.280719272106104,5.83156672733965,12.367735549430398
2026-01-04 14:00:00,7.650538190519108,5.9314157714855344,2.93602147156851,3.291755797542757,3.4923551628886336,5.419875477673032,4.099173560820454,6.796928835428174,7.039776039444588,3.1004323018398967,6.792161070265828,6.6876479711824395,2.8507035822621,6.682524389407984,5.230150983258837,7.813294888181978,6.060171356343383,7.280719272106104,5.83156672733965,12.367735549430398
2026-01-04 15:00:00,7.650538190519108,5.9314157714855344,2.93602147156851,3.291755797542757,3.4923551628886336,5.419875477673032,4.099173560820454,6.796928835428174,7.039776039444588,3.1004323018398967,6.792161070265828,6.6876479711824395,2.8507035822621,6.682524389407984,5.230150983258837,7.813294888181978,6.060171356343383,7.280719272106104,5.83156672733965,12.367735549430398
2026-01-04 16:00:00,7.650538190519108,5.9314157714855344,2.93602147156851,3.291755797542757,3.4923551628886336,5.419875477673032,4.099173560820454,6.796928835428174,7.039776039444588,3.1004323018398967,6.792161070265828,6.6876479711824395,2.8507035822621,6.682524389407984,5.230150983258837,7.813294888181978,6.060171356343383,7.280719272106104,5.83156672733965,12.367735549430398
2026-01-04 17:00:00,7.650538190519108,5.9314157714855344,2.93602147156851,3.291755797542757,3.4923551628886336,5.419875477673032,4.099173560820454,6.796928835428174,7.039776039444588,3.1004323018398967,6.792161070265828,6.6876479711824395,2.8507035822621,6.682524389407984,5.230150983258837,7.813294888181978,6.060171356343383,7.280719272106104,5.83156672733965,12.367735549430398
2026-01-04 18:00:00,7.650538190519108,5.9314157714855344,2.93602147156851,3.291755797542757,3.4923551628886336,5.419875477673032,4.099173560820454,6.796928835428174,7.039776039444588,3.1004323018398967,6.792161070265828,6.6876479711824395,2.8507035822621,6.682524389407984,5.230150983258837,7.813294888181978,6.060171356343383,7.280719272106104,5.83156672733965,12.367735549430398
2026-01-04 19:00:00,7.650538190519108,5.9314157714855344,2.93602147156851,3.291755797542757,3.4923551628886336,5.419875477673032,4.099173560820454,6.796928835428174,7.039776039444588,3.1004323018398967,6.792161070265828,6.6876479711824395,2.8507035822621,6.682524389407984,5.230150983258837,7.813294888181978,6.060171356343383,7.280719272106104,5.83156672733965,12.367735549430398
2026-01-04 20:00:00,7.650538190519108,0.0,2.93602147156851,3.291755797542757,3.4923551628886336,5.419875477673032,4.099173560820454,6.796928835428174,7.039776039444588,3.1004323018398967,6.792161070265828,6.6876479711824395,2.8507035822621,6.682524389407984,5.230150983258837,7.813294888181978,6.060171356343383,0.0,0.0,12.367735549430398
2026-01-04 21:00:00,0.0,0.0,2.93602147156851,3.291755797542757,3.4923551628886336,5.419875477673032,0.0,0.0,7.039776039444588,0.0,6.792161070265828,6.6876479711824395,2.8507035822621,6.682524389407984,5.230150983258837,0.0,6.060171356343383,0.0,0.0,0.0
2026-01-04 22:00:00,0.0,0.0,2.93602147156851,3.291755797542757,3.4923551628886336,5.419875477673032,0.0,0.0,7.039776039444588,0.0,0.0,0.0,2.8507035822621,6.682524389407984,0.0,0.0,0.0,0.0,0.0,0.0
2026-01-04 23:00:00,0.0,0.0,0.0,0.0,0.0,0.0,0.0,0.0,0.0,0.0,0.0,0.0,0.0,0.0,0.0,0.0,0.0,0.0,0.0,0.0
2026-01-05 00:00:00,0.0,0.0,0.0,0.0,0.0,0.0,0.0,0.0,0.0,0.0,0.0,0.0,0.0,0.0,0.0,0.0,0.0,0.0,0.0,0.0
2026-01-05 01:00:00,0.0,0.0,0.0,0.0,0.0,0.0,0.0,0.0,0.0,0.0,0.0,0.0,0.0,0.0,0.0,0.0,0.0,0.0,0.0,0.0
2026-01-05 02:00:00,0.0,0.0,0.0,0.0,0.0,0.0,0.0,0.0,0.0,0.0,0.0,0.0,0.0,0.0,0.0,0.0,0.0,0.0,0.0,0.0
2026-01-05 03:00:00,0.0,0.0,0.0,0.0,0.0,0.0,0.0,0.0,0.0,0.0,0.0,0.0,0.0,0.0,0.0,0.0,0.0,0.0,0.0,0.0
2026-01-05 04:00:00,0.0,0.0,0.0,0.0,0.0,0.0,0.0,0.0,0.0,0.0,0.0,0.0,0.0,0.0,0.0,0.0,0.0,0.0,0.0,0.0
2026-01-05 05:00:00,0.0,0.0,0.0,0.0,0.0,0.0,0.0,0.0,0.0,0.0,0.0,0.0,0.0,0.0,0.0,0.0,0.0,0.0,0.0,0.0
2026-01-05 06:00:00,0.0,0.0,0.0,0.0,0.0,0.0,0.0,0.0,0.0,0.0,0.0,0.0,0.0,0.0,0.0,0.0,8.617873802886256,0.0,0.0,0.0
2026-01-05 07:00:00,0.0,0.0,0.0,0.0,11.214049550462477,0.0,0.0,0.0,0.0,0.0,0.0,0.0,0.0,0.0,0.0,0.0,8.617873802886256,0.0,0.0,0.0
2026-01-05 08:00:00,0.0,0.0,0.0,0.0,11.214049550462477,0.0,8.848685134383059,10.485830529565794,6.4122311079522305,10.634131011665932,0.0,0.0,7.759126130399545,0.0,0.0,0.0,8.617873802886256,0.0,10.846778763960597,10.568085177381889
2026-01-05 09:00:00,0.0,0.0,12.802336470449186,9.338522674986566,11.214049550462477,10.807450930850736,8.848685134383059,10.485830529565794,6.4122311079522305,10.634131011665932,0.0,8.296326607423504,7.759126130399545,0.0,9.212322699006732,8.456681953423654,8.617873802886256,9.421067280881186,10.846778763960597,10.568085177381889
2026-01-05 10:00:00,10.638173761313926,14.947945191438587,12.802336470449186,9.338522674986566,11.214049550462477,10.807450930850736,8.848685134383059,10.485830529565794,6.4122311079522305,10.634131011665932,10.020133275636068,8.296326607423504,7.759126130399545,12.987699658326447,9.212322699006732,8.456681953423654,8.617873802886256,9.421067280881186,10.846778763960597,10.568085177381889
2026-01-05 11:00:00,10.638173761313926,14.947945191438587,12.802336470449186,9.338522674986566,11.214049550462477,10.807450930850736,8.848685134383059,10.485830529565794,6.4122311079522305,10.634131011665932,10.020133275636068,8.296326607423504,7.759126130399545,12.987699658326447,9.212322699006732,8.456681953423654,8.617873802886256,9.421067280881186,10.846778763960597,10.568085177381889
2026-01-05 12:00:00,10.638173761313926,14.947945191438587,12.802336470449186,9.338522674986566,11.214049550462477,10.807450930850736,8.848685134383059,10.485830529565794,6.4122311079522305,10.634131011665932,10.020133275636068,8.296326607423504,7.759126130399545,12.987699658326447,9.212322699006732,8.456681953423654,8.617873802886256,9.421067280881186,10.846778763960597,10.568085177381889
2026-01-05 13:00:00,10.638173761313926,14.947945191438587,12.802336470449186,9.338522674986566,11.214049550462477,10.807450930850736,8.848685134383059,10.485830529565794,6.4122311079522305,10.634131011665932,10.020133275636068,8.296326607423504,7.759126130399545,12.987699658326447,9.212322699006732,8.456681953423654,8.617873802886256,9.421067280881186,10.846778763960597,10.568085177381889
2026-01-05 14:00:00,10.638173761313926,14.947945191438587,12.802336470449186,9.338522674986566,11.214049550462477,10.807450930850736,8.848685134383059,10.485830529565794,6.4122311079522305,10.634131011665932,10.020133275636068,8.296326607423504,7.759126130399545,12.987699658326447,9.212322699006732,8.456681953423654,8.617873802886256,9.421067280881186,10.846778763960597,10.568085177381889
2026-01-05 15:00:00,10.638173761313926,14.947945191438587,12.802336470449186,9.338522674986566,11.214049550462477,10.807450930850736,8.848685134383059,10.485830529565794,6.4122311079522305,10.634131011665932,10.020133275636068,8.296326607423504,7.759126130399545,12.987699658326447,9.212322699006732,8.456681953423654,8.617873802886256,9.421067280881186,10.846778763960597,10.568085177381889
2026-01-05 16:00:00,10.638173761313926,14.947945191438587,12.802336470449186,9.338522674986566,11.214049550462477,10.807450930850736,8.848685134383059,10.485830529565794,6.4122311079522305,10.634131011665932,10.020133275636068,8.296326607423504,7.759126130399545,12.987699658326447,9.212322699006732,8.456681953423654,8.617873802886256,9.421067280881186,10.846778763960597,10.568085177381889
2026-01-05 17:00:00,10.638173761313926,14.947945191438587,12.802336470449186,9.338522674986566,11.214049550462477,10.807450930850736,8.848685134383059,10.485830529565794,6.4122311079522305,10.634131011665932,10.020133275636068,8.296326607423504,7.759126130399545,12.987699658326447,9.212322699006732,8.456681953423654,8.617873802886256,9.421067280881186,10.846778763960597,10.568085177381889
2026-01-05 18:00:00,10.638173761313926,14.947945191438587,12.802336470449186,9.338522674986566,11.214049550462477,10.807450930850736,8.848685134383059,10.485830529565794,6.4122311079522305,10.634131011665932,10.020133275636068,8.296326607423504,7.759126130399545,12.987699658326447,9.212322699006732,8.456681953423654,8.617873802886256,9.421067280881186,10.846778763960597,10.568085177381889
2026-01-05 19:00:00,10.638173761313926,0.0,12.802336470449186,9.338522674986566,11.214049550462477,10.807450930850736,8.848685134383059,10.485830529565794,6.4122311079522305,10.634131011665932,10.020133275636068,8.296326607423504,7.759126130399545,12.987699658326447,9.212322699006732,8.456681953423654,8.617873802886256,9.421067280881186,10.846778763960597,10.568085177381889
2026-01-05 20:00:00,10.638173761313926,0.0,12.802336470449186,0.0,11.214049550462477,10.807450930850736,0.0,10.485830529565794,6.4122311079522305,0.0,10.020133275636068,8.296326607423504,7.759126130399545,12.987699658326447,9.212322699006732,8.456681953423654,8.617873802886256,0.0,10.846778763960597,10.568085177381889
2026-01-05 21:00:00,10.638173761313926,0.0,12.802336470449186,0.0,0.0,10.807450930850736,0.0,0.0,0.0,0.0,10.020133275636068,0.0,0.0,0.0,0.0,0.0,8.617873802886256,0.0,10.846778763960597,10.568085177381889
2026-01-05 22:00:00,0.0,0.0,0.0,0.0,0.0,0.0,0.0,0.0,0.0,0.0,0.0,0.0,0.0,0.0,0.0,0.0,8.617873802886256,0.0,0.0,0.0
2026-01-05 23:00:00,0.0,0.0,0.0,0.0,0.0,0.0,0.0,0.0,0.0,0.0,0.0,0.0,0.0,0.0,0.0,0.0,0.0,0.0,0.0,0.0
2026-01-06 00:00:00,0.0,0.0,0.0,0.0,0.0,0.0,0.0,0.0,0.0,0.0,0.0,0.0,0.0,0.0,0.0,0.0,0.0,0.0,0.0,0.0
2026-01-06 01:00:00,0.0,0.0,0.0,0.0,0.0,0.0,0.0,0.0,0.0,0.0,0.0,0.0,0.0,0.0,0.0,0.0,0.0,0.0,0.0,0.0
2026-01-06 02:00:00,0.0,0.0,0.0,0.0,0.0,0.0,0.0,0.0,0.0,0.0,0.0,0.0,0.0,0.0,0.0,0.0,0.0,0.0,0.0,0.0
2026-01-06 03:00:00,0.0,0.0,0.0,0.0,0.0,0.0,0.0,0.0,0.0,0.0,0.0,0.0,0.0,0.0,0.0,0.0,0.0,0.0,0.0,0.0
2026-01-06 04:00:00,0.0,0.0,0.0,0.0,0.0,0.0,0.0,0.0,0.0,0.0,0.0,0.0,0.0,0.0,0.0,0.0,0.0,0.0,0.0,0.0
2026-01-06 05:00:00,0.0,0.0,0.0,0.0,0.0,0.0,0.0,0.0,0.0,0.0,0.0,0.0,0.0,0.0,0.0,0.0,0.0,0.0,0.0,0.0
2026-01-06 06:00:00,0.0,0.0,0.0,0.0,0.0,0.0,0.0,0.0,0.0,0.0,0.0,0.0,0.0,0.0,0.0,7.572578198796887,0.0,0.0,0.0,0.0
2026-01-06 07:00:00,0.0,0.0,7.130103500762742,0.0,0.0,0.0,0.0,0.0,6.185553774454163,0.0,9.353212830802361,0.0,0.0,0.0,0.0,7.572578198796887,0.0,7.714550262431335,0.0,0.0
2026-01-06 08:00:00,0.0,0.0,7.130103500762742,12.710670513387395,0.0,0.0,9.93210620421884,0.0,6.185553774454163,0.0,9.353212830802361,9.222584841354719,0.0,0.0,0.0,7.572578198796887,0.0,7.714550262431335,0.0,0.0
2026-01-06 09:00:00,8.272371770676534,0.0,7.130103500762742,12.710670513387395,0.0,0.0,9.93210620421884,9.981585261151128,6.185553774454163,12.077941988108163,9.353212830802361,9.222584841354719,13.291000231248345,8.517319153641841,13.54287805104408,7.572578198796887,8.17042170768473,7.714550262431335,0.0,10.680634639973745
2026-01-06 10:00:00,8.272371770676534,8.362012083615898,7.130103500762742,12.710670513387395,8.11524177219401,10.72857036269561,9.93210620421884,9.981585261151128,6.185553774454163,12.077941988108163,9.353212830802361,9.222584841354719,13.291000231248345,8.517319153641841,13.54287805104408,7.572578198796887,8.17042170768473,7.714550262431335,11.987155660824135,10.680634639973745
2026-01-06 11:00:00,8.272371770676534,8.362012083615898,7.130103500762742,12.710670513387395,8.11524177219401,10.72857036269561,9.93210620421884,9.981585261151128,6.185553774454163,12.077941988108163,9.353212830802361,9.222584841354719,13.291000231248345,8.517319153641841,13.54287805104408,7.572578198796887,8.17042170768473,7.714550262431335,11.987155660824135,10.680634639973745
2026-01-06 12:00:00,8.272371770676534,8.362012083615898,7.130103500762742,12.710670513387395,8.11524177219401,10.72857036269561,9.93210620421884,9.981585261151128,6.185553774454163,12.077941988108163,9.353212830802361,9.222584841354719,13.291000231248345,8.517319153641841,13.54287805104408,7.572578198796887,8.17042170768473,7.714550262431335,11.987155660824135,10.680634639973745
2026-01-06 13:00:00,8.272371770676534,8.362012083615898,7.130103500762742,12.710670513387395,8.11524177219401,10.72857036269561,9.93210620421884,9.981585261151128,6.185553774454163,12.077941988108163,9.353212830802361,9.222584841354719,13.291000231248345,8.517319153641841,13.54287805104408,7.572578198796887,8.17042170768473,7.714550262431335,11.987155660824135,10.680634639973745
2026-01-06 14:00:00,8.272371770676534,8.362012083615898,7.130103500762742,12.710670513387395,8.11524177219401,10.72857036269561,9.93210620421884,9.981585261151128,6.185553774454163,12.077941988108163,9.353212830802361,9.222584841354719,13.291000231248345,8.517319153641841,13.54287805104408,7.572578198796887,8.17042170768473,7.714550262431335,11.987155660824135,10.680634639973745
2026-01-06 15:00:00,8.272371770676534,8.362012083615898,7.130103500762742,12.710670513387395,8.11524177219401,10.72857036269561,9.93210620421884,9.981585261151128,6.185553774454163,12.077941988108163,9.353212830802361,9.222584841354719,13.291000231248345,8.517319153641841,13.54287805104408,7.572578198796887,8.17042170768473,7.714550262431335,11.987155660824135,10.680634639973745
2026-01-06 16:00:00,8.272371770676534,8.362012083615898,7.130103500762742,12.710670513387395,8.11524177219401,10.72857036269561,9.93210620421884,9.981585261151128,6.185553774454163,12.077941988108163,9.353212830802361,9.222584841354719,13.291000231248345,8.517319153641841,13.54287805104408,7.572578198796887,8.17042170768473,7.714550262431335,11.987155660824135,10.680634639973745
2026-01-06 17:00:00,8.272371770676534,8.362012083615898,7.130103500762742,12.710670513387395,8.11524177219401,10.72857036269561,9.93210620421884,9.981585261151128,6.185553774454163,12.077941988108163,9.353212830802361,9.222584841354719,13.291000231248345,8.517319153641841,13.54287805104408,7.572578198796887,8.17042170768473,7.714550262431335,11.987155660824135,10.680634639973745
2026-01-06 18:00:00,8.272371770676534,8.362012083615898,7.130103500762742,12.710670513387395,8.11524177219401,10.72857036269561,9.93210620421884,9.981585261151128,6.185553774454163,12.077941988108163,9.353212830802361,9.222584841354719,13.291000231248345,8.517319153641841,13.54287805104408,7.572578198796887,8.17042170768473,7.714550262431335,11.987155660824135,10.680634639973745
2026-01-06 19:00:00,8.272371770676534,8.362012083615898,7.130103500762742,12.710670513387395,8.11524177219401,10.72857036269561,9.93210620421884,9.981585261151128,6.185553774454163,12.077941988108163,9.353212830802361,9.222584841354719,13.291000231248345,8.517319153641841,0.0,7.572578198796887,8.17042170768473,7.714550262431335,11.987155660824135,10.680634639973745
2026-01-06 20:00:00,8.272371770676534,8.362012083615898,7.130103500762742,0.0,8.11524177219401,10.72857036269561,9.93210620421884,9.981585261151128,6.185553774454163,0.0,0.0,9.222584841354719,0.0,8.517319153641841,0.0,7.572578198796887,8.17042170768473,7.714550262431335,11.987155660824135,0.0
2026-01-06 21:00:00,0.0,0.0,0.0,0.0,8.11524177219401,0.0,9.93210620421884,9.981585261151128,6.185553774454163,0.0,0.0,0.0,0.0,0.0,0.0,7.572578198796887,0.0,7.714550262431335,11.987155660824135,0.0
2026-01-06 22:00:00,0.0,0.0,0.0,0.0,0.0,0.0,0.0,9.981585261151128,6.185553774454163,0.0,0.0,0.0,0.0,0.0,0.0,0.0,0.0,0.0,0.0,0.0
2026-01-06 23:00:00,0.0,0.0,0.0,0.0,0.0,0.0,0.0,0.0,0.0,0.0,0.0,0.0,0.0,0.0,0.0,0.0,0.0,0.0,0.0,0.0
2026-01-07 00:00:00,0.0,0.0,0.0,0.0,0.0,0.0,0.0,0.0,0.0,0.0,0.0,0.0,0.0,0.0,0.0,0.0,0.0,0.0,0.0,0.0
2026-01-07 01:00:00,0.0,0.0,0.0,0.0,0.0,0.0,0.0,0.0,0.0,0.0,0.0,0.0,0.0,0.0,0.0,0.0,0.0,0.0,0.0,0.0
2026-01-07 02:00:00,0.0,0.0,0.0,0.0,0.0,0.0,0.0,0.0,0.0,0.0,0.0,0.0,0.0,0.0,0.0,0.0,0.0,0.0,0.0,0.0
2026-01-07 03:00:00,0.0,0.0,0.0,0.0,0.0,0.0,0.0,0.0,0.0,0.0,0.0,0.0,0.0,0.0,0.0,0.0,0.0,0.0,0.0,0.0
2026-01-07 04:00:00,0.0,0.0,0.0,0.0,0.0,0.0,0.0,0.0,0.0,0.0,0.0,0.0,0.0,0.0,0.0,0.0,0.0,0.0,0.0,0.0
2026-01-07 05:00:00,0.0,0.0,0.0,0.0,0.0,0.0,0.0,0.0,0.0,0.0,0.0,0.0,0.0,0.0,0.0,0.0,0.0,0.0,0.0,0.0
2026-01-07 06:00:00,0.0,0.0,0.0,0.0,0.0,0.0,0.0,0.0,0.0,0.0,0.0,0.0,0.0,0.0,0.0,0.0,0.0,0.0,0.0,0.0
2026-01-07 07:00:00,0.0,0.0,0.0,0.0,0.0,0.0,8.291939892865155,0.0,0.0,0.0,0.0,0.0,0.0,0.0,0.0,6.883450015792416,0.0,9.441478498027532,0.0,0.0
2026-01-07 08:00:00,0.0,0.0,13.125998310988896,0.0,0.0,7.4615705616390455,8.291939892865155,10.308110129701609,0.0,6.7643350704887935,0.0,0.0,0.0,0.0,0.0,6.883450015792416,9.05827001433347,9.441478498027532,0.0,0.0
2026-01-07 09:00:00,7.453872744403372,13.591667136787171,13.125998310988896,0.0,0.0,7.4615705616390455,8.291939892865155,10.308110129701609,12.105741222790074,6.7643350704887935,9.384237106260535,8.752808774503912,10.807448950775637,11.160323319351905,10.217151782598851,6.883450015792416,9.05827001433347,9.441478498027532,7.586130878413588,0.0
2026-01-07 10:00:00,7.453872744403372,13.591667136787171,13.125998310988896,10.356157471277688,10.831852277759914,7.4615705616390455,8.291939892865155,10.308110129701609,12.105741222790074,6.7643350704887935,9.384237106260535,8.752808774503912,10.807448950775637,11.160323319351905,10.217151782598851,6.883450015792416,9.05827001433347,9.441478498027532,7.586130878413588,15.42565825304329
2026-01-07 11:00:00,7.453872744403372,13.591667136787171,13.125998310988896,10.356157471277688,10.831852277759914,7.4615705616390455,8.291939892865155,10.308110129701609,12.105741222790074,6.7643350704887935,9.384237106260535,8.752808774503912,10.807448950775637,11.160323319351905,10.217151782598851,6.883450015792416,9.05827001433347,9.441478498027532,7.586130878413588,15.42565825304329
2026-01-07 12:00:00,7.453872744403372,13.591667136787171,13.125998310988896,10.356157471277688,10.831852277759914,7.4615705616390455,8.291939892865155,10.308110129701609,12.105741222790074,6.7643350704887935,9.384237106260535,8.752808774503912,10.807448950775637,11.160323319351905,10.217151782598851,6.883450015792416,9.05827001433347,9.441478498027532,7.586130878413588,15.42565825304329
2026-01-07 13:00:00,7.453872744403372,13.591667136787171,13.125998310988896,10.356157471277688,10.831852277759914,7.4615705616390455,8.291939892865155,10.308110129701609,12.105741222790074,6.7643350704887935,9.384237106260535,8.752808774503912,10.807448950775637,11.160323319351905,10.217151782598851,6.883450015792416,9.05827001433347,9.441478498027532,7.586130878413588,15.42565825304329
2026-01-07 14:00:00,7.453872744403372,13.591667136787171,13.125998310988896,10.356157471277688,10.831852277759914,7.4615705616390455,8.291939892865155,10.308110129701609,12.105741222790074,6.7643350704887935,9.384237106260535,8.752808774503912,10.807448950775637,11.160323319351905,10.217151782598851,6.883450015792416,9.05827001433347,9.441478498027532,7.586130878413588,15.42565825304329
2026-01-07 15:00:00,7.453872744403372,13.591667136787171,13.125998310988896,10.356157471277688,10.831852277759914,7.4615705616390455,8.291939892865155,10.308110129701609,12.105741222790074,6.7643350704887935,9.384237106260535,8.752808774503912,10.807448950775637,11.160323319351905,10.217151782598851,6.883450015792416,9.05827001433347,9.441478498027532,7.586130878413588,15.42565825304329
2026-01-07 16:00:00,7.453872744403372,13.591667136787171,13.125998310988896,10.356157471277688,10.831852277759914,7.4615705616390455,8.291939892865155,10.308110129701609,12.105741222790074,6.7643350704887935,9.384237106260535,8.752808774503912,10.807448950775637,11.160323319351905,10.217151782598851,6.883450015792416,9.05827001433347,9.441478498027532,7.586130878413588,15.42565825304329
2026-01-07 17:00:00,7.453872744403372,13.591667136787171,13.125998310988896,10.356157471277688,10.831852277759914,7.4615705616390455,8.291939892865155,10.308110129701609,12.105741222790074,6.7643350704887935,9.384237106260535,8.752808774503912,10.807448950775637,11.160323319351905,10.217151782598851,6.883450015792416,9.05827001433347,9.441478498027532,7.586130878413588,15.42565825304329
2026-01-07 18:00:00,7.453872744403372,13.591667136787171,13.125998310988896,10.356157471277688,10.831852277759914,7.4615705616390455,8.291939892865155,10.308110129701609,12.105741222790074,6.7643350704887935,9.384237106260535,8.752808774503912,10.807448950775637,11.160323319351905,10.217151782598851,6.883450015792416,9.05827001433347,9.441478498027532,7.586130878413588,15.42565825304329
2026-01-07 19:00:00,7.453872744403372,0.0,13.125998310988896,10.356157471277688,10.831852277759914,7.4615705616390455,8.291939892865155,10.308110129701609,12.105741222790074,6.7643350704887935,9.384237106260535,8.752808774503912,10.807448950775637,11.160323319351905,10.217151782598851,6.883450015792416,9.05827001433347,9.441478498027532,7.586130878413588,0.0
2026-01-07 20:00:00,7.453872744403372,0.0,0.0,10.356157471277688,10.831852277759914,0.0,8.291939892865155,0.0,0.0,6.7643350704887935,9.384237106260535,8.752808774503912,10.807448950775637,11.160323319351905,10.217151782598851,6.883450015792416,9.05827001433347,0.0,7.586130878413588,0.0
2026-01-07 21:00:00,0.0,0.0,0.0,10.356157471277688,10.831852277759914,0.0,0.0,0.0,0.0,6.7643350704887935,9.384237106260535,8.752808774503912,0.0,0.0,10.217151782598851,6.883450015792416,9.05827001433347,0.0,7.586130878413588,0.0
2026-01-07 22:00:00,0.0,0.0,0.0,0.0,0.0,0.0,0.0,0.0,0.0,0.0,0.0,0.0,0.0,0.0,0.0,0.0,0.0,0.0,0.0,0.0
2026-01-07 23:00:00,0.0,0.0,0.0,0.0,0.0,0.0,0.0,0.0,0.0,0.0,0.0,0.0,0.0,0.0,0.0,0.0,0.0,0.0,0.0,0.0
2026-01-08 00:00:00,0.0,0.0,0.0,0.0,0.0,0.0,0.0,0.0,0.0,0.0,0.0,0.0,0.0,0.0,0.0,0.0,0.0,0.0,0.0,0.0
2026-01-08 01:00:00,0.0,0.0,0.0,0.0,0.0,0.0,0.0,0.0,0.0,0.0,0.0,0.0,0.0,0.0,0.0,0.0,0.0,0.0,0.0,0.0
2026-01-08 02:00:00,0.0,0.0,0.0,0.0,0.0,0.0,0.0,0.0,0.0,0.0,0.0,0.0,0.0,0.0,0.0,0.0,0.0,0.0,0.0,0.0
2026-01-08 03:00:00,0.0,0.0,0.0,0.0,0.0,0.0,0.0,0.0,0.0,0.0,0.0,0.0,0.0,0.0,0.0,0.0,0.0,0.0,0.0,0.0
2026-01-08 04:00:00,0.0,0.0,0.0,0.0,0.0,0.0,0.0,0.0,0.0,0.0,0.0,0.0,0.0,0.0,0.0,0.0,0.0,0.0,0.0,0.0
2026-01-08 05:00:00,0.0,0.0,0.0,0.0,0.0,0.0,0.0,0.0,0.0,0.0,0.0,0.0,0.0,0.0,0.0,0.0,0.0,0.0,0.0,0.0
2026-01-08 06:00:00,0.0,0.0,0.0,0.0,0.0,0.0,0.0,0.0,0.0,0.0,0.0,0.0,0.0,0.0,0.0,0.0,0.0,0.0,0.0,0.0
2026-01-08 07:00:00,0.0,0.0,0.0,0.0,7.161188560358459,0.0,10.101422468291736,0.0,11.980486536514043,0.0,0.0,0.0,0.0,0.0,9.581694634049583,0.0,0.0,0.0,0.0,6.938202560130444
2026-01-08 08:00:00,0.0,8.514915909248279,8.694334272246442,6.593476748771999,7.161188560358459,0.0,10.101422468291736,10.908347278993274,11.980486536514043,6.424926029224779,13.303211142996823,9.418857920519738,8.214771159668256,0.0,9.581694634049583,10.621825189430298,10.423720298874859,10.705543837255233,0.0,6.938202560130444
2026-01-08 09:00:00,0.0,8.514915909248279,8.694334272246442,6.593476748771999,7.161188560358459,9.176705360236893,10.101422468291736,10.908347278993274,11.980486536514043,6.424926029224779,13.303211142996823,9.418857920519738,8.214771159668256,8.28258694340294,9.581694634049583,10.621825189430298,10.423720298874859,10.705543837255233,8.368506546617848,6.938202560130444
2026-01-08 10:00:00,0.0,8.514915909248279,8.694334272246442,6.593476748771999,7.161188560358459,9.176705360236893,10.101422468291736,10.908347278993274,11.980486536514043,6.424926029224779,13.303211142996823,9.418857920519738,8.214771159668256,8.28258694340294,9.581694634049583,10.621825189430298,10.423720298874859,10.705543837255233,8.368506546617848,6.938202560130444
2026-01-08 11:00:00,11.824549199685796,8.514915909248279,8.694334272246442,6.593476748771999,7.161188560358459,9.176705360236893,10.101422468291736,10.908347278993274,11.980486536514043,6.424926029224779,13.303211142996823,9.418857920519738,8.214771159668256,8.28258694340294,9.581694634049583,10.621825189430298,10.423720298874859,10.705543837255233,8.368506546617848,6.938202560130444
2026-01-08 12:00:00,11.824549199685796,8.514915909248279,8.694334272246442,6.593476748771999,7.161188560358459,9.176705360236893,10.101422468291736,10.908347278993274,11.980486536514043,6.424926029224779,13.303211142996823,9.418857920519738,8.214771159668256,8.28258694340294,9.581694634049583,10.621825189430298,10.423720298874859,10.705543837255233,8.368506546617848,6.938202560130444
2026-01-08 13:00:00,11.824549199685796,8.514915909248279,8.694334272246442,6.593476748771999,7.161188560358459,9.176705360236893,10.101422468291736,10.908347278993274,11.980486536514043,6.424926029224779,13.303211142996823,9.418857920519738,8.214771159668256,8.28258694340294,9.581694634049583,10.621825189430298,10.423720298874859,10.705543837255233,8.368506546617848,6.938202560130444
2026-01-08 14:00:00,11.824549199685796,8.514915909248279,8.694334272246442,6.593476748771999,7.161188560358459,9.176705360236893,10.101422468291736,10.908347278993274,11.980486536514043,6.424926029224779,13.303211142996823,9.418857920519738,8.214771159668256,8.28258694340294,9.581694634049583,10.621825189430298,10.423720298874859,10.705543837255233,8.368506546617848,6.938202560130444
2026-01-08 15:00:00,11.824549199685796,8.514915909248279,8.694334272246442,6.593476748771999,7.161188560358459,9.176705360236893,10.101422468291736,10.908347278993274,11.980486536514043,6.424926029224779,13.303211142996823,9.418857920519738,8.214771159668256,8.28258694340294,9.581694634049583,10.621825189430298,10.423720298874859,10.705543837255233,8.368506546617848,6.938202560130444
2026-01-08 16:00:00,11.824549199685796,8.514915909248279,8.694334272246442,6.593476748771999,7.161188560358459,9.176705360236893,10.101422468291736,10.908347278993274,11.980486536514043,6.424926029224779,13.303211142996823,9.418857920519738,8.214771159668256,8.28258694340294,9.581694634049583,10.621825189430298,10.423720298874859,10.705543837255233,8.368506546617848,6.938202560130444
2026-01-08 17:00:00,11.824549199685796,8.514915909248279,8.694334272246442,6.593476748771999,7.161188560358459,9.176705360236893,10.101422468291736,10.908347278993274,11.980486536514043,6.424926029224779,13.303211142996823,9.418857920519738,8.214771159668256,8.28258694340294,9.581694634049583,10.621825189430298,10.423720298874859,10.705543837255233,8.368506546617848,6.938202560130444
2026-01-08 18:00:00,11.824549199685796,8.514915909248279,8.694334272246442,6.593476748771999,7.161188560358459,9.176705360236893,10.101422468291736,10.908347278993274,11.980486536514043,6.424926029224779,13.303211142996823,9.418857920519738,8.214771159668256,8.28258694340294,9.581694634049583,10.621825189430298,10.423720298874859,10.705543837255233,8.368506546617848,6.938202560130444
2026-01-08 19:00:00,11.824549199685796,8.514915909248279,8.694334272246442,6.593476748771999,7.161188560358459,9.176705360236893,10.101422468291736,10.908347278993274,0.0,6.424926029224779,0.0,9.418857920519738,8.214771159668256,8.28258694340294,9.581694634049583,10.621825189430298,10.423720298874859,10.705543837255233,8.368506546617848,6.938202560130444
2026-01-08 20:00:00,11.824549199685796,8.514915909248279,8.694334272246442,6.593476748771999,7.161188560358459,9.176705360236893,0.0,0.0,0.0,6.424926029224779,0.0,9.418857920519738,8.214771159668256,8.28258694340294,9.581694634049583,10.621825189430298,0.0,10.705543837255233,0.0,6.938202560130444
2026-01-08 21:00:00,0.0,8.514915909248279,0.0,6.593476748771999,0.0,0.0,0.0,0.0,0.0,6.424926029224779,0.0,9.418857920519738,8.214771159668256,8.28258694340294,9.581694634049583,10.621825189430298,0.0,10.705543837255233,0.0,0.0
2026-01-08 22:00:00,0.0,0.0,0.0,0.0,0.0,0.0,0.0,0.0,0.0,0.0,0.0,0.0,8.214771159668256,0.0,0.0,0.0,0.0,0.0,0.0,0.0
2026-01-08 23:00:00,0.0,0.0,0.0,0.0,0.0,0.0,0.0,0.0,0.0,0.0,0.0,0.0,0.0,0.0,0.0,0.0,0.0,0.0,0.0,0.0
2026-01-09 00:00:00,0.0,0.0,0.0,0.0,0.0,0.0,0.0,0.0,0.0,0.0,0.0,0.0,0.0,0.0,0.0,0.0,0.0,0.0,0.0,0.0
2026-01-09 01:00:00,0.0,0.0,0.0,0.0,0.0,0.0,0.0,0.0,0.0,0.0,0.0,0.0,0.0,0.0,0.0,0.0,0.0,0.0,0.0,0.0
2026-01-09 02:00:00,0.0,0.0,0.0,0.0,0.0,0.0,0.0,0.0,0.0,0.0,0.0,0.0,0.0,0.0,0.0,0.0,0.0,0.0,0.0,0.0
2026-01-09 03:00:00,0.0,0.0,0.0,0.0,0.0,0.0,0.0,0.0,0.0,0.0,0.0,0.0,0.0,0.0,0.0,0.0,0.0,0.0,0.0,0.0
2026-01-09 04:00:00,0.0,0.0,0.0,0.0,0.0,0.0,0.0,0.0,0.0,0.0,0.0,0.0,0.0,0.0,0.0,0.0,0.0,0.0,0.0,0.0
2026-01-09 05:00:00,0.0,0.0,0.0,0.0,0.0,0.0,0.0,0.0,0.0,0.0,0.0,0.0,0.0,0.0,0.0,0.0,0.0,0.0,0.0,0.0
2026-01-09 06:00:00,0.0,0.0,0.0,0.0,0.0,0.0,0.0,0.0,0.0,0.0,0.0,0.0,0.0,0.0,0.0,0.0,0.0,0.0,0.0,0.0
2026-01-09 07:00:00,0.0,11.267096000756869,0.0,0.0,0.0,0.0,11.605425632048483,0.0,0.0,0.0,0.0,0.0,0.0,0.0,7.678598994332037,0.0,0.0,11.900539803202678,0.0,0.0
2026-01-09 08:00:00,6.906779286838316,11.267096000756869,5.361694695462438,0.0,0.0,0.0,11.605425632048483,7.356488853248991,12.050481944096097,0.0,12.255487804195718,0.0,0.0,0.0,7.678598994332037,9.112920831864447,0.0,11.900539803202678,0.0,0.0
2026-01-09 09:00:00,6.906779286838316,11.267096000756869,5.361694695462438,0.0,0.0,10.790147471090737,11.605425632048483,7.356488853248991,12.050481944096097,10.81712256681978,12.255487804195718,9.634434022780873,9.161114671542443,0.0,7.678598994332037,9.112920831864447,12.601524926907343,11.900539803202678,0.0,10.071951120713747
2026-01-09 10:00:00,6.906779286838316,11.267096000756869,5.361694695462438,5.571521484993576,8.81547451528239,10.790147471090737,11.605425632048483,7.356488853248991,12.050481944096097,10.81712256681978,12.255487804195718,9.634434022780873,9.161114671542443,17.43332557532893,7.678598994332037,9.112920831864447,12.601524926907343,11.900539803202678,7.5126559200079,10.071951120713747
2026-01-09 11:00:00,6.906779286838316,11.267096000756869,5.361694695462438,5.571521484993576,8.81547451528239,10.790147471090737,11.605425632048483,7.356488853248991,12.050481944096097,10.81712256681978,12.255487804195718,9.634434022780873,9.161114671542443,17.43332557532893,7.678598994332037,9.112920831864447,12.601524926907343,11.900539803202678,7.5126559200079,10.071951120713747
2026-01-09 12:00:00,6.906779286838316,11.267096000756869,5.361694695462438,5.571521484993576,8.81547451528239,10.790147471090737,11.605425632048483,7.356488853248991,12.050481944096097,10.81712256681978,12.255487804195718,9.634434022780873,9.161114671542443,17.43332557532893,7.678598994332037,9.112920831864447,12.601524926907343,11.900539803202678,7.5126559200079,10.071951120713747
2026-01-09 13:00:00,6.906779286838316,11.267096000756869,5.361694695462438,5.571521484993576,8.81547451528239,10.790147471090737,11.605425632048483,7.356488853248991,12.050481944096097,10.81712256681978,12.255487804195718,9.634434022780873,9.161114671542443,17.43332557532893,7.678598994332037,9.112920831864447,12.601524926907343,11.900539803202678,7.5126559200079,10.071951120713747
2026-01-09 14:00:00,6.906779286838316,11.267096000756869,5.361694695462438,5.571521484993576,8.81547451528239,10.790147471090737,11.605425632048483,7.356488853248991,12.050481944096097,10.81712256681978,12.255487804195718,9.634434022780873,9.161114671542443,17.43332557532893,7.678598994332037,9.112920831864447,12.601524926907343,11.900539803202678,7.5126559200079,10.071951120713747
2026-01-09 15:00:00,6.906779286838316,11.267096000756869,5.361694695462438,5.571521484993576,8.81547451528239,10.790147471090737,11.605425632048483,7.356488853248991,12.050481944096097,10.81712256681978,12.255487804195718,9.634434022780873,9.161114671542443,17.43332557532893,7.678598994332037,9.112920831864447,12.601524926907343,11.900539803202678,7.5126559200079,10.071951120713747
2026-01-09 16:00:00,6.906779286838316,11.267096000756869,5.361694695462438,5.571521484993576,8.81547451528239,10.790147471090737,11.605425632048483,7.356488853248991,12.050481944096097,10.81712256681978,12.255487804195718,9.634434022780873,9.161114671542443,17.43332557532893,7.678598994332037,9.112920831864447,12.601524926907343,11.900539803202678,7.5126559200079,10.071951120713747
2026-01-09 17:00:00,6.906779286838316,11.267096000756869,5.361694695462438,5.571521484993576,8.81547451528239,10.790147471090737,11.605425632048483,7.356488853248991,12.050481944096097,10.81712256681978,12.255487804195718,9.634434022780873,9.161114671542443,17.43332557532893,7.678598994332037,9.112920831864447,12.601524926907343,11.900539803202678,7.5126559200079,10.071951120713747
2026-01-09 18:00:00,6.906779286838316,11.267096000756869,5.361694695462438,5.571521484993576,8.81547451528239,10.790147471090737,11.605425632048483,7.356488853248991,12.050481944096097,10.81712256681978,12.255487804195718,9.634434022780873,9.161114671542443,17.43332557532893,7.678598994332037,9.112920831864447,12.601524926907343,11.900539803202678,7.5126559200079,10.071951120713747
2026-01-09 19:00:00,6.906779286838316,11.267096000756869,5.361694695462438,5.571521484993576,8.81547451528239,10.790147471090737,11.605425632048483,7.356488853248991,12.050481944096097,10.81712256681978,12.255487804195718,9.634434022780873,9.161114671542443,0.0,7.678598994332037,9.112920831864447,12.601524926907343,11.900539803202678,7.5126559200079,10.071951120713747
2026-01-09 20:00:00,0.0,0.0,0.0,5.571521484993576,8.81547451528239,0.0,0.0,7.356488853248991,12.050481944096097,10.81712256681978,0.0,9.634434022780873,9.161114671542443,0.0,7.678598994332037,9.112920831864447,0.0,11.900539803202678,7.5126559200079,0.0
2026-01-09 21:00:00,0.0,0.0,0.0,5.571521484993576,8.81547451528239,0.0,0.0,7.356488853248991,0.0,10.81712256681978,0.0,9.634434022780873,9.161114671542443,0.0,0.0,0.0,0.0,0.0,0.0,0.0
2026-01-09 22:00:00,0.0,0.0,0.0,0.0,0.0,0.0,0.0,0.0,0.0,0.0,0.0,0.0,0.0,0.0,0.0,0.0,0.0,0.0,0.0,0.0
2026-01-09 23:00:00,0.0,0.0,0.0,0.0,0.0,0.0,0.0,0.0,0.0,0.0,0.0,0.0,0.0,0.0,0.0,0.0,0.0,0.0,0.0,0.0
2026-01-10 00:00:00,0.0,0.0,0.0,0.0,0.0,0.0,0.0,0.0,0.0,0.0,0.0,0.0,0.0,0.0,0.0,0.0,0.0,0.0,0.0,0.0
2026-01-10 01:00:00,0.0,0.0,0.0,0.0,0.0,0.0,0.0,0.0,0.0,0.0,0.0,0.0,0.0,0.0,0.0,0.0,0.0,0.0,0.0,0.0
2026-01-10 02:00:00,0.0,0.0,0.0,0.0,0.0,0.0,0.0,0.0,0.0,0.0,0.0,0.0,0.0,0.0,0.0,0.0,0.0,0.0,0.0,0.0
2026-01-10 03:00:00,0.0,0.0,0.0,0.0,0.0,0.0,0.0,0.0,0.0,0.0,0.0,0.0,0.0,0.0,0.0,0.0,0.0,0.0,0.0,0.0
2026-01-10 04:00:00,0.0,0.0,0.0,0.0,0.0,0.0,0.0,0.0,0.0,0.0,0.0,0.0,0.0,0.0,0.0,0.0,0.0,0.0,0.0,0.0
2026-01-10 05:00:00,0.0,0.0,0.0,0.0,0.0,0.0,0.0,0.0,0.0,0.0,0.0,0.0,0.0,0.0,0.0,0.0,0.0,0.0,0.0,0.0
2026-01-10 06:00:00,0.0,0.0,0.0,0.0,0.0,0.0,0.0,0.0,0.0,0.0,0.0,0.0,0.0,0.0,0.0,0.0,0.0,0.0,0.0,0.0
2026-01-10 07:00:00,0.0,0.0,0.0,0.0,0.0,0.0,0.0,0.0,0.0,0.0,0.0,0.0,0.0,0.0,0.0,0.0,0.0,6.379844107471457,0.0,3.677693448178314
2026-01-10 08:00:00,0.0,6.898398161750048,0.0,0.0,4.649359512491983,0.0,0.0,0.0,0.0,6.410508054170144,0.0,0.0,0.0,0.0,0.0,0.0,8.284238223770979,6.379844107471457,0.0,3.677693448178314
2026-01-10 09:00:00,0.0,6.898398161750048,6.033883637963964,8.249919343252756,4.649359512491983,0.0,5.0030190638697745,0.0,4.9322928551230385,6.410508054170144,7.135040091114835,7.1383414106283505,0.0,3.9395640505839027,0.0,0.0,8.284238223770979,6.379844107471457,4.3035962957911496,3.677693448178314
2026-01-10 10:00:00,3.3500102807541627,6.898398161750048,6.033883637963964,8.249919343252756,4.649359512491983,4.385150201507697,5.0030190638697745,8.708120791382168,4.9322928551230385,6.410508054170144,7.135040091114835,7.1383414106283505,7.559098429896087,3.9395640505839027,3.1113526446730417,5.0756350053575865,8.284238223770979,6.379844107471457,4.3035962957911496,3.677693448178314
2026-01-10 11:00:00,3.3500102807541627,6.898398161750048,6.033883637963964,8.249919343252756,4.649359512491983,4.385150201507697,5.0030190638697745,8.708120791382168,4.9322928551230385,6.410508054170144,7.135040091114835,7.1383414106283505,7.559098429896087,3.9395640505839027,3.1113526446730417,5.0756350053575865,8.284238223770979,6.379844107471457,4.3035962957911496,3.677693448178314
2026-01-10 12:00:00,3.3500102807541627,6.898398161750048,6.033883637963964,8.249919343252756,4.649359512491983,4.385150201507697,5.0030190638697745,8.708120791382168,4.9322928551230385,6.410508054170144,7.135040091114835,7.1383414106283505,7.559098429896087,3.9395640505839027,3.1113526446730417,5.0756350053575865,8.284238223770979,6.379844107471457,4.3035962957911496,3.677693448178314
2026-01-10 13:00:00,3.3500102807541627,6.898398161750048,6.033883637963964,8.249919343252756,4.649359512491983,4.385150201507697,5.0030190638697745,8.708120791382168,4.9322928551230385,6.410508054170144,7.135040091114835,7.1383414106283505,7.559098429896087,3.9395640505839027,3.1113526446730417,5.0756350053575865,8.284238223770979,6.379844107471457,4.3035962957911496,3.677693448178314
2026-01-10 14:00:00,3.3500102807541627,6.898398161750048,6.033883637963964,8.249919343252756,4.649359512491983,4.385150201507697,5.0030190638697745,8.708120791382168,4.9322928551230385,6.410508054170144,7.135040091114835,7.1383414106283505,7.559098429896087,3.9395640505839027,3.1113526446730417,5.0756350053575865,8.284238223770979,6.379844107471457,4.3035962957911496,3.677693448178314
2026-01-10 15:00:00,3.3500102807541627,6.898398161750048,6.033883637963964,8.249919343252756,4.649359512491983,4.385150201507697,5.0030190638697745,8.708120791382168,4.9322928551230385,6.410508054170144,7.135040091114835,7.1383414106283505,7.559098429896087,3.9395640505839027,3.1113526446730417,5.0756350053575865,8.284238223770979,6.379844107471457,4.3035962957911496,3.677693448178314
2026-01-10 16:00:00,3.3500102807541627,6.898398161750048,6.033883637963964,8.249919343252756,4.649359512491983,4.385150201507697,5.0030190638697745,8.708120791382168,4.9322928551230385,6.410508054170144,7.135040091114835,7.1383414106283505,7.559098429896087,3.9395640505839027,3.1113526446730417,5.0756350053575865,8.284238223770979,6.379844107471457,4.3035962957911496,3.677693448178314
2026-01-10 17:00:00,3.3500102807541627,6.898398161750048,6.033883637963964,8.249919343252756,4.649359512491983,4.385150201507697,5.0030190638697745,8.708120791382168,4.9322928551230385,6.410508054170144,7.135040091114835,7.1383414106283505,7.559098429896087,3.9395640505839027,3.1113526446730417,5.0756350053575865,8.284238223770979,6.379844107471457,4.3035962957911496,3.677693448178314
2026-01-10 18:00:00,3.3500102807541627,6.898398161750048,6.033883637963964,8.249919343252756,4.649359512491983,4.385150201507697,5.0030190638697745,8.708120791382168,4.9322928551230385,6.410508054170144,7.135040091114835,7.1383414106283505,7.559098429896087,3.9395640505839027,3.1113526446730417,5.0756350053575865,8.284238223770979,6.379844107471457,4.3035962957911496,3.677693448178314
2026-01-10 19:00:00,3.3500102807541627,6.898398161750048,6.033883637963964,0.0,4.649359512491983,4.385150201507697,5.0030190638697745,8.708120791382168,4.9322928551230385,6.410508054170144,7.135040091114835,7.1383414106283505,7.559098429896087,3.9395640505839027,3.1113526446730417,5.0756350053575865,8.284238223770979,6.379844107471457,4.3035962957911496,3.677693448178314
2026-01-10 20:00:00,3.3500102807541627,6.898398161750048,6.033883637963964,0.0,0.0,4.385150201507697,5.0030190638697745,0.0,4.9322928551230385,6.410508054170144,7.135040091114835,7.1383414106283505,7.559098429896087,3.9395640505839027,3.1113526446730417,5.0756350053575865,8.284238223770979,6.379844107471457,4.3035962957911496,3.677693448178314
2026-01-10 21:00:00,3.3500102807541627,0.0,0.0,0.0,0.0,4.385150201507697,0.0,0.0,0.0,6.410508054170144,7.135040091114835,7.1383414106283505,7.559098429896087,3.9395640505839027,0.0,5.0756350053575865,0.0,6.379844107471457,0.0,3.677693448178314
2026-01-10 22:00:00,3.3500102807541627,0.0,0.0,0.0,0.0,0.0,0.0,0.0,0.0,0.0,0.0,7.1383414106283505,0.0,0.0,0.0,5.0756350053575865,0.0,0.0,0.0,3.677693448178314
2026-01-10 23:00:00,0.0,0.0,0.0,0.0,0.0,0.0,0.0,0.0,0.0,0.0,0.0,0.0,0.0,0.0,0.0,0.0,0.0,0.0,0.0,0.0
2026-01-11 00:00:00,0.0,0.0,0.0,0.0,0.0,0.0,0.0,0.0,0.0,0.0,0.0,0.0,0.0,0.0,0.0,0.0,0.0,0.0,0.0,0.0
2026-01-11 01:00:00,0.0,0.0,0.0,0.0,0.0,0.0,0.0,0.0,0.0,0.0,0.0,0.0,0.0,0.0,0.0,0.0,0.0,0.0,0.0,0.0
2026-01-11 02:00:00,0.0,0.0,0.0,0.0,0.0,0.0,0.0,0.0,0.0,0.0,0.0,0.0,0.0,0.0,0.0,0.0,0.0,0.0,0.0,0.0
2026-01-11 03:00:00,0.0,0.0,0.0,0.0,0.0,0.0,0.0,0.0,0.0,0.0,0.0,0.0,0.0,0.0,0.0,0.0,0.0,0.0,0.0,0.0
2026-01-11 04:00:00,0.0,0.0,0.0,0.0,0.0,0.0,0.0,0.0,0.0,0.0,0.0,0.0,0.0,0.0,0.0,0.0,0.0,0.0,0.0,0.0
2026-01-11 05:00:00,0.0,0.0,0.0,0.0,0.0,0.0,0.0,0.0,0.0,0.0,0.0,0.0,0.0,0.0,0.0,0.0,0.0,0.0,0.0,0.0
2026-01-11 06:00:00,0.0,0.0,0.0,0.0,0.0,0.0,0.0,0.0,0.0,0.0,0.0,0.0,0.0,0.0,0.0,0.0,0.0,0.0,0.0,0.0
2026-01-11 07:00:00,0.0,0.0,0.0,0.0,0.0,0.0,0.0,0.0,0.0,0.0,0.0,0.0,0.0,0.0,0.0,0.0,0.0,0.0,0.0,0.0
2026-01-11 08:00:00,3.7945933341364757,0.0,0.0,4.0975652680148205,8.129325204947667,0.0,0.0,0.0,0.0,0.0,0.0,0.0,0.0,0.0,6.430451964547645,0.0,0.0,0.0,0.0,0.0
2026-01-11 09:00:00,3.7945933341364757,3.9880488047290426,0.0,4.0975652680148205,8.129325204947667,0.0,0.0,2.6864520602087434,0.0,0.0,8.137493383327131,0.0,5.031565520359181,0.0,6.430451964547645,4.550507858762443,4.499143947984682,0.0,0.0,3.292866522260529
2026-01-11 10:00:00,3.7945933341364757,3.9880488047290426,11.935648044629163,4.0975652680148205,8.129325204947667,0.0,7.0552822484416815,2.6864520602087434,0.0,5.5705738716290245,8.137493383327131,0.0,5.031565520359181,2.608695652173913,6.430451964547645,4.550507858762443,4.499143947984682,0.0,4.8903481763921,3.292866522260529
2026-01-11 11:00:00,3.7945933341364757,3.9880488047290426,11.935648044629163,4.0975652680148205,8.129325204947667,9.616780757779484,7.0552822484416815,2.6864520602087434,4.227302958078531,5.5705738716290245,8.137493383327131,5.981684781661892,5.031565520359181,2.608695652173913,6.430451964547645,4.550507858762443,4.499143947984682,3.7256110649973064,4.8903481763921,3.292866522260529
2026-01-11 12:00:00,3.7945933341364757,3.9880488047290426,11.935648044629163,4.0975652680148205,8.129325204947667,9.616780757779484,7.0552822484416815,2.6864520602087434,4.227302958078531,5.5705738716290245,8.137493383327131,5.981684781661892,5.031565520359181,2.608695652173913,6.430451964547645,4.550507858762443,4.499143947984682,3.7256110649973064,4.8903481763921,3.292866522260529
2026-01-11 13:00:00,3.7945933341364757,3.9880488047290426,11.935648044629163,4.0975652680148205,8.129325204947667,9.616780757779484,7.0552822484416815,2.6864520602087434,4.227302958078531,5.5705738716290245,8.137493383327131,5.981684781661892,5.031565520359181,2.608695652173913,6.430451964547645,4.550507858762443,4.499143947984682,3.7256110649973064,4.8903481763921,3.292866522260529
2026-01-11 14:00:00,3.7945933341364757,3.9880488047290426,11.935648044629163,4.0975652680148205,8.129325204947667,9.616780757779484,7.0552822484416815,2.6864520602087434,4.227302958078531,5.5705738716290245,8.137493383327131,5.981684781661892,5.031565520359181,2.608695652173913,6.430451964547645,4.550507858762443,4.499143947984682,3.7256110649973064,4.8903481763921,3.292866522260529
2026-01-11 15:00:00,3.7945933341364757,3.9880488047290426,11.935648044629163,4.0975652680148205,8.129325204947667,9.616780757779484,7.0552822484416815,2.6864520602087434,4.227302958078531,5.5705738716290245,8.137493383327131,5.981684781661892,5.031565520359181,2.608695652173913,6.430451964547645,4.550507858762443,4.499143947984682,3.7256110649973064,4.8903481763921,3.292866522260529
2026-01-11 16:00:00,3.7945933341364757,3.9880488047290426,11.935648044629163,4.0975652680148205,8.129325204947667,9.616780757779484,7.0552822484416815,2.6864520602087434,4.227302958078531,5.5705738716290245,8.137493383327131,5.981684781661892,5.031565520359181,2.608695652173913,6.430451964547645,4.550507858762443,4.499143947984682,3.7256110649973064,4.8903481763921,3.292866522260529
2026-01-11 17:00:00,3.7945933341364757,3.9880488047290426,11.935648044629163,4.0975652680148205,8.129325204947667,9.616780757779484,7.0552822484416815,2.6864520602087434,4.227302958078531,5.5705738716290245,8.137493383327131,5.981684781661892,5.031565520359181,2.608695652173913,6.430451964547645,4.550507858762443,4.499143947984682,3.7256110649973064,4.8903481763921,3.292866522260529
2026-01-11 18:00:00,3.7945933341364757,3.9880488047290426,11.935648044629163,4.0975652680148205,8.129325204947667,9.616780757779484,7.0552822484416815,2.6864520602087434,4.227302958078531,5.5705738716290245,8.137493383327131,5.981684781661892,5.031565520359181,2.608695652173913,6.430451964547645,4.550507858762443,4.499143947984682,3.7256110649973064,4.8903481763921,3.292866522260529
2026-01-11 19:00:00,3.7945933341364757,3.9880488047290426,11.935648044629163,4.0975652680148205,8.129325204947667,9.616780757779484,7.0552822484416815,2.6864520602087434,4.227302958078531,0.0,8.137493383327131,5.981684781661892,5.031565520359181,2.608695652173913,6.430451964547645,4.550507858762443,4.499143947984682,3.7256110649973064,4.8903481763921,3.292866522260529
2026-01-11 20:00:00,3.7945933341364757,0.0,0.0,4.0975652680148205,8.129325204947667,9.616780757779484,7.0552822484416815,0.0,4.227302958078531,0.0,8.137493383327131,0.0,5.031565520359181,2.608695652173913,6.430451964547645,4.550507858762443,4.499143947984682,3.7256110649973064,4.8903481763921,3.292866522260529
2026-01-11 21:00:00,3.7945933341364757,0.0,0.0,4.0975652680148205,8.129325204947667,0.0,7.0552822484416815,0.0,4.227302958078531,0.0,8.137493383327131,0.0,0.0,0.0,6.430451964547645,4.550507858762443,0.0,3.7256110649973064,4.8903481763921,3.292866522260529
2026-01-11 22:00:00,0.0,0.0,0.0,0.0,8.129325204947667,0.0,7.0552822484416815,0.0,4.227302958078531,0.0,8.137493383327131,0.0,0.0,0.0,0.0,0.0,0.0,0.0,4.8903481763921,3.292866522260529
2026-01-11 23:00:00,0.0,0.0,0.0,0.0,0.0,0.0,0.0,0.0,0.0,0.0,0.0,0.0,0.0,0.0,0.0,0.0,0.0,0.0,0.0,0.0
2026-01-12 00:00:00,0.0,0.0,0.0,0.0,0.0,0.0,0.0,0.0,0.0,0.0,0.0,0.0,0.0,0.0,0.0,0.0,0.0,0.0,0.0,0.0
2026-01-12 01:00:00,0.0,0.0,0.0,0.0,0.0,0.0,0.0,0.0,0.0,0.0,0.0,0.0,0.0,0.0,0.0,0.0,0.0,0.0,0.0,0.0
2026-01-12 02:00:00,0.0,0.0,0.0,0.0,0.0,0.0,0.0,0.0,0.0,0.0,0.0,0.0,0.0,0.0,0.0,0.0,0.0,0.0,0.0,0.0
2026-01-12 03:00:00,0.0,0.0,0.0,0.0,0.0,0.0,0.0,0.0,0.0,0.0,0.0,0.0,0.0,0.0,0.0,0.0,0.0,0.0,0.0,0.0
2026-01-12 04:00:00,0.0,0.0,0.0,0.0,0.0,0.0,0.0,0.0,0.0,0.0,0.0,0.0,0.0,0.0,0.0,0.0,0.0,0.0,0.0,0.0
2026-01-12 05:00:00,0.0,0.0,0.0,0.0,0.0,0.0,0.0,0.0,0.0,0.0,0.0,0.0,0.0,0.0,0.0,0.0,0.0,0.0,0.0,0.0
2026-01-12 06:00:00,0.0,0.0,0.0,0.0,0.0,0.0,0.0,0.0,0.0,0.0,0.0,0.0,0.0,0.0,0.0,0.0,0.0,0.0,0.0,0.0
2026-01-12 07:00:00,0.0,0.0,0.0,11.265030236619594,0.0,0.0,0.0,0.0,0.0,0.0,0.0,0.0,7.781331278971173,0.0,0.0,0.0,0.0,0.0,0.0,0.0
2026-01-12 08:00:00,6.934601776435627,0.0,0.0,11.265030236619594,0.0,0.0,0.0,10.626898224179973,6.251214380495501,7.712158071768391,0.0,0.0,7.781331278971173,0.0,9.223307424493857,11.49083557029969,0.0,0.0,0.0,0.0
2026-01-12 09:00:00,6.934601776435627,9.278840893730173,10.507440686214904,11.265030236619594,0.0,9.64091017152483,11.58564400545554,10.626898224179973,6.251214380495501,7.712158071768391,8.841897584104936,11.438079332523593,7.781331278971173,11.928525787340623,9.223307424493857,11.49083557029969,0.0,7.625866040040085,7.510567463977148,12.326692627957309
2026-01-12 10:00:00,6.934601776435627,9.278840893730173,10.507440686214904,11.265030236619594,13.723519769868563,9.64091017152483,11.58564400545554,10.626898224179973,6.251214380495501,7.712158071768391,8.841897584104936,11.438079332523593,7.781331278971173,11.928525787340623,9.223307424493857,11.49083557029969,14.983041182193604,7.625866040040085,7.510567463977148,12.326692627957309
2026-01-12 11:00:00,6.934601776435627,9.278840893730173,10.507440686214904,11.265030236619594,13.723519769868563,9.64091017152483,11.58564400545554,10.626898224179973,6.251214380495501,7.712158071768391,8.841897584104936,11.438079332523593,7.781331278971173,11.928525787340623,9.223307424493857,11.49083557029969,14.983041182193604,7.625866040040085,7.510567463977148,12.326692627957309
2026-01-12 12:00:00,6.934601776435627,9.278840893730173,10.507440686214904,11.265030236619594,13.723519769868563,9.64091017152483,11.58564400545554,10.626898224179973,6.251214380495501,7.712158071768391,8.841897584104936,11.438079332523593,7.781331278971173,11.928525787340623,9.223307424493857,11.49083557029969,14.983041182193604,7.625866040040085,7.510567463977148,12.326692627957309
2026-01-12 13:00:00,6.934601776435627,9.278840893730173,10.507440686214904,11.265030236619594,13.723519769868563,9.64091017152483,11.58564400545554,10.626898224179973,6.251214380495501,7.712158071768391,8.841897584104936,11.438079332523593,7.781331278971173,11.928525787340623,9.223307424493857,11.49083557029969,14.983041182193604,7.625866040040085,7.510567463977148,12.326692627957309
2026-01-12 14:00:00,6.934601776435627,9.278840893730173,10.507440686214904,11.265030236619594,13.723519769868563,9.64091017152483,11.58564400545554,10.626898224179973,6.251214380495501,7.712158071768391,8.841897584104936,11.438079332523593,7.781331278971173,11.928525787340623,9.223307424493857,11.49083557029969,14.983041182193604,7.625866040040085,7.510567463977148,12.326692627957309
2026-01-12 15:00:00,6.934601776435627,9.278840893730173,10.507440686214904,11.265030236619594,13.723519769868563,9.64091017152483,11.58564400545554,10.626898224179973,6.251214380495501,7.712158071768391,8.841897584104936,11.438079332523593,7.781331278971173,11.928525787340623,9.223307424493857,11.49083557029969,14.983041182193604,7.625866040040085,7.510567463977148,12.326692627957309
2026-01-12 16:00:00,6.934601776435627,9.278840893730173,10.507440686214904,11.265030236619594,13.723519769868563,9.64091017152483,11.58564400545554,10.626898224179973,6.251214380495501,7.712158071768391,8.841897584104936,11.438079332523593,7.781331278971173,11.928525787340623,9.223307424493857,11.49083557029969,14.983041182193604,7.625866040040085,7.510567463977148,12.326692627957309
2026-01-12 17:00:00,6.934601776435627,9.278840893730173,10.507440686214904,11.265030236619594,13.723519769868563,9.64091017152483,11.58564400545554,10.626898224179973,6.251214380495501,7.712158071768391,8.841897584104936,11.438079332523593,7.781331278971173,11.928525787340623,9.223307424493857,11.49083557029969,14.983041182193604,7.625866040040085,7.510567463977148,12.326692627957309
2026-01-12 18:00:00,6.934601776435627,9.278840893730173,10.507440686214904,11.265030236619594,13.723519769868563,9.64091017152483,11.58564400545554,10.626898224179973,6.251214380495501,7.712158071768391,8.841897584104936,11.438079332523593,7.781331278971173,11.928525787340623,9.223307424493857,11.49083557029969,14.983041182193604,7.625866040040085,7.510567463977148,12.326692627957309
2026-01-12 19:00:00,6.934601776435627,0.0,0.0,11.265030236619594,13.723519769868563,9.64091017152483,11.58564400545554,10.626898224179973,6.251214380495501,7.712158071768391,0.0,11.438079332523593,7.781331278971173,11.928525787340623,9.223307424493857,11.49083557029969,0.0,7.625866040040085,7.510567463977148,12.326692627957309
2026-01-12 20:00:00,6.934601776435627,0.0,0.0,0.0,0.0,9.64091017152483,11.58564400545554,0.0,6.251214380495501,7.712158071768391,0.0,11.438079332523593,7.781331278971173,0.0,9.223307424493857,11.49083557029969,0.0,7.625866040040085,0.0,12.326692627957309
2026-01-12 21:00:00,6.934601776435627,0.0,0.0,0.0,0.0,0.0,0.0,0.0,6.251214380495501,7.712158071768391,0.0,0.0,7.781331278971173,0.0,0.0,0.0,0.0,7.625866040040085,0.0,0.0
2026-01-12 22:00:00,6.934601776435627,0.0,0.0,0.0,0.0,0.0,0.0,0.0,0.0,0.0,0.0,0.0,0.0,0.0,0.0,0.0,0.0,7.625866040040085,0.0,0.0
2026-01-12 23:00:00,0.0,0.0,0.0,0.0,0.0,0.0,0.0,0.0,0.0,0.0,0.0,0.0,0.0,0.0,0.0,0.0,0.0,0.0,0.0,0.0
2026-01-13 00:00:00,0.0,0.0,0.0,0.0,0.0,0.0,0.0,0.0,0.0,0.0,0.0,0.0,0.0,0.0,0.0,0.0,0.0,0.0,0.0,0.0
2026-01-13 01:00:00,0.0,0.0,0.0,0.0,0.0,0.0,0.0,0.0,0.0,0.0,0.0,0.0,0.0,0.0,0.0,0.0,0.0,0.0,0.0,0.0
2026-01-13 02:00:00,0.0,0.0,0.0,0.0,0.0,0.0,0.0,0.0,0.0,0.0,0.0,0.0,0.0,0.0,0.0,0.0,0.0,0.0,0.0,0.0
2026-01-13 03:00:00,0.0,0.0,0.0,0.0,0.0,0.0,0.0,0.0,0.0,0.0,0.0,0.0,0.0,0.0,0.0,0.0,0.0,0.0,0.0,0.0
2026-01-13 04:00:00,0.0,0.0,0.0,0.0,0.0,0.0,0.0,0.0,0.0,0.0,0.0,0.0,0.0,0.0,0.0,0.0,0.0,0.0,0.0,0.0
2026-01-13 05:00:00,0.0,0.0,0.0,0.0,0.0,0.0,0.0,0.0,0.0,0.0,0.0,0.0,0.0,0.0,0.0,0.0,0.0,0.0,0.0,0.0
2026-01-13 06:00:00,0.0,0.0,0.0,0.0,0.0,0.0,0.0,0.0,0.0,0.0,0.0,0.0,0.0,0.0,0.0,0.0,0.0,0.0,0.0,0.0
2026-01-13 07:00:00,0.0,9.586730017555185,0.0,0.0,0.0,9.107789903225916,0.0,0.0,8.880093487709841,0.0,10.877838082910483,0.0,0.0,0.0,0.0,0.0,0.0,0.0,8.214119982222634,0.0
2026-01-13 08:00:00,0.0,9.586730017555185,0.0,8.680400179189844,0.0,9.107789903225916,0.0,12.515287296329268,8.880093487709841,0.0,10.877838082910483,0.0,8.479630438754342,0.0,0.0,0.0,7.096849623520015,0.0,8.214119982222634,0.0
2026-01-13 09:00:00,11.839009935273682,9.586730017555185,7.440041648516813,8.680400179189844,0.0,9.107789903225916,8.220205334599022,12.515287296329268,8.880093487709841,0.0,10.877838082910483,8.83024730211461,8.479630438754342,10.782608941539369,10.5126138534154,12.655557093621958,7.096849623520015,10.798682951335062,8.214119982222634,12.390763779229669
2026-01-13 10:00:00,11.839009935273682,9.586730017555185,7.440041648516813,8.680400179189844,12.379796215475091,9.107789903225916,8.220205334599022,12.515287296329268,8.880093487709841,0.0,10.877838082910483,8.83024730211461,8.479630438754342,10.782608941539369,10.5126138534154,12.655557093621958,7.096849623520015,10.798682951335062,8.214119982222634,12.390763779229669
2026-01-13 11:00:00,11.839009935273682,9.586730017555185,7.440041648516813,8.680400179189844,12.379796215475091,9.107789903225916,8.220205334599022,12.515287296329268,8.880093487709841,10.161683909295602,10.877838082910483,8.83024730211461,8.479630438754342,10.782608941539369,10.5126138534154,12.655557093621958,7.096849623520015,10.798682951335062,8.214119982222634,12.390763779229669
2026-01-13 12:00:00,11.839009935273682,9.586730017555185,7.440041648516813,8.680400179189844,12.379796215475091,9.107789903225916,8.220205334599022,12.515287296329268,8.880093487709841,10.161683909295602,10.877838082910483,8.83024730211461,8.479630438754342,10.782608941539369,10.5126138534154,12.655557093621958,7.096849623520015,10.798682951335062,8.214119982222634,12.390763779229669
2026-01-13 13:00:00,11.839009935273682,9.586730017555185,7.440041648516813,8.680400179189844,12.379796215475091,9.107789903225916,8.220205334599022,12.515287296329268,8.880093487709841,10.161683909295602,10.877838082910483,8.83024730211461,8.479630438754342,10.782608941539369,10.5126138534154,12.655557093621958,7.096849623520015,10.798682951335062,8.214119982222634,12.390763779229669
2026-01-13 14:00:00,11.839009935273682,9.586730017555185,7.440041648516813,8.680400179189844,12.379796215475091,9.107789903225916,8.220205334599022,12.515287296329268,8.880093487709841,10.161683909295602,10.877838082910483,8.83024730211461,8.479630438754342,10.782608941539369,10.5126138534154,12.655557093621958,7.096849623520015,10.798682951335062,8.214119982222634,12.390763779229669
2026-01-13 15:00:00,11.839009935273682,9.586730017555185,7.440041648516813,8.680400179189844,12.379796215475091,9.107789903225916,8.220205334599022,12.515287296329268,8.880093487709841,10.161683909295602,10.877838082910483,8.83024730211461,8.479630438754342,10.782608941539369,10.5126138534154,12.655557093621958,7.096849623520015,10.798682951335062,8.214119982222634,12.390763779229669
2026-01-13 16:00:00,11.839009935273682,9.586730017555185,7.440041648516813,8.680400179189844,12.379796215475091,9.107789903225916,8.220205334599022,12.515287296329268,8.880093487709841,10.161683909295602,10.877838082910483,8.83024730211461,8.479630438754342,10.782608941539369,10.5126138534154,12.655557093621958,7.096849623520015,10.798682951335062,8.214119982222634,12.390763779229669
2026-01-13 17:00:00,11.839009935273682,9.586730017555185,7.440041648516813,8.680400179189844,12.379796215475091,9.107789903225916,8.220205334599022,12.515287296329268,8.880093487709841,10.161683909295602,10.877838082910483,8.83024730211461,8.479630438754342,10.782608941539369,10.5126138534154,12.655557093621958,7.096849623520015,10.798682951335062,8.214119982222634,12.390763779229669
2026-01-13 18:00:00,11.839009935273682,9.586730017555185,7.440041648516813,8.680400179189844,12.379796215475091,9.107789903225916,8.220205334599022,12.515287296329268,8.880093487709841,10.161683909295602,10.877838082910483,8.83024730211461,8.479630438754342,10.782608941539369,10.5126138534154,12.655557093621958,7.096849623520015,10.798682951335062,8.214119982222634,12.390763779229669
2026-01-13 19:00:00,11.839009935273682,9.586730017555185,7.440041648516813,8.680400179189844,12.379796215475091,9.107789903225916,8.220205334599022,12.515287296329268,8.880093487709841,10.161683909295602,0.0,8.83024730211461,8.479630438754342,10.782608941539369,10.5126138534154,12.655557093621958,7.096849623520015,10.798682951335062,8.214119982222634,12.390763779229669
2026-01-13 20:00:00,0.0,9.586730017555185,7.440041648516813,8.680400179189844,0.0,9.107789903225916,8.220205334599022,0.0,8.880093487709841,10.161683909295602,0.0,8.83024730211461,8.479630438754342,0.0,10.5126138534154,12.655557093621958,0.0,10.798682951335062,0.0,0.0
2026-01-13 21:00:00,0.0,0.0,0.0,8.680400179189844,0.0,0.0,8.220205334599022,0.0,0.0,0.0,0.0,8.83024730211461,0.0,0.0,0.0,0.0,0.0,0.0,0.0,0.0
2026-01-13 22:00:00,0.0,0.0,0.0,0.0,0.0,0.0,0.0,0.0,0.0,0.0,0.0,0.0,0.0,0.0,0.0,0.0,0.0,0.0,0.0,0.0
2026-01-13 23:00:00,0.0,0.0,0.0,0.0,0.0,0.0,0.0,0.0,0.0,0.0,0.0,0.0,0.0,0.0,0.0,0.0,0.0,0.0,0.0,0.0
2026-01-14 00:00:00,0.0,0.0,0.0,0.0,0.0,0.0,0.0,0.0,0.0,0.0,0.0,0.0,0.0,0.0,0.0,0.0,0.0,0.0,0.0,0.0
2026-01-14 01:00:00,0.0,0.0,0.0,0.0,0.0,0.0,0.0,0.0,0.0,0.0,0.0,0.0,0.0,0.0,0.0,0.0,0.0,0.0,0.0,0.0
2026-01-14 02:00:00,0.0,0.0,0.0,0.0,0.0,0.0,0.0,0.0,0.0,0.0,0.0,0.0,0.0,0.0,0.0,0.0,0.0,0.0,0.0,0.0
2026-01-14 03:00:00,0.0,0.0,0.0,0.0,0.0,0.0,0.0,0.0,0.0,0.0,0.0,0.0,0.0,0.0,0.0,0.0,0.0,0.0,0.0,0.0
2026-01-14 04:00:00,0.0,0.0,0.0,0.0,0.0,0.0,0.0,0.0,0.0,0.0,0.0,0.0,0.0,0.0,0.0,0.0,0.0,0.0,0.0,0.0
2026-01-14 05:00:00,0.0,0.0,0.0,0.0,0.0,0.0,0.0,0.0,0.0,0.0,0.0,0.0,0.0,0.0,0.0,0.0,0.0,0.0,0.0,0.0
2026-01-14 06:00:00,0.0,0.0,8.670994781459965,0.0,0.0,0.0,0.0,0.0,0.0,0.0,0.0,0.0,0.0,0.0,0.0,0.0,0.0,0.0,0.0,0.0
2026-01-14 07:00:00,0.0,0.0,8.670994781459965,0.0,0.0,0.0,0.0,0.0,0.0,0.0,0.0,0.0,0.0,0.0,0.0,0.0,0.0,0.0,0.0,0.0
2026-01-14 08:00:00,0.0,0.0,8.670994781459965,9.877374048880151,0.0,0.0,8.879696285830184,6.926187449095372,0.0,11.438884740471366,9.005133773098743,9.860417989788093,0.0,0.0,10.862514377238886,0.0,0.0,0.0,10.807533912903818,10.875882775487744
2026-01-14 09:00:00,11.868620601816609,0.0,8.670994781459965,9.877374048880151,12.19797171759131,12.433787004050995,8.879696285830184,6.926187449095372,0.0,11.438884740471366,9.005133773098743,9.860417989788093,0.0,10.555748642674144,10.862514377238886,0.0,0.0,0.0,10.807533912903818,10.875882775487744
2026-01-14 10:00:00,11.868620601816609,0.0,8.670994781459965,9.877374048880151,12.19797171759131,12.433787004050995,8.879696285830184,6.926187449095372,13.46258008847168,11.438884740471366,9.005133773098743,9.860417989788093,9.432342043648044,10.555748642674144,10.862514377238886,12.456853244167322,10.870248512418575,9.936669665926297,10.807533912903818,10.875882775487744
2026-01-14 11:00:00,11.868620601816609,15.741613344597614,8.670994781459965,9.877374048880151,12.19797171759131,12.433787004050995,8.879696285830184,6.926187449095372,13.46258008847168,11.438884740471366,9.005133773098743,9.860417989788093,9.432342043648044,10.555748642674144,10.862514377238886,12.456853244167322,10.870248512418575,9.936669665926297,10.807533912903818,10.875882775487744
2026-01-14 12:00:00,11.868620601816609,15.741613344597614,8.670994781459965,9.877374048880151,12.19797171759131,12.433787004050995,8.879696285830184,6.926187449095372,13.46258008847168,11.438884740471366,9.005133773098743,9.860417989788093,9.432342043648044,10.555748642674144,10.862514377238886,12.456853244167322,10.870248512418575,9.936669665926297,10.807533912903818,10.875882775487744
2026-01-14 13:00:00,11.868620601816609,15.741613344597614,8.670994781459965,9.877374048880151,12.19797171759131,12.433787004050995,8.879696285830184,6.926187449095372,13.46258008847168,11.438884740471366,9.005133773098743,9.860417989788093,9.432342043648044,10.555748642674144,10.862514377238886,12.456853244167322,10.870248512418575,9.936669665926297,10.807533912903818,10.875882775487744
2026-01-14 14:00:00,11.868620601816609,15.741613344597614,8.670994781459965,9.877374048880151,12.19797171759131,12.433787004050995,8.879696285830184,6.926187449095372,13.46258008847168,11.438884740471366,9.005133773098743,9.860417989788093,9.432342043648044,10.555748642674144,10.862514377238886,12.456853244167322,10.870248512418575,9.936669665926297,10.807533912903818,10.875882775487744
2026-01-14 15:00:00,11.868620601816609,15.741613344597614,8.670994781459965,9.877374048880151,12.19797171759131,12.433787004050995,8.879696285830184,6.926187449095372,13.46258008847168,11.438884740471366,9.005133773098743,9.860417989788093,9.432342043648044,10.555748642674144,10.862514377238886,12.456853244167322,10.870248512418575,9.936669665926297,10.807533912903818,10.875882775487744
2026-01-14 16:00:00,11.868620601816609,15.741613344597614,8.670994781459965,9.877374048880151,12.19797171759131,12.433787004050995,8.879696285830184,6.926187449095372,13.46258008847168,11.438884740471366,9.005133773098743,9.860417989788093,9.432342043648044,10.555748642674144,10.862514377238886,12.456853244167322,10.870248512418575,9.936669665926297,10.807533912903818,10.875882775487744
2026-01-14 17:00:00,11.868620601816609,15.741613344597614,8.670994781459965,9.877374048880151,12.19797171759131,12.433787004050995,8.879696285830184,6.926187449095372,13.46258008847168,11.438884740471366,9.005133773098743,9.860417989788093,9.432342043648044,10.555748642674144,10.862514377238886,12.456853244167322,10.870248512418575,9.936669665926297,10.807533912903818,10.875882775487744
2026-01-14 18:00:00,11.868620601816609,15.741613344597614,8.670994781459965,9.877374048880151,12.19797171759131,12.433787004050995,8.879696285830184,6.926187449095372,13.46258008847168,11.438884740471366,9.005133773098743,9.860417989788093,9.432342043648044,10.555748642674144,10.862514377238886,12.456853244167322,10.870248512418575,9.936669665926297,10.807533912903818,10.875882775487744
2026-01-14 19:00:00,11.868620601816609,15.741613344597614,8.670994781459965,9.877374048880151,0.0,12.433787004050995,8.879696285830184,0.0,13.46258008847168,11.438884740471366,9.005133773098743,9.860417989788093,9.432342043648044,10.555748642674144,10.862514377238886,12.456853244167322,10.870248512418575,9.936669665926297,10.807533912903818,10.875882775487744
2026-01-14 20:00:00,11.868620601816609,0.0,8.670994781459965,9.877374048880151,0.0,12.433787004050995,8.879696285830184,0.0,13.46258008847168,0.0,0.0,9.860417989788093,9.432342043648044,10.555748642674144,10.862514377238886,12.456853244167322,0.0,9.936669665926297,10.807533912903818,10.875882775487744
2026-01-14 21:00:00,0.0,0.0,0.0,0.0,0.0,12.433787004050995,8.879696285830184,0.0,0.0,0.0,0.0,0.0,9.432342043648044,10.555748642674144,10.862514377238886,0.0,0.0,9.936669665926297,0.0,0.0
2026-01-14 22:00:00,0.0,0.0,0.0,0.0,0.0,12.433787004050995,0.0,0.0,0.0,0.0,0.0,0.0,0.0,0.0,0.0,0.0,0.0,0.0,0.0,0.0
2026-01-14 23:00:00,0.0,0.0,0.0,0.0,0.0,0.0,0.0,0.0,0.0,0.0,0.0,0.0,0.0,0.0,0.0,0.0,0.0,0.0,0.0,0.0
